transition_id,opportunity_id,sales_agent,from_stage,to_stage,changed_at,days_in_previous_stage
ST-000001,1C1I7A6R,Moses Frase,Prospecting,Engaging,2016-10-20,23
ST-000002,1C1I7A6R,Moses Frase,Engaging,Won,2017-03-01,132
ST-000003,Z063OYW0,Darcel Schlecht,Prospecting,Engaging,2016-10-25,6
ST-000004,Z063OYW0,Darcel Schlecht,Engaging,Won,2017-03-11,137
ST-000005,EC4QE1BX,Darcel Schlecht,Prospecting,Engaging,2016-10-25,3
ST-000006,EC4QE1BX,Darcel Schlecht,Engaging,Won,2017-03-07,133
ST-000007,MV1LWRNH,Moses Frase,Prospecting,Engaging,2016-10-25,26
ST-000008,MV1LWRNH,Moses Frase,Engaging,Won,2017-03-09,135
ST-000009,PE84CX4O,Zane Levy,Prospecting,Engaging,2016-10-25,11
ST-000010,PE84CX4O,Zane Levy,Engaging,Won,2017-03-02,128
ST-000011,ZNBS69V1,Anna Snelling,Prospecting,Engaging,2016-10-29,10
ST-000012,ZNBS69V1,Anna Snelling,Engaging,Won,2017-03-01,123
ST-000013,9ME3374G,Vicki Laflamme,Prospecting,Engaging,2016-10-30,10
ST-000014,9ME3374G,Vicki Laflamme,Engaging,Won,2017-03-02,123
ST-000015,7GN8Q4LL,Markita Hansen,Prospecting,Engaging,2016-11-01,7
ST-000016,7GN8Q4LL,Markita Hansen,Engaging,Won,2017-03-07,126
ST-000017,OLK9LKZB,Niesha Huffines,Prospecting,Engaging,2016-11-01,26
ST-000018,OLK9LKZB,Niesha Huffines,Engaging,Won,2017-03-03,122
ST-000019,HAXMC4IX,James Ascencio,Prospecting,Engaging,2016-11-03,6
ST-000020,NL3JZH1Z,Anna Snelling,Prospecting,Engaging,2016-11-04,24
ST-000021,NL3JZH1Z,Anna Snelling,Engaging,Won,2017-03-10,126
ST-000022,KWVA7VR1,Gladys Colclough,Prospecting,Engaging,2016-11-04,26
ST-000023,KWVA7VR1,Gladys Colclough,Engaging,Lost,2017-03-18,134
ST-000024,S8DX3XOU,James Ascencio,Prospecting,Engaging,2016-11-04,20
ST-000025,S8DX3XOU,James Ascencio,Engaging,Won,2017-03-10,126
ST-000026,ENB2XD8G,Maureen Marcano,Prospecting,Engaging,2016-11-04,5
ST-000027,ENB2XD8G,Maureen Marcano,Engaging,Won,2017-03-06,122
ST-000028,09YE9QOV,Hayden Neloms,Prospecting,Engaging,2016-11-05,21
ST-000029,09YE9QOV,Hayden Neloms,Engaging,Won,2017-03-11,126
ST-000030,3F5MZNEH,Rosalina Dieter,Prospecting,Engaging,2016-11-05,16
ST-000031,3F5MZNEH,Rosalina Dieter,Engaging,Lost,2017-03-03,118
ST-000032,M6WEJXC0,Rosalina Dieter,Prospecting,Engaging,2016-11-05,4
ST-000033,M6WEJXC0,Rosalina Dieter,Engaging,Won,2017-03-06,121
ST-000034,6PTR7VBR,Versie Hillebrand,Prospecting,Engaging,2016-11-06,3
ST-000035,6PTR7VBR,Versie Hillebrand,Engaging,Won,2017-03-05,119
ST-000036,902REDPA,Daniell Hammack,Prospecting,Engaging,2016-11-07,5
ST-000037,902REDPA,Daniell Hammack,Engaging,Lost,2017-03-09,122
ST-000038,5J9CMGDV,Elease Gluck,Prospecting,Engaging,2016-11-07,9
ST-000039,5J9CMGDV,Elease Gluck,Engaging,Won,2017-03-08,121
ST-000040,JJXRR8R6,James Ascencio,Prospecting,Engaging,2016-11-07,10
ST-000041,JJXRR8R6,James Ascencio,Engaging,Lost,2017-03-17,130
ST-000042,WF4HA5NW,Moses Frase,Prospecting,Engaging,2016-11-07,19
ST-000043,WF4HA5NW,Moses Frase,Engaging,Won,2017-03-18,131
ST-000044,C5K2JP1H,Violet Mclelland,Prospecting,Engaging,2016-11-07,22
ST-000045,C5K2JP1H,Violet Mclelland,Engaging,Won,2017-03-11,124
ST-000046,ADRB8OMB,Darcel Schlecht,Prospecting,Engaging,2016-11-08,3
ST-000047,ADRB8OMB,Darcel Schlecht,Engaging,Won,2017-03-26,138
ST-000048,SBCR987L,Kami Bicknell,Prospecting,Engaging,2016-11-10,20
ST-000049,SBCR987L,Kami Bicknell,Engaging,Won,2017-03-23,133
ST-000050,UP409DSB,Maureen Marcano,Prospecting,Engaging,2016-11-10,9
ST-000051,JSD4APT2,Versie Hillebrand,Prospecting,Engaging,2016-11-10,25
ST-000052,JSD4APT2,Versie Hillebrand,Engaging,Won,2017-03-12,122
ST-000053,AO9Z2D17,Violet Mclelland,Prospecting,Engaging,2016-11-10,23
ST-000054,AO9Z2D17,Violet Mclelland,Engaging,Lost,2017-03-11,121
ST-000055,5M58DTJK,Elease Gluck,Prospecting,Engaging,2016-11-11,25
ST-000056,5M58DTJK,Elease Gluck,Engaging,Won,2017-03-05,114
ST-000057,KNY1OSAB,Maureen Marcano,Prospecting,Engaging,2016-11-11,20
ST-000058,KNY1OSAB,Maureen Marcano,Engaging,Won,2017-03-14,123
ST-000059,EAZDUUM9,Rosie Papadopoulos,Prospecting,Engaging,2016-11-11,16
ST-000060,EAZDUUM9,Rosie Papadopoulos,Engaging,Lost,2017-03-01,110
ST-000061,2STUSOFE,Versie Hillebrand,Prospecting,Engaging,2016-11-11,10
ST-000062,2STUSOFE,Versie Hillebrand,Engaging,Won,2017-03-03,112
ST-000063,JYKM0B00,James Ascencio,Prospecting,Engaging,2016-11-12,17
ST-000064,JYKM0B00,James Ascencio,Engaging,Won,2017-03-06,114
ST-000065,KU28360J,Kary Hendrixson,Prospecting,Engaging,2016-11-12,21
ST-000066,KU28360J,Kary Hendrixson,Engaging,Won,2017-03-19,127
ST-000067,N4SD17JR,Reed Clapper,Prospecting,Engaging,2016-11-12,11
ST-000068,N4SD17JR,Reed Clapper,Engaging,Won,2017-03-01,109
ST-000069,E67P9Y3Q,Rosalina Dieter,Prospecting,Engaging,2016-11-12,28
ST-000070,E67P9Y3Q,Rosalina Dieter,Engaging,Won,2017-03-03,111
ST-000071,AT3MMVIS,Wilburn Farren,Prospecting,Engaging,2016-11-12,30
ST-000072,AT3MMVIS,Wilburn Farren,Engaging,Won,2017-03-07,115
ST-000073,REJ11LRY,Garret Kinder,Prospecting,Engaging,2016-11-13,3
ST-000074,REJ11LRY,Garret Kinder,Engaging,Won,2017-03-14,121
ST-000075,ERV0CAZ7,Versie Hillebrand,Prospecting,Engaging,2016-11-13,27
ST-000076,ERV0CAZ7,Versie Hillebrand,Engaging,Won,2017-03-09,116
ST-000077,8SOQADK7,Anna Snelling,Prospecting,Engaging,2016-11-14,28
ST-000078,8SOQADK7,Anna Snelling,Engaging,Lost,2017-03-30,136
ST-000079,TCHFT25B,Darcel Schlecht,Prospecting,Engaging,2016-11-14,8
ST-000080,TCHFT25B,Darcel Schlecht,Engaging,Lost,2017-03-08,114
ST-000081,CZVN09WN,Darcel Schlecht,Prospecting,Engaging,2016-11-14,25
ST-000082,CZVN09WN,Darcel Schlecht,Engaging,Won,2017-03-20,126
ST-000083,EG7OFLFR,Kami Bicknell,Prospecting,Engaging,2016-11-14,16
ST-000084,30UQWUKB,Marty Freudenburg,Prospecting,Engaging,2016-11-15,13
ST-000085,30UQWUKB,Marty Freudenburg,Engaging,Won,2017-03-20,125
ST-000086,OLVI7L8M,Cassey Cress,Prospecting,Engaging,2016-11-16,11
ST-000087,97UN20YY,Darcel Schlecht,Prospecting,Engaging,2016-11-16,7
ST-000088,97UN20YY,Darcel Schlecht,Engaging,Won,2017-03-14,118
ST-000089,JXLERZ9O,Kary Hendrixson,Prospecting,Engaging,2016-11-16,9
ST-000090,JXLERZ9O,Kary Hendrixson,Engaging,Won,2017-03-31,135
ST-000091,6ROE69W5,Rosalina Dieter,Prospecting,Engaging,2016-11-16,27
ST-000092,6ROE69W5,Rosalina Dieter,Engaging,Lost,2017-03-11,115
ST-000093,0DFXFKT7,Darcel Schlecht,Prospecting,Engaging,2016-11-17,13
ST-000094,0DFXFKT7,Darcel Schlecht,Engaging,Lost,2017-03-21,124
ST-000095,XKMZVSN4,James Ascencio,Prospecting,Engaging,2016-11-17,6
ST-000096,XKMZVSN4,James Ascencio,Engaging,Won,2017-03-05,108
ST-000097,IU8V0BZK,Marty Freudenburg,Prospecting,Engaging,2016-11-17,5
ST-000098,IU8V0BZK,Marty Freudenburg,Engaging,Won,2017-03-17,120
ST-000099,XY42936P,Maureen Marcano,Prospecting,Engaging,2016-11-17,15
ST-000100,XY42936P,Maureen Marcano,Engaging,Won,2017-03-13,116
ST-000101,XRN54MBM,Niesha Huffines,Prospecting,Engaging,2016-11-17,6
ST-000102,XRN54MBM,Niesha Huffines,Engaging,Won,2017-03-05,108
ST-000103,2V848WZD,Lajuana Vencill,Prospecting,Engaging,2016-11-18,14
ST-000104,2V848WZD,Lajuana Vencill,Engaging,Won,2017-03-04,106
ST-000105,ONYNTUCG,Darcel Schlecht,Prospecting,Engaging,2016-11-19,30
ST-000106,ONYNTUCG,Darcel Schlecht,Engaging,Lost,2017-03-17,118
ST-000107,HIOHX80Y,Darcel Schlecht,Prospecting,Engaging,2016-11-19,14
ST-000108,HIOHX80Y,Darcel Schlecht,Engaging,Won,2017-03-18,119
ST-000109,F5U1ACDD,Kami Bicknell,Prospecting,Engaging,2016-11-19,22
ST-000110,LPKT07PV,Boris Faz,Prospecting,Engaging,2016-11-20,11
ST-000111,LPKT07PV,Boris Faz,Engaging,Won,2017-03-23,123
ST-000112,WPB2SLIG,Donn Cantrell,Prospecting,Engaging,2016-11-20,28
ST-000113,WPB2SLIG,Donn Cantrell,Engaging,Won,2017-03-14,114
ST-000114,XUSUEAV7,Elease Gluck,Prospecting,Engaging,2016-11-20,4
ST-000115,XUSUEAV7,Elease Gluck,Engaging,Won,2017-03-09,109
ST-000116,ZZY4516R,Hayden Neloms,Prospecting,Engaging,2016-11-20,26
ST-000117,3TYPII47,Kami Bicknell,Prospecting,Engaging,2016-11-20,17
ST-000118,3TYPII47,Kami Bicknell,Engaging,Won,2017-03-03,103
ST-000119,7WAX8Z8O,Lajuana Vencill,Prospecting,Engaging,2016-11-20,20
ST-000120,7WAX8Z8O,Lajuana Vencill,Engaging,Lost,2017-03-08,108
ST-000121,MYDUMR3R,Lajuana Vencill,Prospecting,Engaging,2016-11-20,6
ST-000122,MYDUMR3R,Lajuana Vencill,Engaging,Won,2017-03-04,104
ST-000123,0DRC1U9Q,Maureen Marcano,Prospecting,Engaging,2016-11-20,15
ST-000124,37JFKD4I,Niesha Huffines,Prospecting,Engaging,2016-11-20,5
ST-000125,37JFKD4I,Niesha Huffines,Engaging,Won,2017-03-09,109
ST-000126,25YKPHX8,Donn Cantrell,Prospecting,Engaging,2016-11-21,20
ST-000127,25YKPHX8,Donn Cantrell,Engaging,Won,2017-03-21,120
ST-000128,BXXMA7F3,Hayden Neloms,Prospecting,Engaging,2016-11-21,12
ST-000129,BXXMA7F3,Hayden Neloms,Engaging,Lost,2017-03-01,100
ST-000130,GIUUTBXM,Kary Hendrixson,Prospecting,Engaging,2016-11-21,29
ST-000131,GIUUTBXM,Kary Hendrixson,Engaging,Won,2017-03-14,113
ST-000132,MFX2LR1Q,Lajuana Vencill,Prospecting,Engaging,2016-11-21,23
ST-000133,MFX2LR1Q,Lajuana Vencill,Engaging,Won,2017-03-15,114
ST-000134,DUHE9FLY,Marty Freudenburg,Prospecting,Engaging,2016-11-21,22
ST-000135,DUHE9FLY,Marty Freudenburg,Engaging,Won,2017-03-01,100
ST-000136,96BSG7R1,Zane Levy,Prospecting,Engaging,2016-11-21,30
ST-000137,96BSG7R1,Zane Levy,Engaging,Lost,2017-03-17,116
ST-000138,7FQMSWIX,Corliss Cosme,Prospecting,Engaging,2016-11-22,14
ST-000139,7FQMSWIX,Corliss Cosme,Engaging,Won,2017-03-04,102
ST-000140,C20AVXN7,Darcel Schlecht,Prospecting,Engaging,2016-11-22,21
ST-000141,C20AVXN7,Darcel Schlecht,Engaging,Won,2017-03-14,112
ST-000142,GS1QVWCR,Kami Bicknell,Prospecting,Engaging,2016-11-22,9
ST-000143,GS1QVWCR,Kami Bicknell,Engaging,Won,2017-03-31,129
ST-000144,ZWH8FXY3,Marty Freudenburg,Prospecting,Engaging,2016-11-22,25
ST-000145,ZWH8FXY3,Marty Freudenburg,Engaging,Won,2017-03-03,101
ST-000146,2U94Y3Q9,Rosie Papadopoulos,Prospecting,Engaging,2016-11-22,5
ST-000147,2U94Y3Q9,Rosie Papadopoulos,Engaging,Lost,2017-03-20,118
ST-000148,AAR79NOO,Versie Hillebrand,Prospecting,Engaging,2016-11-22,4
ST-000149,AAR79NOO,Versie Hillebrand,Engaging,Won,2017-03-11,109
ST-000150,B6B0PNR2,Vicki Laflamme,Prospecting,Engaging,2016-11-22,24
ST-000151,B6B0PNR2,Vicki Laflamme,Engaging,Won,2017-03-05,103
ST-000152,M7I5O9YU,Corliss Cosme,Prospecting,Engaging,2016-11-23,10
ST-000153,LXZA2OSZ,Corliss Cosme,Prospecting,Engaging,2016-11-23,27
ST-000154,LXZA2OSZ,Corliss Cosme,Engaging,Won,2017-03-03,100
ST-000155,N0ONCYVZ,Donn Cantrell,Prospecting,Engaging,2016-11-23,12
ST-000156,N0ONCYVZ,Donn Cantrell,Engaging,Lost,2017-03-30,127
ST-000157,GYB4W2AU,Elease Gluck,Prospecting,Engaging,2016-11-23,5
ST-000158,513DPFX5,Gladys Colclough,Prospecting,Engaging,2016-11-23,30
ST-000159,513DPFX5,Gladys Colclough,Engaging,Won,2017-03-03,100
ST-000160,RU023K5W,Gladys Colclough,Prospecting,Engaging,2016-11-23,10
ST-000161,RU023K5W,Gladys Colclough,Engaging,Won,2017-03-17,114
ST-000162,VDIU10RV,Markita Hansen,Prospecting,Engaging,2016-11-23,30
ST-000163,BZCBQ514,Markita Hansen,Prospecting,Engaging,2016-11-23,6
ST-000164,BZCBQ514,Markita Hansen,Engaging,Won,2017-03-01,98
ST-000165,HEE6P0QH,Anna Snelling,Prospecting,Engaging,2016-11-24,15
ST-000166,HEE6P0QH,Anna Snelling,Engaging,Won,2017-03-25,121
ST-000167,L8CHRJ2B,Cassey Cress,Prospecting,Engaging,2016-11-24,11
ST-000168,L8CHRJ2B,Cassey Cress,Engaging,Won,2017-03-01,97
ST-000169,579LZ3F9,Daniell Hammack,Prospecting,Engaging,2016-11-24,17
ST-000170,SU8JNMP4,Kami Bicknell,Prospecting,Engaging,2016-11-24,23
ST-000171,V2X2KMUR,Kami Bicknell,Prospecting,Engaging,2016-11-24,29
ST-000172,V2X2KMUR,Kami Bicknell,Engaging,Won,2017-03-28,124
ST-000173,AJIPJP75,Marty Freudenburg,Prospecting,Engaging,2016-11-24,14
ST-000174,AJIPJP75,Marty Freudenburg,Engaging,Lost,2017-03-05,101
ST-000175,NYVA2G6U,Versie Hillebrand,Prospecting,Engaging,2016-11-24,8
ST-000176,NYVA2G6U,Versie Hillebrand,Engaging,Won,2017-03-02,98
ST-000177,FF45BXTL,Vicki Laflamme,Prospecting,Engaging,2016-11-24,14
ST-000178,FF45BXTL,Vicki Laflamme,Engaging,Won,2017-03-27,123
ST-000179,TTA9LYBS,Anna Snelling,Prospecting,Engaging,2016-11-25,14
ST-000180,TTA9LYBS,Anna Snelling,Engaging,Won,2017-03-01,96
ST-000181,PAGZQH8L,Cecily Lampkin,Prospecting,Engaging,2016-11-25,9
ST-000182,PAGZQH8L,Cecily Lampkin,Engaging,Won,2017-03-06,101
ST-000183,J7YF6DS7,Corliss Cosme,Prospecting,Engaging,2016-11-25,24
ST-000184,J7YF6DS7,Corliss Cosme,Engaging,Won,2017-03-01,96
ST-000185,S5IXY4Z9,Corliss Cosme,Prospecting,Engaging,2016-11-25,11
ST-000186,S5IXY4Z9,Corliss Cosme,Engaging,Won,2017-03-06,101
ST-000187,JQBJMETQ,Darcel Schlecht,Prospecting,Engaging,2016-11-25,25
ST-000188,JQBJMETQ,Darcel Schlecht,Engaging,Won,2017-03-27,122
ST-000189,0LVWSWEW,Violet Mclelland,Prospecting,Engaging,2016-11-25,24
ST-000190,0LVWSWEW,Violet Mclelland,Engaging,Won,2017-03-06,101
ST-000191,K53BC1T9,Anna Snelling,Prospecting,Engaging,2016-11-26,23
ST-000192,K53BC1T9,Anna Snelling,Engaging,Lost,2017-03-27,121
ST-000193,D40N5I9Y,Darcel Schlecht,Prospecting,Engaging,2016-11-26,5
ST-000194,D40N5I9Y,Darcel Schlecht,Engaging,Won,2017-03-08,102
ST-000195,051QTX8Z,Niesha Huffines,Prospecting,Engaging,2016-11-26,22
ST-000196,051QTX8Z,Niesha Huffines,Engaging,Won,2017-03-21,115
ST-000197,5D2XH04S,Reed Clapper,Prospecting,Engaging,2016-11-26,23
ST-000198,5D2XH04S,Reed Clapper,Engaging,Won,2017-03-12,106
ST-000199,V9E582SK,Garret Kinder,Prospecting,Engaging,2016-11-27,8
ST-000200,V9E582SK,Garret Kinder,Engaging,Won,2017-03-16,109
ST-000201,UK0LEZRJ,Kary Hendrixson,Prospecting,Engaging,2016-11-27,20
ST-000202,UK0LEZRJ,Kary Hendrixson,Engaging,Won,2017-03-03,96
ST-000203,PFFHM7HR,Markita Hansen,Prospecting,Engaging,2016-11-27,26
ST-000204,IT10CFQH,Rosalina Dieter,Prospecting,Engaging,2016-11-27,10
ST-000205,IT10CFQH,Rosalina Dieter,Engaging,Won,2017-03-26,119
ST-000206,8VKD2CCH,Rosie Papadopoulos,Prospecting,Engaging,2016-11-27,8
ST-000207,8VKD2CCH,Rosie Papadopoulos,Engaging,Won,2017-03-21,114
ST-000208,2XQAKBXH,Zane Levy,Prospecting,Engaging,2016-11-27,17
ST-000209,2XQAKBXH,Zane Levy,Engaging,Won,2017-03-11,104
ST-000210,7G7YLGJO,Zane Levy,Prospecting,Engaging,2016-11-27,15
ST-000211,7G7YLGJO,Zane Levy,Engaging,Won,2017-03-21,114
ST-000212,GCA97W27,Darcel Schlecht,Prospecting,Engaging,2016-11-28,11
ST-000213,GCA97W27,Darcel Schlecht,Engaging,Won,2017-03-06,98
ST-000214,K8FUZHOG,Kary Hendrixson,Prospecting,Engaging,2016-11-28,23
ST-000215,K8FUZHOG,Kary Hendrixson,Engaging,Won,2017-03-26,118
ST-000216,5WJZMULK,Maureen Marcano,Prospecting,Engaging,2016-11-28,25
ST-000217,5WJZMULK,Maureen Marcano,Engaging,Won,2017-03-19,111
ST-000218,ZPYD4T9W,Versie Hillebrand,Prospecting,Engaging,2016-11-28,20
ST-000219,ZPYD4T9W,Versie Hillebrand,Engaging,Won,2017-03-07,99
ST-000220,KE9ZEDS8,Gladys Colclough,Prospecting,Engaging,2016-11-29,10
ST-000221,KE9ZEDS8,Gladys Colclough,Engaging,Won,2017-03-07,98
ST-000222,7KK0HQ4C,Lajuana Vencill,Prospecting,Engaging,2016-11-29,24
ST-000223,7KK0HQ4C,Lajuana Vencill,Engaging,Lost,2017-03-28,119
ST-000224,FP7014Z0,Lajuana Vencill,Prospecting,Engaging,2016-11-29,13
ST-000225,FP7014Z0,Lajuana Vencill,Engaging,Won,2017-03-12,103
ST-000226,N4HFHDMW,Wilburn Farren,Prospecting,Engaging,2016-11-29,29
ST-000227,N4HFHDMW,Wilburn Farren,Engaging,Won,2017-03-10,101
ST-000228,2HFLKREC,Cassey Cress,Prospecting,Engaging,2016-11-30,27
ST-000229,2HFLKREC,Cassey Cress,Engaging,Won,2017-03-15,105
ST-000230,7JVTTVCO,Violet Mclelland,Prospecting,Engaging,2016-11-30,27
ST-000231,7JVTTVCO,Violet Mclelland,Engaging,Won,2017-03-24,114
ST-000232,3X13866U,Anna Snelling,Prospecting,Engaging,2016-12-01,4
ST-000233,3X13866U,Anna Snelling,Engaging,Lost,2017-03-06,95
ST-000234,7LE19SYE,Cassey Cress,Prospecting,Engaging,2016-12-01,10
ST-000235,7LE19SYE,Cassey Cress,Engaging,Won,2017-03-22,111
ST-000236,J5V2M7Y1,Corliss Cosme,Prospecting,Engaging,2016-12-01,29
ST-000237,J5V2M7Y1,Corliss Cosme,Engaging,Won,2017-03-26,115
ST-000238,41MURAI5,Corliss Cosme,Prospecting,Engaging,2016-12-01,4
ST-000239,41MURAI5,Corliss Cosme,Engaging,Won,2017-03-28,117
ST-000240,QHI8WRIA,Darcel Schlecht,Prospecting,Engaging,2016-12-01,28
ST-000241,QHI8WRIA,Darcel Schlecht,Engaging,Won,2017-03-30,119
ST-000242,AJXAXV4W,Lajuana Vencill,Prospecting,Engaging,2016-12-01,13
ST-000243,AJXAXV4W,Lajuana Vencill,Engaging,Lost,2017-03-02,91
ST-000244,VPDXX5PJ,Niesha Huffines,Prospecting,Engaging,2016-12-01,15
ST-000245,VPDXX5PJ,Niesha Huffines,Engaging,Won,2017-03-26,115
ST-000246,PZB9NUK8,Vicki Laflamme,Prospecting,Engaging,2016-12-01,11
ST-000247,PZB9NUK8,Vicki Laflamme,Engaging,Won,2017-03-05,94
ST-000248,A0ANOYPF,Darcel Schlecht,Prospecting,Engaging,2016-12-02,5
ST-000249,A0ANOYPF,Darcel Schlecht,Engaging,Won,2017-03-09,97
ST-000250,0P4AAPYX,Hayden Neloms,Prospecting,Engaging,2016-12-02,9
ST-000251,0P4AAPYX,Hayden Neloms,Engaging,Won,2017-03-03,91
ST-000252,O6T5WC3W,Hayden Neloms,Prospecting,Engaging,2016-12-02,21
ST-000253,O6T5WC3W,Hayden Neloms,Engaging,Won,2017-03-04,92
ST-000254,0NO04P6C,Hayden Neloms,Prospecting,Engaging,2016-12-02,25
ST-000255,0NO04P6C,Hayden Neloms,Engaging,Won,2017-03-04,92
ST-000256,22OFSXBT,Jonathan Berthelot,Prospecting,Engaging,2016-12-02,13
ST-000257,22OFSXBT,Jonathan Berthelot,Engaging,Won,2017-03-30,118
ST-000258,MRXZTMM6,Kary Hendrixson,Prospecting,Engaging,2016-12-02,9
ST-000259,MRXZTMM6,Kary Hendrixson,Engaging,Won,2017-03-20,108
ST-000260,LGI8QEC2,Moses Frase,Prospecting,Engaging,2016-12-02,23
ST-000261,LGI8QEC2,Moses Frase,Engaging,Won,2017-03-06,94
ST-000262,6KZ0NCFX,Versie Hillebrand,Prospecting,Engaging,2016-12-02,18
ST-000263,6KZ0NCFX,Versie Hillebrand,Engaging,Won,2017-03-14,102
ST-000264,3SF8O9S6,Vicki Laflamme,Prospecting,Engaging,2016-12-02,15
ST-000265,3SF8O9S6,Vicki Laflamme,Engaging,Won,2017-03-27,115
ST-000266,CNM0H9FR,Zane Levy,Prospecting,Engaging,2016-12-02,23
ST-000267,XK668R7C,Darcel Schlecht,Prospecting,Engaging,2016-12-03,17
ST-000268,XK668R7C,Darcel Schlecht,Engaging,Lost,2017-03-12,99
ST-000269,TZCAQWL3,Darcel Schlecht,Prospecting,Engaging,2016-12-03,7
ST-000270,TZCAQWL3,Darcel Schlecht,Engaging,Lost,2017-03-19,106
ST-000271,BADC6A9H,Darcel Schlecht,Prospecting,Engaging,2016-12-03,11
ST-000272,BADC6A9H,Darcel Schlecht,Engaging,Won,2017-03-23,110
ST-000273,B8E0UUZR,Darcel Schlecht,Prospecting,Engaging,2016-12-03,7
ST-000274,B8E0UUZR,Darcel Schlecht,Engaging,Won,2017-03-22,109
ST-000275,I043RXJV,Moses Frase,Prospecting,Engaging,2016-12-03,10
ST-000276,I043RXJV,Moses Frase,Engaging,Lost,2017-03-17,104
ST-000277,MWWB44CC,Reed Clapper,Prospecting,Engaging,2016-12-03,26
ST-000278,MWWB44CC,Reed Clapper,Engaging,Won,2017-03-02,89
ST-000279,HBTINPDG,Vicki Laflamme,Prospecting,Engaging,2016-12-03,20
ST-000280,HBTINPDG,Vicki Laflamme,Engaging,Lost,2017-03-09,96
ST-000281,DZ3KHZSX,Corliss Cosme,Prospecting,Engaging,2016-12-04,20
ST-000282,DZ3KHZSX,Corliss Cosme,Engaging,Won,2017-03-20,106
ST-000283,3W1K7X5F,Darcel Schlecht,Prospecting,Engaging,2016-12-04,11
ST-000284,3W1K7X5F,Darcel Schlecht,Engaging,Lost,2017-03-09,95
ST-000285,45A57X68,Darcel Schlecht,Prospecting,Engaging,2016-12-04,26
ST-000286,45A57X68,Darcel Schlecht,Engaging,Won,2017-03-12,98
ST-000287,9SLYC4TR,Gladys Colclough,Prospecting,Engaging,2016-12-04,21
ST-000288,9SLYC4TR,Gladys Colclough,Engaging,Won,2017-03-09,95
ST-000289,JLWKWQYC,James Ascencio,Prospecting,Engaging,2016-12-04,16
ST-000290,JLWKWQYC,James Ascencio,Engaging,Won,2017-03-08,94
ST-000291,7QC6FOKW,Kami Bicknell,Prospecting,Engaging,2016-12-04,21
ST-000292,7QC6FOKW,Kami Bicknell,Engaging,Won,2017-03-10,96
ST-000293,XA184CMW,Marty Freudenburg,Prospecting,Engaging,2016-12-04,15
ST-000294,XA184CMW,Marty Freudenburg,Engaging,Won,2017-03-16,102
ST-000295,S0N7BYU3,Maureen Marcano,Prospecting,Engaging,2016-12-04,14
ST-000296,S0N7BYU3,Maureen Marcano,Engaging,Won,2017-03-08,94
ST-000297,6WOMHAJM,Boris Faz,Prospecting,Engaging,2016-12-05,10
ST-000298,6WOMHAJM,Boris Faz,Engaging,Won,2017-03-14,99
ST-000299,G1QGATKV,Cassey Cress,Prospecting,Engaging,2016-12-05,7
ST-000300,G1QGATKV,Cassey Cress,Engaging,Won,2017-03-30,115
ST-000301,UAE5ZC7O,Daniell Hammack,Prospecting,Engaging,2016-12-05,19
ST-000302,6XFVQI32,Donn Cantrell,Prospecting,Engaging,2016-12-05,18
ST-000303,6XFVQI32,Donn Cantrell,Engaging,Won,2017-03-23,108
ST-000304,JUCNIG4H,James Ascencio,Prospecting,Engaging,2016-12-05,5
ST-000305,OGD4MDJ9,Maureen Marcano,Prospecting,Engaging,2016-12-05,27
ST-000306,OGD4MDJ9,Maureen Marcano,Engaging,Won,2017-03-21,106
ST-000307,4NGBUZWJ,Lajuana Vencill,Prospecting,Engaging,2016-12-06,4
ST-000308,4NGBUZWJ,Lajuana Vencill,Engaging,Won,2017-03-12,96
ST-000309,EFG5DGV5,Markita Hansen,Prospecting,Engaging,2016-12-06,30
ST-000310,EFG5DGV5,Markita Hansen,Engaging,Won,2017-03-16,100
ST-000311,82MM4H33,Zane Levy,Prospecting,Engaging,2016-12-06,6
ST-000312,82MM4H33,Zane Levy,Engaging,Won,2017-03-09,93
ST-000313,14PM641K,Cassey Cress,Prospecting,Engaging,2016-12-07,7
ST-000314,14PM641K,Cassey Cress,Engaging,Won,2017-03-07,90
ST-000315,DSBGHOPN,Daniell Hammack,Prospecting,Engaging,2016-12-07,23
ST-000316,DSBGHOPN,Daniell Hammack,Engaging,Lost,2017-03-20,103
ST-000317,1YSOZLHF,Daniell Hammack,Prospecting,Engaging,2016-12-07,8
ST-000318,1YSOZLHF,Daniell Hammack,Engaging,Won,2017-03-28,111
ST-000319,E8RP9FRW,Gladys Colclough,Prospecting,Engaging,2016-12-07,28
ST-000320,E8RP9FRW,Gladys Colclough,Engaging,Won,2017-03-12,95
ST-000321,787IRG9Q,Hayden Neloms,Prospecting,Engaging,2016-12-07,24
ST-000322,787IRG9Q,Hayden Neloms,Engaging,Won,2017-03-03,86
ST-000323,0TUS4NAC,Jonathan Berthelot,Prospecting,Engaging,2016-12-07,16
ST-000324,0TUS4NAC,Jonathan Berthelot,Engaging,Won,2017-03-11,94
ST-000325,FAJTQMUM,Kami Bicknell,Prospecting,Engaging,2016-12-07,22
ST-000326,FAJTQMUM,Kami Bicknell,Engaging,Won,2017-03-20,103
ST-000327,TWF0J0DF,Cecily Lampkin,Prospecting,Engaging,2016-12-08,5
ST-000328,TWF0J0DF,Cecily Lampkin,Engaging,Won,2017-03-01,83
ST-000329,ICMXZOVL,Daniell Hammack,Prospecting,Engaging,2016-12-08,15
ST-000330,UQ14O415,Donn Cantrell,Prospecting,Engaging,2016-12-08,15
ST-000331,UQ14O415,Donn Cantrell,Engaging,Won,2017-03-20,102
ST-000332,IBEUTCSW,James Ascencio,Prospecting,Engaging,2016-12-08,22
ST-000333,O3KC8QI8,Kami Bicknell,Prospecting,Engaging,2016-12-08,17
ST-000334,BOJSLNDG,Kami Bicknell,Prospecting,Engaging,2016-12-08,19
ST-000335,BOJSLNDG,Kami Bicknell,Engaging,Won,2017-03-11,93
ST-000336,WALNFJ70,Kary Hendrixson,Prospecting,Engaging,2016-12-08,11
ST-000337,DASMR0EK,Markita Hansen,Prospecting,Engaging,2016-12-08,20
ST-000338,DASMR0EK,Markita Hansen,Engaging,Won,2017-03-10,92
ST-000339,A76M0OOH,Reed Clapper,Prospecting,Engaging,2016-12-08,30
ST-000340,A76M0OOH,Reed Clapper,Engaging,Won,2017-03-28,110
ST-000341,E1VKE2PH,Vicki Laflamme,Prospecting,Engaging,2016-12-08,3
ST-000342,E1VKE2PH,Vicki Laflamme,Engaging,Won,2017-03-26,108
ST-000343,SKY95DVG,Anna Snelling,Prospecting,Engaging,2016-12-09,24
ST-000344,SKY95DVG,Anna Snelling,Engaging,Lost,2017-03-22,103
ST-000345,V5OK4V5I,Cassey Cress,Prospecting,Engaging,2016-12-09,26
ST-000346,V5OK4V5I,Cassey Cress,Engaging,Won,2017-03-14,95
ST-000347,GJ4L5HHN,Corliss Cosme,Prospecting,Engaging,2016-12-09,6
ST-000348,GJ4L5HHN,Corliss Cosme,Engaging,Won,2017-03-14,95
ST-000349,9R8JWY3J,Donn Cantrell,Prospecting,Engaging,2016-12-09,24
ST-000350,9R8JWY3J,Donn Cantrell,Engaging,Won,2017-03-03,84
ST-000351,0EOFVU05,Donn Cantrell,Prospecting,Engaging,2016-12-09,20
ST-000352,0EOFVU05,Donn Cantrell,Engaging,Won,2017-03-28,109
ST-000353,HNHOPL7M,Kary Hendrixson,Prospecting,Engaging,2016-12-09,27
ST-000354,HNHOPL7M,Kary Hendrixson,Engaging,Won,2017-03-04,85
ST-000355,Y0NYI17R,Vicki Laflamme,Prospecting,Engaging,2016-12-09,11
ST-000356,Y0NYI17R,Vicki Laflamme,Engaging,Won,2017-03-15,96
ST-000357,R4F4RGAL,Violet Mclelland,Prospecting,Engaging,2016-12-09,27
ST-000358,R4F4RGAL,Violet Mclelland,Engaging,Won,2017-03-14,95
ST-000359,MNVMY83P,Cassey Cress,Prospecting,Engaging,2016-12-10,23
ST-000360,0ZHLQFGU,Kami Bicknell,Prospecting,Engaging,2016-12-10,13
ST-000361,0ZHLQFGU,Kami Bicknell,Engaging,Won,2017-03-22,102
ST-000362,40DPY158,Markita Hansen,Prospecting,Engaging,2016-12-10,6
ST-000363,40DPY158,Markita Hansen,Engaging,Won,2017-03-25,105
ST-000364,DP9E525R,Maureen Marcano,Prospecting,Engaging,2016-12-10,12
ST-000365,DP9E525R,Maureen Marcano,Engaging,Won,2017-03-24,104
ST-000366,DBDUMQQK,Niesha Huffines,Prospecting,Engaging,2016-12-10,16
ST-000367,DBDUMQQK,Niesha Huffines,Engaging,Won,2017-03-24,104
ST-000368,CNBN12RL,Versie Hillebrand,Prospecting,Engaging,2016-12-10,8
ST-000369,CNBN12RL,Versie Hillebrand,Engaging,Won,2017-03-07,87
ST-000370,OXL0YWEE,Violet Mclelland,Prospecting,Engaging,2016-12-10,17
ST-000371,OXL0YWEE,Violet Mclelland,Engaging,Won,2017-03-18,98
ST-000372,ZOBJHMAF,Cassey Cress,Prospecting,Engaging,2016-12-11,3
ST-000373,KD6MB4AP,Elease Gluck,Prospecting,Engaging,2016-12-11,26
ST-000374,5CSSZJF4,Jonathan Berthelot,Prospecting,Engaging,2016-12-11,26
ST-000375,5CSSZJF4,Jonathan Berthelot,Engaging,Won,2017-03-21,100
ST-000376,0XG8TOJF,Kary Hendrixson,Prospecting,Engaging,2016-12-11,11
ST-000377,0XG8TOJF,Kary Hendrixson,Engaging,Lost,2017-03-18,97
ST-000378,IIS0O91J,Kary Hendrixson,Prospecting,Engaging,2016-12-11,19
ST-000379,IIS0O91J,Kary Hendrixson,Engaging,Won,2017-03-28,107
ST-000380,2LP5SUR5,Lajuana Vencill,Prospecting,Engaging,2016-12-11,27
ST-000381,2LP5SUR5,Lajuana Vencill,Engaging,Lost,2017-03-09,88
ST-000382,PYZZ3IS6,Markita Hansen,Prospecting,Engaging,2016-12-11,8
ST-000383,PYZZ3IS6,Markita Hansen,Engaging,Won,2017-03-11,90
ST-000384,5I4K5TQE,Cassey Cress,Prospecting,Engaging,2016-12-12,19
ST-000385,5I4K5TQE,Cassey Cress,Engaging,Lost,2017-03-09,87
ST-000386,RV3LPOYP,James Ascencio,Prospecting,Engaging,2016-12-12,6
ST-000387,RV3LPOYP,James Ascencio,Engaging,Won,2017-03-29,107
ST-000388,A194RP0I,Rosalina Dieter,Prospecting,Engaging,2016-12-12,30
ST-000389,1HVNTEPV,Rosie Papadopoulos,Prospecting,Engaging,2016-12-12,23
ST-000390,1HVNTEPV,Rosie Papadopoulos,Engaging,Won,2017-03-11,89
ST-000391,LC85AQ1I,Vicki Laflamme,Prospecting,Engaging,2016-12-12,12
ST-000392,LC85AQ1I,Vicki Laflamme,Engaging,Won,2017-03-18,96
ST-000393,TBV972NP,Violet Mclelland,Prospecting,Engaging,2016-12-12,29
ST-000394,TBV972NP,Violet Mclelland,Engaging,Lost,2017-03-23,101
ST-000395,EJMX0EIJ,Darcel Schlecht,Prospecting,Engaging,2016-12-13,23
ST-000396,EJMX0EIJ,Darcel Schlecht,Engaging,Won,2017-03-20,97
ST-000397,VR9NYBOV,Garret Kinder,Prospecting,Engaging,2016-12-13,19
ST-000398,VR9NYBOV,Garret Kinder,Engaging,Won,2017-03-06,83
ST-000399,3U25FK08,Jonathan Berthelot,Prospecting,Engaging,2016-12-13,22
ST-000400,3U25FK08,Jonathan Berthelot,Engaging,Won,2017-03-28,105
ST-000401,KV2OFRJT,Kami Bicknell,Prospecting,Engaging,2016-12-13,9
ST-000402,CRLK4Z1P,Maureen Marcano,Prospecting,Engaging,2016-12-13,7
ST-000403,CRLK4Z1P,Maureen Marcano,Engaging,Won,2017-03-04,81
ST-000404,OGENAT0L,Zane Levy,Prospecting,Engaging,2016-12-13,14
ST-000405,OGENAT0L,Zane Levy,Engaging,Won,2017-03-27,104
ST-000406,F57JWIDF,Gladys Colclough,Prospecting,Engaging,2016-12-14,27
ST-000407,F57JWIDF,Gladys Colclough,Engaging,Won,2017-03-02,78
ST-000408,ERFRHR3Z,Hayden Neloms,Prospecting,Engaging,2016-12-14,8
ST-000409,J53D8EOL,Kary Hendrixson,Prospecting,Engaging,2016-12-14,20
ST-000410,LF8JZ3Q5,Kary Hendrixson,Prospecting,Engaging,2016-12-14,27
ST-000411,LF8JZ3Q5,Kary Hendrixson,Engaging,Won,2017-03-13,89
ST-000412,MRGBSMQ5,Kary Hendrixson,Prospecting,Engaging,2016-12-14,19
ST-000413,MRGBSMQ5,Kary Hendrixson,Engaging,Won,2017-03-14,90
ST-000414,CBAV8ZJL,Lajuana Vencill,Prospecting,Engaging,2016-12-14,3
ST-000415,CBAV8ZJL,Lajuana Vencill,Engaging,Won,2017-03-22,98
ST-000416,J32XDDAW,Markita Hansen,Prospecting,Engaging,2016-12-14,22
ST-000417,NN4DWBVN,Maureen Marcano,Prospecting,Engaging,2016-12-14,13
ST-000418,NN4DWBVN,Maureen Marcano,Engaging,Lost,2017-03-04,80
ST-000419,6JXHEZYK,Versie Hillebrand,Prospecting,Engaging,2016-12-14,18
ST-000420,6JXHEZYK,Versie Hillebrand,Engaging,Won,2017-03-31,107
ST-000421,WDHNR2EI,Violet Mclelland,Prospecting,Engaging,2016-12-14,3
ST-000422,WDHNR2EI,Violet Mclelland,Engaging,Won,2017-03-20,96
ST-000423,4K750D6F,Violet Mclelland,Prospecting,Engaging,2016-12-14,6
ST-000424,4K750D6F,Violet Mclelland,Engaging,Won,2017-03-18,94
ST-000425,94GI0ZJ7,Anna Snelling,Prospecting,Engaging,2016-12-15,14
ST-000426,94GI0ZJ7,Anna Snelling,Engaging,Won,2017-03-15,90
ST-000427,TODG6DEK,Daniell Hammack,Prospecting,Engaging,2016-12-15,29
ST-000428,TODG6DEK,Daniell Hammack,Engaging,Won,2017-03-16,91
ST-000429,G0ECB8FS,Kary Hendrixson,Prospecting,Engaging,2016-12-15,28
ST-000430,G0ECB8FS,Kary Hendrixson,Engaging,Won,2017-03-15,90
ST-000431,1ZDDZD8B,Markita Hansen,Prospecting,Engaging,2016-12-15,12
ST-000432,96MZYUY0,Vicki Laflamme,Prospecting,Engaging,2016-12-15,10
ST-000433,96MZYUY0,Vicki Laflamme,Engaging,Won,2017-03-07,82
ST-000434,EZVKSQ9C,Boris Faz,Prospecting,Engaging,2016-12-16,4
ST-000435,RJYG004O,Daniell Hammack,Prospecting,Engaging,2016-12-16,10
ST-000436,JZOKHHWN,Donn Cantrell,Prospecting,Engaging,2016-12-16,21
ST-000437,JZOKHHWN,Donn Cantrell,Engaging,Won,2017-03-07,81
ST-000438,EH6I67I0,James Ascencio,Prospecting,Engaging,2016-12-16,5
ST-000439,EH6I67I0,James Ascencio,Engaging,Won,2017-03-15,89
ST-000440,JUUXF02Z,Kary Hendrixson,Prospecting,Engaging,2016-12-16,5
ST-000441,JUUXF02Z,Kary Hendrixson,Engaging,Won,2017-03-09,83
ST-000442,OT87JDWO,Lajuana Vencill,Prospecting,Engaging,2016-12-16,26
ST-000443,OT87JDWO,Lajuana Vencill,Engaging,Won,2017-03-24,98
ST-000444,YHKT6YJ7,Moses Frase,Prospecting,Engaging,2016-12-16,18
ST-000445,YHKT6YJ7,Moses Frase,Engaging,Won,2017-03-13,87
ST-000446,H78I3TAY,Reed Clapper,Prospecting,Engaging,2016-12-16,29
ST-000447,H78I3TAY,Reed Clapper,Engaging,Won,2017-03-14,88
ST-000448,1ROC43JK,Versie Hillebrand,Prospecting,Engaging,2016-12-16,5
ST-000449,1ROC43JK,Versie Hillebrand,Engaging,Won,2017-03-08,82
ST-000450,LPZLQL48,Vicki Laflamme,Prospecting,Engaging,2016-12-16,27
ST-000451,LPZLQL48,Vicki Laflamme,Engaging,Won,2017-03-28,102
ST-000452,PYOFK7ZD,Cassey Cress,Prospecting,Engaging,2016-12-17,20
ST-000453,DWUXMAGZ,Corliss Cosme,Prospecting,Engaging,2016-12-17,27
ST-000454,3KR50X38,Corliss Cosme,Prospecting,Engaging,2016-12-17,7
ST-000455,3KR50X38,Corliss Cosme,Engaging,Won,2017-03-13,86
ST-000456,Q3WLHRE9,Darcel Schlecht,Prospecting,Engaging,2016-12-17,7
ST-000457,Q3WLHRE9,Darcel Schlecht,Engaging,Won,2017-03-04,77
ST-000458,IX7UEOAP,Donn Cantrell,Prospecting,Engaging,2016-12-17,24
ST-000459,IX7UEOAP,Donn Cantrell,Engaging,Lost,2017-03-27,100
ST-000460,NQU62K1H,Donn Cantrell,Prospecting,Engaging,2016-12-17,18
ST-000461,NQU62K1H,Donn Cantrell,Engaging,Won,2017-03-12,85
ST-000462,NAQKOU0T,Hayden Neloms,Prospecting,Engaging,2016-12-17,20
ST-000463,NAQKOU0T,Hayden Neloms,Engaging,Won,2017-03-20,93
ST-000464,I3V3GUAI,Lajuana Vencill,Prospecting,Engaging,2016-12-17,8
ST-000465,I3V3GUAI,Lajuana Vencill,Engaging,Won,2017-03-02,75
ST-000466,PN4VJDXY,Moses Frase,Prospecting,Engaging,2016-12-17,11
ST-000467,PN4VJDXY,Moses Frase,Engaging,Won,2017-03-28,101
ST-000468,K9D4DQ3R,Rosie Papadopoulos,Prospecting,Engaging,2016-12-17,19
ST-000469,K9D4DQ3R,Rosie Papadopoulos,Engaging,Won,2017-03-02,75
ST-000470,9X6V79KE,Versie Hillebrand,Prospecting,Engaging,2016-12-17,30
ST-000471,9X6V79KE,Versie Hillebrand,Engaging,Won,2017-03-25,98
ST-000472,6SN2RQJX,Vicki Laflamme,Prospecting,Engaging,2016-12-17,22
ST-000473,W1KLFNE4,Anna Snelling,Prospecting,Engaging,2016-12-18,16
ST-000474,W1KLFNE4,Anna Snelling,Engaging,Won,2017-03-02,74
ST-000475,NKPH3EFG,Cassey Cress,Prospecting,Engaging,2016-12-18,9
ST-000476,GD2OCW12,Darcel Schlecht,Prospecting,Engaging,2016-12-18,20
ST-000477,GD2OCW12,Darcel Schlecht,Engaging,Won,2017-03-14,86
ST-000478,6XO4RYXK,Donn Cantrell,Prospecting,Engaging,2016-12-18,27
ST-000479,6XO4RYXK,Donn Cantrell,Engaging,Won,2017-03-15,87
ST-000480,18Y7GRPW,Garret Kinder,Prospecting,Engaging,2016-12-18,26
ST-000481,18Y7GRPW,Garret Kinder,Engaging,Won,2017-03-21,93
ST-000482,127ZPLXQ,Kary Hendrixson,Prospecting,Engaging,2016-12-18,25
ST-000483,127ZPLXQ,Kary Hendrixson,Engaging,Lost,2017-03-18,90
ST-000484,U07C2HEG,Maureen Marcano,Prospecting,Engaging,2016-12-18,9
ST-000485,U07C2HEG,Maureen Marcano,Engaging,Lost,2017-03-14,86
ST-000486,RNTOJ78L,Rosalina Dieter,Prospecting,Engaging,2016-12-18,25
ST-000487,RNTOJ78L,Rosalina Dieter,Engaging,Lost,2017-03-13,85
ST-000488,N07K7DR7,Rosie Papadopoulos,Prospecting,Engaging,2016-12-18,12
ST-000489,NLB4D5BQ,Versie Hillebrand,Prospecting,Engaging,2016-12-18,15
ST-000490,NLB4D5BQ,Versie Hillebrand,Engaging,Won,2017-03-24,96
ST-000491,FCFDJIEZ,Vicki Laflamme,Prospecting,Engaging,2016-12-18,24
ST-000492,FCFDJIEZ,Vicki Laflamme,Engaging,Won,2017-03-21,93
ST-000493,YZGDW4G1,Violet Mclelland,Prospecting,Engaging,2016-12-18,23
ST-000494,YZGDW4G1,Violet Mclelland,Engaging,Won,2017-03-14,86
ST-000495,G8AO5FA2,Wilburn Farren,Prospecting,Engaging,2016-12-18,14
ST-000496,G8AO5FA2,Wilburn Farren,Engaging,Lost,2017-03-27,99
ST-000497,125VIRMX,Elease Gluck,Prospecting,Engaging,2016-12-19,17
ST-000498,LXXW3TRW,Elease Gluck,Prospecting,Engaging,2016-12-19,19
ST-000499,LXXW3TRW,Elease Gluck,Engaging,Won,2017-03-18,89
ST-000500,8KJ3H262,Elease Gluck,Prospecting,Engaging,2016-12-19,17
ST-000501,8KJ3H262,Elease Gluck,Engaging,Won,2017-03-07,78
ST-000502,88POGNEL,Gladys Colclough,Prospecting,Engaging,2016-12-19,6
ST-000503,88POGNEL,Gladys Colclough,Engaging,Lost,2017-03-07,78
ST-000504,UYP3NNU6,Kami Bicknell,Prospecting,Engaging,2016-12-19,10
ST-000505,UYP3NNU6,Kami Bicknell,Engaging,Won,2017-03-16,87
ST-000506,S1V8684Y,Marty Freudenburg,Prospecting,Engaging,2016-12-19,10
ST-000507,S1V8684Y,Marty Freudenburg,Engaging,Lost,2017-03-12,83
ST-000508,MOPWEMB5,Vicki Laflamme,Prospecting,Engaging,2016-12-19,5
ST-000509,MOPWEMB5,Vicki Laflamme,Engaging,Won,2017-03-16,87
ST-000510,L62MDI48,Anna Snelling,Prospecting,Engaging,2016-12-20,13
ST-000511,L62MDI48,Anna Snelling,Engaging,Lost,2017-03-01,71
ST-000512,3ECHUPQY,Daniell Hammack,Prospecting,Engaging,2016-12-20,3
ST-000513,3EL8D4WO,Darcel Schlecht,Prospecting,Engaging,2016-12-20,21
ST-000514,3EL8D4WO,Darcel Schlecht,Engaging,Won,2017-03-25,95
ST-000515,VOAN1NXG,Donn Cantrell,Prospecting,Engaging,2016-12-20,20
ST-000516,VOAN1NXG,Donn Cantrell,Engaging,Won,2017-03-12,82
ST-000517,ALW92XQL,Gladys Colclough,Prospecting,Engaging,2016-12-20,10
ST-000518,ALW92XQL,Gladys Colclough,Engaging,Lost,2017-03-25,95
ST-000519,TJ6ZA1M3,Kary Hendrixson,Prospecting,Engaging,2016-12-20,21
ST-000520,TJ6ZA1M3,Kary Hendrixson,Engaging,Lost,2017-03-07,77
ST-000521,FKAFO8O9,Kary Hendrixson,Prospecting,Engaging,2016-12-20,10
ST-000522,FKAFO8O9,Kary Hendrixson,Engaging,Won,2017-03-31,101
ST-000523,1XBC7M9F,Markita Hansen,Prospecting,Engaging,2016-12-20,3
ST-000524,1XBC7M9F,Markita Hansen,Engaging,Won,2017-03-08,78
ST-000525,8IXBS90G,Rosie Papadopoulos,Prospecting,Engaging,2016-12-20,5
ST-000526,8IXBS90G,Rosie Papadopoulos,Engaging,Won,2017-03-08,78
ST-000527,2X45BEOS,Cassey Cress,Prospecting,Engaging,2016-12-21,25
ST-000528,2X45BEOS,Cassey Cress,Engaging,Won,2017-03-27,96
ST-000529,EQ8X0QTL,Corliss Cosme,Prospecting,Engaging,2016-12-21,23
ST-000530,EQ8X0QTL,Corliss Cosme,Engaging,Won,2017-03-09,78
ST-000531,5QD53WHF,Daniell Hammack,Prospecting,Engaging,2016-12-21,4
ST-000532,5QD53WHF,Daniell Hammack,Engaging,Won,2017-03-07,76
ST-000533,K5CWSFCW,Elease Gluck,Prospecting,Engaging,2016-12-21,10
ST-000534,79EABK3X,Hayden Neloms,Prospecting,Engaging,2016-12-21,5
ST-000535,79EABK3X,Hayden Neloms,Engaging,Won,2017-03-23,92
ST-000536,2DKO9X1T,Jonathan Berthelot,Prospecting,Engaging,2016-12-21,4
ST-000537,2DKO9X1T,Jonathan Berthelot,Engaging,Lost,2017-03-10,79
ST-000538,IBDEQVBN,Kary Hendrixson,Prospecting,Engaging,2016-12-21,30
ST-000539,IBDEQVBN,Kary Hendrixson,Engaging,Lost,2017-03-28,97
ST-000540,QZ3VV4C1,Kary Hendrixson,Prospecting,Engaging,2016-12-21,13
ST-000541,QZ3VV4C1,Kary Hendrixson,Engaging,Won,2017-03-08,77
ST-000542,62AK8UWX,Moses Frase,Prospecting,Engaging,2016-12-21,5
ST-000543,62AK8UWX,Moses Frase,Engaging,Won,2017-03-22,91
ST-000544,5QM4ORNT,Niesha Huffines,Prospecting,Engaging,2016-12-21,19
ST-000545,5QM4ORNT,Niesha Huffines,Engaging,Won,2017-03-21,90
ST-000546,4H2QMS78,Vicki Laflamme,Prospecting,Engaging,2016-12-21,10
ST-000547,S91N9YBL,Vicki Laflamme,Prospecting,Engaging,2016-12-21,11
ST-000548,S91N9YBL,Vicki Laflamme,Engaging,Lost,2017-03-08,77
ST-000549,44H0FJMH,Anna Snelling,Prospecting,Engaging,2016-12-22,24
ST-000550,44H0FJMH,Anna Snelling,Engaging,Lost,2017-03-27,95
ST-000551,N5AZLQZR,Gladys Colclough,Prospecting,Engaging,2016-12-22,18
ST-000552,N5AZLQZR,Gladys Colclough,Engaging,Won,2017-03-14,82
ST-000553,4T295XQL,Kami Bicknell,Prospecting,Engaging,2016-12-22,9
ST-000554,4T295XQL,Kami Bicknell,Engaging,Won,2017-03-01,69
ST-000555,YFS5KLJJ,Rosalina Dieter,Prospecting,Engaging,2016-12-22,20
ST-000556,YFS5KLJJ,Rosalina Dieter,Engaging,Won,2017-03-31,99
ST-000557,S8GLKDB9,Violet Mclelland,Prospecting,Engaging,2016-12-22,7
ST-000558,S8GLKDB9,Violet Mclelland,Engaging,Won,2017-03-04,72
ST-000559,SQLYCFGV,Zane Levy,Prospecting,Engaging,2016-12-22,26
ST-000560,EUG019AS,Corliss Cosme,Prospecting,Engaging,2016-12-23,21
ST-000561,IE7VQ5BA,Daniell Hammack,Prospecting,Engaging,2016-12-23,21
ST-000562,01QKN578,Darcel Schlecht,Prospecting,Engaging,2016-12-23,18
ST-000563,01QKN578,Darcel Schlecht,Engaging,Won,2017-03-20,87
ST-000564,M0JKP0HT,Gladys Colclough,Prospecting,Engaging,2016-12-23,10
ST-000565,M0JKP0HT,Gladys Colclough,Engaging,Won,2017-03-13,80
ST-000566,ZC3KKSUK,James Ascencio,Prospecting,Engaging,2016-12-23,28
ST-000567,ZC3KKSUK,James Ascencio,Engaging,Won,2017-03-02,69
ST-000568,3X8VLQ5G,Jonathan Berthelot,Prospecting,Engaging,2016-12-23,18
ST-000569,3X8VLQ5G,Jonathan Berthelot,Engaging,Won,2017-03-12,79
ST-000570,EZLXL6GL,Moses Frase,Prospecting,Engaging,2016-12-23,28
ST-000571,EZLXL6GL,Moses Frase,Engaging,Won,2017-03-07,74
ST-000572,R8PEL8V8,Cecily Lampkin,Prospecting,Engaging,2016-12-24,16
ST-000573,R8PEL8V8,Cecily Lampkin,Engaging,Won,2017-03-16,82
ST-000574,L1R32S8H,Corliss Cosme,Prospecting,Engaging,2016-12-24,9
ST-000575,L1R32S8H,Corliss Cosme,Engaging,Won,2017-03-26,92
ST-000576,J7N8J8NM,Darcel Schlecht,Prospecting,Engaging,2016-12-24,6
ST-000577,J7N8J8NM,Darcel Schlecht,Engaging,Won,2017-03-14,80
ST-000578,TO7PGVP1,Elease Gluck,Prospecting,Engaging,2016-12-24,6
ST-000579,TO7PGVP1,Elease Gluck,Engaging,Lost,2017-03-29,95
ST-000580,A051G1B4,Jonathan Berthelot,Prospecting,Engaging,2016-12-24,24
ST-000581,A051G1B4,Jonathan Berthelot,Engaging,Won,2017-03-31,97
ST-000582,NMDMM5YJ,Moses Frase,Prospecting,Engaging,2016-12-24,16
ST-000583,NMDMM5YJ,Moses Frase,Engaging,Won,2017-03-03,69
ST-000584,LWPJEV3U,Niesha Huffines,Prospecting,Engaging,2016-12-24,14
ST-000585,LWPJEV3U,Niesha Huffines,Engaging,Lost,2017-03-10,76
ST-000586,I93ZFHEM,Versie Hillebrand,Prospecting,Engaging,2016-12-24,16
ST-000587,I93ZFHEM,Versie Hillebrand,Engaging,Won,2017-03-08,74
ST-000588,B2VJCVBB,Darcel Schlecht,Prospecting,Engaging,2016-12-25,16
ST-000589,B2VJCVBB,Darcel Schlecht,Engaging,Won,2017-03-13,78
ST-000590,F90O03ZH,Donn Cantrell,Prospecting,Engaging,2016-12-25,17
ST-000591,F90O03ZH,Donn Cantrell,Engaging,Lost,2017-03-23,88
ST-000592,PC78RLUX,Garret Kinder,Prospecting,Engaging,2016-12-25,30
ST-000593,PC78RLUX,Garret Kinder,Engaging,Won,2017-03-30,95
ST-000594,X6GL64T5,Gladys Colclough,Prospecting,Engaging,2016-12-25,26
ST-000595,X6GL64T5,Gladys Colclough,Engaging,Won,2017-03-25,90
ST-000596,OWM3BPGW,Hayden Neloms,Prospecting,Engaging,2016-12-25,4
ST-000597,OWM3BPGW,Hayden Neloms,Engaging,Won,2017-03-17,82
ST-000598,RP5PS9A5,Lajuana Vencill,Prospecting,Engaging,2016-12-25,24
ST-000599,RP5PS9A5,Lajuana Vencill,Engaging,Won,2017-03-10,75
ST-000600,AI76U58A,Maureen Marcano,Prospecting,Engaging,2016-12-25,23
ST-000601,KFPM2LJW,Rosalina Dieter,Prospecting,Engaging,2016-12-25,23
ST-000602,F2PW7WP2,Violet Mclelland,Prospecting,Engaging,2016-12-25,6
ST-000603,F2PW7WP2,Violet Mclelland,Engaging,Won,2017-03-05,70
ST-000604,GK8YD2XW,Darcel Schlecht,Prospecting,Engaging,2016-12-26,4
ST-000605,GK8YD2XW,Darcel Schlecht,Engaging,Lost,2017-03-23,87
ST-000606,U4LRR9E9,James Ascencio,Prospecting,Engaging,2016-12-26,15
ST-000607,U4LRR9E9,James Ascencio,Engaging,Won,2017-03-10,74
ST-000608,B00UMAV4,Kami Bicknell,Prospecting,Engaging,2016-12-26,26
ST-000609,C8TV7R8A,Kary Hendrixson,Prospecting,Engaging,2016-12-26,13
ST-000610,9N55D1AH,Niesha Huffines,Prospecting,Engaging,2016-12-26,28
ST-000611,9N55D1AH,Niesha Huffines,Engaging,Won,2017-03-02,66
ST-000612,2VCDVCIZ,Kary Hendrixson,Prospecting,Engaging,2016-12-27,30
ST-000613,WI4PODA2,Kary Hendrixson,Prospecting,Engaging,2016-12-27,6
ST-000614,WI4PODA2,Kary Hendrixson,Engaging,Won,2017-03-15,78
ST-000615,VF1V41RI,Markita Hansen,Prospecting,Engaging,2016-12-27,10
ST-000616,VF1V41RI,Markita Hansen,Engaging,Lost,2017-03-28,91
ST-000617,1B4L7TNG,Markita Hansen,Prospecting,Engaging,2016-12-27,9
ST-000618,1B4L7TNG,Markita Hansen,Engaging,Lost,2017-03-25,88
ST-000619,MZAN11FT,Anna Snelling,Prospecting,Engaging,2016-12-28,9
ST-000620,MZAN11FT,Anna Snelling,Engaging,Won,2017-03-01,63
ST-000621,0U3WVJO0,Corliss Cosme,Prospecting,Engaging,2016-12-28,20
ST-000622,0IO00FNS,Darcel Schlecht,Prospecting,Engaging,2016-12-28,17
ST-000623,0IO00FNS,Darcel Schlecht,Engaging,Lost,2017-03-16,78
ST-000624,8S6TNXYB,Darcel Schlecht,Prospecting,Engaging,2016-12-28,7
ST-000625,8S6TNXYB,Darcel Schlecht,Engaging,Won,2017-03-22,84
ST-000626,PMMW9JX3,Kary Hendrixson,Prospecting,Engaging,2016-12-28,16
ST-000627,MOLGOSGE,Kary Hendrixson,Prospecting,Engaging,2016-12-28,8
ST-000628,MOLGOSGE,Kary Hendrixson,Engaging,Won,2017-03-13,75
ST-000629,FA1VHZSV,Reed Clapper,Prospecting,Engaging,2016-12-28,11
ST-000630,FA1VHZSV,Reed Clapper,Engaging,Won,2017-03-16,78
ST-000631,PXQEX039,Versie Hillebrand,Prospecting,Engaging,2016-12-28,17
ST-000632,PXQEX039,Versie Hillebrand,Engaging,Won,2017-03-28,90
ST-000633,RX56S6G3,Vicki Laflamme,Prospecting,Engaging,2016-12-28,10
ST-000634,RX56S6G3,Vicki Laflamme,Engaging,Won,2017-03-13,75
ST-000635,G4F8W039,Anna Snelling,Prospecting,Engaging,2016-12-29,30
ST-000636,G4F8W039,Anna Snelling,Engaging,Won,2017-03-27,88
ST-000637,4T31MWVO,Anna Snelling,Prospecting,Engaging,2016-12-29,5
ST-000638,4T31MWVO,Anna Snelling,Engaging,Won,2017-03-23,84
ST-000639,2HT2R2GY,Cassey Cress,Prospecting,Engaging,2016-12-29,17
ST-000640,83XN082U,Corliss Cosme,Prospecting,Engaging,2016-12-29,28
ST-000641,83XN082U,Corliss Cosme,Engaging,Won,2017-03-23,84
ST-000642,J21W3WIW,Corliss Cosme,Prospecting,Engaging,2016-12-29,30
ST-000643,J21W3WIW,Corliss Cosme,Engaging,Won,2017-03-03,64
ST-000644,52UPJFYI,Gladys Colclough,Prospecting,Engaging,2016-12-29,30
ST-000645,52UPJFYI,Gladys Colclough,Engaging,Won,2017-03-19,80
ST-000646,QOL51JIB,James Ascencio,Prospecting,Engaging,2016-12-29,20
ST-000647,QOL51JIB,James Ascencio,Engaging,Won,2017-03-10,71
ST-000648,13GM5I6M,Kami Bicknell,Prospecting,Engaging,2016-12-29,6
ST-000649,93AGN8A6,Markita Hansen,Prospecting,Engaging,2016-12-29,4
ST-000650,93AGN8A6,Markita Hansen,Engaging,Won,2017-03-13,74
ST-000651,J7UNJFJL,Marty Freudenburg,Prospecting,Engaging,2016-12-29,23
ST-000652,J7UNJFJL,Marty Freudenburg,Engaging,Won,2017-03-03,64
ST-000653,A4H5ESTU,Maureen Marcano,Prospecting,Engaging,2016-12-29,20
ST-000654,A4H5ESTU,Maureen Marcano,Engaging,Won,2017-03-13,74
ST-000655,8EZ04VQB,Reed Clapper,Prospecting,Engaging,2016-12-29,29
ST-000656,8EZ04VQB,Reed Clapper,Engaging,Lost,2017-03-28,89
ST-000657,4501T63I,Rosalina Dieter,Prospecting,Engaging,2016-12-29,3
ST-000658,4501T63I,Rosalina Dieter,Engaging,Won,2017-03-14,75
ST-000659,9IA34L8S,Vicki Laflamme,Prospecting,Engaging,2016-12-29,5
ST-000660,FPNGEJRC,Violet Mclelland,Prospecting,Engaging,2016-12-29,27
ST-000661,FPNGEJRC,Violet Mclelland,Engaging,Won,2017-03-29,90
ST-000662,S33WRL0Y,Zane Levy,Prospecting,Engaging,2016-12-29,30
ST-000663,S33WRL0Y,Zane Levy,Engaging,Won,2017-03-13,74
ST-000664,Q7IRUJK7,Anna Snelling,Prospecting,Engaging,2017-01-01,10
ST-000665,Q7IRUJK7,Anna Snelling,Engaging,Won,2017-03-01,59
ST-000666,DTZPYISJ,Daniell Hammack,Prospecting,Engaging,2017-01-01,8
ST-000667,DTZPYISJ,Daniell Hammack,Engaging,Won,2017-03-19,77
ST-000668,Y9HWSG8Z,Darcel Schlecht,Prospecting,Engaging,2017-01-01,16
ST-000669,Y9HWSG8Z,Darcel Schlecht,Engaging,Won,2017-03-20,78
ST-000670,5T8Q2YID,Elease Gluck,Prospecting,Engaging,2017-01-01,18
ST-000671,JOQCXC9Z,Jonathan Berthelot,Prospecting,Engaging,2017-01-01,18
ST-000672,JOQCXC9Z,Jonathan Berthelot,Engaging,Won,2017-03-16,74
ST-000673,AP7PCLAZ,Kami Bicknell,Prospecting,Engaging,2017-01-01,9
ST-000674,AP7PCLAZ,Kami Bicknell,Engaging,Won,2017-03-26,84
ST-000675,BIE471SO,Reed Clapper,Prospecting,Engaging,2017-01-01,30
ST-000676,BIE471SO,Reed Clapper,Engaging,Won,2017-03-29,87
ST-000677,UA8AWDG4,Vicki Laflamme,Prospecting,Engaging,2017-01-01,15
ST-000678,UA8AWDG4,Vicki Laflamme,Engaging,Won,2017-03-22,80
ST-000679,BTT6YAVZ,Zane Levy,Prospecting,Engaging,2017-01-01,4
ST-000680,FZDRB789,Zane Levy,Prospecting,Engaging,2017-01-01,8
ST-000681,FZDRB789,Zane Levy,Engaging,Won,2017-03-18,76
ST-000682,PC1NUL8Q,Anna Snelling,Prospecting,Engaging,2017-01-02,15
ST-000683,PC1NUL8Q,Anna Snelling,Engaging,Won,2017-03-02,59
ST-000684,O7UUAK3Y,Corliss Cosme,Prospecting,Engaging,2017-01-02,3
ST-000685,TLOHEQ18,Corliss Cosme,Prospecting,Engaging,2017-01-02,15
ST-000686,F1X5ZJ7V,Jonathan Berthelot,Prospecting,Engaging,2017-01-02,11
ST-000687,F1X5ZJ7V,Jonathan Berthelot,Engaging,Won,2017-05-04,122
ST-000688,IF7MJ88P,Kary Hendrixson,Prospecting,Engaging,2017-01-02,28
ST-000689,IF7MJ88P,Kary Hendrixson,Engaging,Won,2017-03-01,58
ST-000690,06B7XWPC,Kary Hendrixson,Prospecting,Engaging,2017-01-02,28
ST-000691,06B7XWPC,Kary Hendrixson,Engaging,Won,2017-03-17,74
ST-000692,12MQ3WM8,Marty Freudenburg,Prospecting,Engaging,2017-01-02,17
ST-000693,12MQ3WM8,Marty Freudenburg,Engaging,Won,2017-03-10,67
ST-000694,91M6FY8S,Moses Frase,Prospecting,Engaging,2017-01-02,12
ST-000695,91M6FY8S,Moses Frase,Engaging,Won,2017-03-21,78
ST-000696,0LNZRNEU,Violet Mclelland,Prospecting,Engaging,2017-01-02,16
ST-000697,0LNZRNEU,Violet Mclelland,Engaging,Won,2017-03-29,86
ST-000698,NKOKUS7D,Cassey Cress,Prospecting,Engaging,2017-01-03,25
ST-000699,NKOKUS7D,Cassey Cress,Engaging,Won,2017-03-12,68
ST-000700,NF6GCTMV,Daniell Hammack,Prospecting,Engaging,2017-01-03,26
ST-000701,NF6GCTMV,Daniell Hammack,Engaging,Lost,2017-03-22,78
ST-000702,I4UCA7CU,Darcel Schlecht,Prospecting,Engaging,2017-01-03,28
ST-000703,I4UCA7CU,Darcel Schlecht,Engaging,Won,2017-03-21,77
ST-000704,EWDOBEM6,Hayden Neloms,Prospecting,Engaging,2017-01-03,20
ST-000705,1LI7ETNZ,James Ascencio,Prospecting,Engaging,2017-01-03,24
ST-000706,1LI7ETNZ,James Ascencio,Engaging,Won,2017-03-06,62
ST-000707,N36DEZBR,James Ascencio,Prospecting,Engaging,2017-01-03,25
ST-000708,N36DEZBR,James Ascencio,Engaging,Won,2017-03-18,74
ST-000709,77ZECYVJ,Kary Hendrixson,Prospecting,Engaging,2017-01-03,18
ST-000710,77ZECYVJ,Kary Hendrixson,Engaging,Lost,2017-03-17,73
ST-000711,IRB461Y7,Kary Hendrixson,Prospecting,Engaging,2017-01-03,7
ST-000712,IRB461Y7,Kary Hendrixson,Engaging,Won,2017-03-30,86
ST-000713,NM2Q3CGW,Vicki Laflamme,Prospecting,Engaging,2017-01-03,9
ST-000714,NM2Q3CGW,Vicki Laflamme,Engaging,Won,2017-03-15,71
ST-000715,OEEUEIPJ,Violet Mclelland,Prospecting,Engaging,2017-01-03,12
ST-000716,OEEUEIPJ,Violet Mclelland,Engaging,Lost,2017-03-05,61
ST-000717,5E14LG51,Boris Faz,Prospecting,Engaging,2017-01-04,9
ST-000718,5E14LG51,Boris Faz,Engaging,Won,2017-03-25,80
ST-000719,TIAGZQ54,Cecily Lampkin,Prospecting,Engaging,2017-01-04,4
ST-000720,TIAGZQ54,Cecily Lampkin,Engaging,Lost,2017-03-20,75
ST-000721,QM6VR1H5,Daniell Hammack,Prospecting,Engaging,2017-01-04,21
ST-000722,QR2BDRAI,James Ascencio,Prospecting,Engaging,2017-01-04,26
ST-000723,Z75ND4JF,Kary Hendrixson,Prospecting,Engaging,2017-01-04,20
ST-000724,CRX91A45,Kary Hendrixson,Prospecting,Engaging,2017-01-04,4
ST-000725,CRX91A45,Kary Hendrixson,Engaging,Won,2017-03-16,71
ST-000726,ZOQ8RC86,Marty Freudenburg,Prospecting,Engaging,2017-01-04,26
ST-000727,ZOQ8RC86,Marty Freudenburg,Engaging,Won,2017-05-05,121
ST-000728,SV4SOO2K,Vicki Laflamme,Prospecting,Engaging,2017-01-04,13
ST-000729,SV4SOO2K,Vicki Laflamme,Engaging,Won,2017-03-28,83
ST-000730,ITHR5WLF,Vicki Laflamme,Prospecting,Engaging,2017-01-04,4
ST-000731,ITHR5WLF,Vicki Laflamme,Engaging,Won,2017-03-12,67
ST-000732,CGWJ1WHI,Wilburn Farren,Prospecting,Engaging,2017-01-04,4
ST-000733,279625VN,Anna Snelling,Prospecting,Engaging,2017-01-05,21
ST-000734,279625VN,Anna Snelling,Engaging,Lost,2017-03-25,79
ST-000735,M16D8PYH,Daniell Hammack,Prospecting,Engaging,2017-01-05,18
ST-000736,RK52YU8S,Darcel Schlecht,Prospecting,Engaging,2017-01-05,19
ST-000737,RK52YU8S,Darcel Schlecht,Engaging,Lost,2017-03-09,63
ST-000738,E8EY51IC,Garret Kinder,Prospecting,Engaging,2017-01-05,30
ST-000739,E8EY51IC,Garret Kinder,Engaging,Lost,2017-03-26,80
ST-000740,HG07LMHI,Jonathan Berthelot,Prospecting,Engaging,2017-01-05,19
ST-000741,HG07LMHI,Jonathan Berthelot,Engaging,Won,2017-03-19,73
ST-000742,VPXW8RJS,Kami Bicknell,Prospecting,Engaging,2017-01-05,8
ST-000743,85XNDIK1,Kary Hendrixson,Prospecting,Engaging,2017-01-05,4
ST-000744,85XNDIK1,Kary Hendrixson,Engaging,Lost,2017-03-30,84
ST-000745,2U54WYQ1,Vicki Laflamme,Prospecting,Engaging,2017-01-05,19
ST-000746,2U54WYQ1,Vicki Laflamme,Engaging,Won,2017-03-23,77
ST-000747,VCA1WAB0,Anna Snelling,Prospecting,Engaging,2017-01-06,5
ST-000748,VCA1WAB0,Anna Snelling,Engaging,Lost,2017-03-21,74
ST-000749,T7T1YIM7,Boris Faz,Prospecting,Engaging,2017-01-06,30
ST-000750,MXNVX2AM,Darcel Schlecht,Prospecting,Engaging,2017-01-06,8
ST-000751,MXNVX2AM,Darcel Schlecht,Engaging,Lost,2017-03-18,71
ST-000752,1G866GH4,Darcel Schlecht,Prospecting,Engaging,2017-01-06,5
ST-000753,1G866GH4,Darcel Schlecht,Engaging,Won,2017-03-17,70
ST-000754,WDG0B1IR,Gladys Colclough,Prospecting,Engaging,2017-01-06,22
ST-000755,WDG0B1IR,Gladys Colclough,Engaging,Lost,2017-03-23,76
ST-000756,Q5CABPMO,Gladys Colclough,Prospecting,Engaging,2017-01-06,5
ST-000757,Q5CABPMO,Gladys Colclough,Engaging,Won,2017-03-23,76
ST-000758,HHBA93J5,Kary Hendrixson,Prospecting,Engaging,2017-01-06,24
ST-000759,HHBA93J5,Kary Hendrixson,Engaging,Won,2017-03-27,80
ST-000760,R0W6A9BG,Lajuana Vencill,Prospecting,Engaging,2017-01-06,30
ST-000761,R0W6A9BG,Lajuana Vencill,Engaging,Lost,2017-05-10,124
ST-000762,P5EGQ0HI,Lajuana Vencill,Prospecting,Engaging,2017-01-06,10
ST-000763,P5EGQ0HI,Lajuana Vencill,Engaging,Lost,2017-03-20,73
ST-000764,L1EJIE5L,Reed Clapper,Prospecting,Engaging,2017-01-06,15
ST-000765,L1EJIE5L,Reed Clapper,Engaging,Lost,2017-03-17,70
ST-000766,S3XI6YB3,Versie Hillebrand,Prospecting,Engaging,2017-01-06,6
ST-000767,S3XI6YB3,Versie Hillebrand,Engaging,Lost,2017-03-24,77
ST-000768,BBC3JB3H,Anna Snelling,Prospecting,Engaging,2017-01-07,21
ST-000769,BBC3JB3H,Anna Snelling,Engaging,Won,2017-03-08,60
ST-000770,4JHY98UG,Cassey Cress,Prospecting,Engaging,2017-01-07,10
ST-000771,7XVLKX8G,Cecily Lampkin,Prospecting,Engaging,2017-01-07,21
ST-000772,7XVLKX8G,Cecily Lampkin,Engaging,Lost,2017-03-05,57
ST-000773,G39V1X3G,Corliss Cosme,Prospecting,Engaging,2017-01-07,22
ST-000774,OX4P78HP,Corliss Cosme,Prospecting,Engaging,2017-01-07,4
ST-000775,OX4P78HP,Corliss Cosme,Engaging,Won,2017-03-16,68
ST-000776,72LNJRY9,Maureen Marcano,Prospecting,Engaging,2017-01-07,22
ST-000777,72LNJRY9,Maureen Marcano,Engaging,Won,2017-03-25,77
ST-000778,8C2WG2FB,Zane Levy,Prospecting,Engaging,2017-01-07,5
ST-000779,8C2WG2FB,Zane Levy,Engaging,Lost,2017-03-28,80
ST-000780,L0345WKB,Zane Levy,Prospecting,Engaging,2017-01-07,16
ST-000781,L0345WKB,Zane Levy,Engaging,Won,2017-03-14,66
ST-000782,S24L8LVR,Anna Snelling,Prospecting,Engaging,2017-01-08,24
ST-000783,S24L8LVR,Anna Snelling,Engaging,Won,2017-03-18,69
ST-000784,JXWXEJXE,Lajuana Vencill,Prospecting,Engaging,2017-01-08,21
ST-000785,JXWXEJXE,Lajuana Vencill,Engaging,Won,2017-03-27,78
ST-000786,W2JCRPLX,Markita Hansen,Prospecting,Engaging,2017-01-08,21
ST-000787,W2JCRPLX,Markita Hansen,Engaging,Won,2017-03-22,73
ST-000788,EQCD7G7Q,Rosalina Dieter,Prospecting,Engaging,2017-01-08,19
ST-000789,1M2I2NXQ,Rosie Papadopoulos,Prospecting,Engaging,2017-01-08,13
ST-000790,1M2I2NXQ,Rosie Papadopoulos,Engaging,Won,2017-03-26,77
ST-000791,XYNTWPN1,Violet Mclelland,Prospecting,Engaging,2017-01-08,11
ST-000792,54EGR0AD,Violet Mclelland,Prospecting,Engaging,2017-01-08,9
ST-000793,54EGR0AD,Violet Mclelland,Engaging,Won,2017-03-25,76
ST-000794,VT5Y73GX,Anna Snelling,Prospecting,Engaging,2017-01-09,24
ST-000795,VT5Y73GX,Anna Snelling,Engaging,Won,2017-03-15,65
ST-000796,8O9V7UOZ,Anna Snelling,Prospecting,Engaging,2017-01-09,25
ST-000797,8O9V7UOZ,Anna Snelling,Engaging,Won,2017-03-01,51
ST-000798,GIIC5H9X,Boris Faz,Prospecting,Engaging,2017-01-09,13
ST-000799,GIIC5H9X,Boris Faz,Engaging,Won,2017-03-19,69
ST-000800,9WMU7YHD,Cassey Cress,Prospecting,Engaging,2017-01-09,10
ST-000801,9WMU7YHD,Cassey Cress,Engaging,Won,2017-03-03,53
ST-000802,8BQMFR86,Corliss Cosme,Prospecting,Engaging,2017-01-09,11
ST-000803,8BQMFR86,Corliss Cosme,Engaging,Won,2017-03-30,80
ST-000804,DDCC6ZPK,Donn Cantrell,Prospecting,Engaging,2017-01-09,15
ST-000805,DDCC6ZPK,Donn Cantrell,Engaging,Won,2017-03-25,75
ST-000806,YMGWLEHY,Garret Kinder,Prospecting,Engaging,2017-01-09,7
ST-000807,YMGWLEHY,Garret Kinder,Engaging,Won,2017-03-21,71
ST-000808,FKS9MVF6,Jonathan Berthelot,Prospecting,Engaging,2017-01-09,24
ST-000809,FKS9MVF6,Jonathan Berthelot,Engaging,Won,2017-03-02,52
ST-000810,6Q67ZUJ1,Maureen Marcano,Prospecting,Engaging,2017-01-09,23
ST-000811,HF8ABDF6,Rosalina Dieter,Prospecting,Engaging,2017-01-09,12
ST-000812,HF8ABDF6,Rosalina Dieter,Engaging,Won,2017-03-29,79
ST-000813,Y6UBZM6P,Vicki Laflamme,Prospecting,Engaging,2017-01-09,17
ST-000814,SIRC44NM,Vicki Laflamme,Prospecting,Engaging,2017-01-09,13
ST-000815,SIRC44NM,Vicki Laflamme,Engaging,Won,2017-03-27,77
ST-000816,7S6SHJJG,Zane Levy,Prospecting,Engaging,2017-01-09,27
ST-000817,7S6SHJJG,Zane Levy,Engaging,Won,2017-03-14,64
ST-000818,ZE84UHHB,Anna Snelling,Prospecting,Engaging,2017-01-10,5
ST-000819,ZE84UHHB,Anna Snelling,Engaging,Won,2017-03-26,75
ST-000820,2R3ZA84D,Darcel Schlecht,Prospecting,Engaging,2017-01-10,3
ST-000821,2R3ZA84D,Darcel Schlecht,Engaging,Won,2017-03-28,77
ST-000822,LTTYTAXA,Donn Cantrell,Prospecting,Engaging,2017-01-10,17
ST-000823,LTTYTAXA,Donn Cantrell,Engaging,Won,2017-03-24,73
ST-000824,RIW4VWBW,Hayden Neloms,Prospecting,Engaging,2017-01-10,22
ST-000825,ZWFPD71J,Kami Bicknell,Prospecting,Engaging,2017-01-10,21
ST-000826,ZWFPD71J,Kami Bicknell,Engaging,Won,2017-03-06,55
ST-000827,T5C527Z9,Kary Hendrixson,Prospecting,Engaging,2017-01-10,6
ST-000828,T5C527Z9,Kary Hendrixson,Engaging,Won,2017-03-08,57
ST-000829,XC4LTIEO,Lajuana Vencill,Prospecting,Engaging,2017-01-10,5
ST-000830,XC4LTIEO,Lajuana Vencill,Engaging,Lost,2017-05-02,112
ST-000831,AEBF9M5T,Lajuana Vencill,Prospecting,Engaging,2017-01-10,20
ST-000832,AEBF9M5T,Lajuana Vencill,Engaging,Won,2017-03-30,79
ST-000833,DWUD4S0P,Markita Hansen,Prospecting,Engaging,2017-01-10,9
ST-000834,MCE5DKD1,Markita Hansen,Prospecting,Engaging,2017-01-10,19
ST-000835,EV46ES18,Markita Hansen,Prospecting,Engaging,2017-01-10,11
ST-000836,EV46ES18,Markita Hansen,Engaging,Won,2017-03-16,65
ST-000837,ID3IJHUS,Markita Hansen,Prospecting,Engaging,2017-01-10,7
ST-000838,ID3IJHUS,Markita Hansen,Engaging,Won,2017-03-11,60
ST-000839,YBJ72HKE,Maureen Marcano,Prospecting,Engaging,2017-01-10,14
ST-000840,YBJ72HKE,Maureen Marcano,Engaging,Lost,2017-03-12,61
ST-000841,RW39Y63V,Vicki Laflamme,Prospecting,Engaging,2017-01-10,5
ST-000842,5DEO8EDS,Vicki Laflamme,Prospecting,Engaging,2017-01-10,10
ST-000843,5DEO8EDS,Vicki Laflamme,Engaging,Won,2017-03-20,69
ST-000844,8LW65NDL,Violet Mclelland,Prospecting,Engaging,2017-01-10,14
ST-000845,CJ2ON1LV,Corliss Cosme,Prospecting,Engaging,2017-01-11,12
ST-000846,4I8X7EMW,Corliss Cosme,Prospecting,Engaging,2017-01-11,8
ST-000847,WPXAMXD2,Darcel Schlecht,Prospecting,Engaging,2017-01-11,17
ST-000848,WPXAMXD2,Darcel Schlecht,Engaging,Lost,2017-03-10,58
ST-000849,A4BBDK82,Jonathan Berthelot,Prospecting,Engaging,2017-01-11,29
ST-000850,A4BBDK82,Jonathan Berthelot,Engaging,Won,2017-03-28,76
ST-000851,LMOAYCUK,Kami Bicknell,Prospecting,Engaging,2017-01-11,20
ST-000852,4XCJP60W,Kami Bicknell,Prospecting,Engaging,2017-01-11,25
ST-000853,4XCJP60W,Kami Bicknell,Engaging,Won,2017-05-06,115
ST-000854,CDKX2A19,Lajuana Vencill,Prospecting,Engaging,2017-01-11,12
ST-000855,CDKX2A19,Lajuana Vencill,Engaging,Won,2017-03-12,60
ST-000856,344I60EI,Markita Hansen,Prospecting,Engaging,2017-01-11,22
ST-000857,344I60EI,Markita Hansen,Engaging,Won,2017-03-16,64
ST-000858,YI30GSB5,Marty Freudenburg,Prospecting,Engaging,2017-01-11,28
ST-000859,YI30GSB5,Marty Freudenburg,Engaging,Lost,2017-03-31,79
ST-000860,0IYQX303,Reed Clapper,Prospecting,Engaging,2017-01-11,23
ST-000861,0IYQX303,Reed Clapper,Engaging,Won,2017-03-17,65
ST-000862,6IMUQYMN,Corliss Cosme,Prospecting,Engaging,2017-01-12,19
ST-000863,6IMUQYMN,Corliss Cosme,Engaging,Won,2017-03-10,57
ST-000864,N9GAZ6B6,Gladys Colclough,Prospecting,Engaging,2017-01-12,3
ST-000865,N9GAZ6B6,Gladys Colclough,Engaging,Won,2017-03-20,67
ST-000866,8O3IYWSM,Jonathan Berthelot,Prospecting,Engaging,2017-01-12,24
ST-000867,8O3IYWSM,Jonathan Berthelot,Engaging,Won,2017-05-17,125
ST-000868,R3OR0J5C,Lajuana Vencill,Prospecting,Engaging,2017-01-12,29
ST-000869,R3OR0J5C,Lajuana Vencill,Engaging,Won,2017-03-30,77
ST-000870,VCSHYIU8,Maureen Marcano,Prospecting,Engaging,2017-01-12,20
ST-000871,0I6U3MQ6,Violet Mclelland,Prospecting,Engaging,2017-01-12,12
ST-000872,RXV4UXRE,Violet Mclelland,Prospecting,Engaging,2017-01-12,24
ST-000873,RXV4UXRE,Violet Mclelland,Engaging,Won,2017-03-23,70
ST-000874,5AKGNKX1,Anna Snelling,Prospecting,Engaging,2017-01-13,6
ST-000875,5AKGNKX1,Anna Snelling,Engaging,Won,2017-03-16,62
ST-000876,KNLMLTJH,Anna Snelling,Prospecting,Engaging,2017-01-13,7
ST-000877,KNLMLTJH,Anna Snelling,Engaging,Won,2017-03-27,73
ST-000878,WRUG19FZ,Hayden Neloms,Prospecting,Engaging,2017-01-13,11
ST-000879,UQQE9ILV,James Ascencio,Prospecting,Engaging,2017-01-13,6
ST-000880,G9GH5KV5,Kami Bicknell,Prospecting,Engaging,2017-01-13,6
ST-000881,G9GH5KV5,Kami Bicknell,Engaging,Won,2017-03-21,67
ST-000882,H06UZJH8,Kary Hendrixson,Prospecting,Engaging,2017-01-13,26
ST-000883,H06UZJH8,Kary Hendrixson,Engaging,Lost,2017-05-08,115
ST-000884,K1RXVUG9,Kary Hendrixson,Prospecting,Engaging,2017-01-13,20
ST-000885,K1RXVUG9,Kary Hendrixson,Engaging,Won,2017-03-14,60
ST-000886,1QT3STIA,Maureen Marcano,Prospecting,Engaging,2017-01-13,7
ST-000887,1QT3STIA,Maureen Marcano,Engaging,Won,2017-05-14,121
ST-000888,070M5M6X,Maureen Marcano,Prospecting,Engaging,2017-01-13,11
ST-000889,070M5M6X,Maureen Marcano,Engaging,Won,2017-03-25,71
ST-000890,DFTR2O9K,Reed Clapper,Prospecting,Engaging,2017-01-13,12
ST-000891,DFTR2O9K,Reed Clapper,Engaging,Won,2017-05-08,115
ST-000892,W8CXDBQN,Vicki Laflamme,Prospecting,Engaging,2017-01-13,22
ST-000893,S9MECO24,Violet Mclelland,Prospecting,Engaging,2017-01-13,9
ST-000894,S9MECO24,Violet Mclelland,Engaging,Lost,2017-03-31,77
ST-000895,EJSFO67U,Donn Cantrell,Prospecting,Engaging,2017-01-14,25
ST-000896,EJSFO67U,Donn Cantrell,Engaging,Won,2017-03-29,74
ST-000897,VKT0UN11,James Ascencio,Prospecting,Engaging,2017-01-14,13
ST-000898,SKTD4GGU,Kami Bicknell,Prospecting,Engaging,2017-01-14,9
ST-000899,SKTD4GGU,Kami Bicknell,Engaging,Won,2017-03-28,73
ST-000900,JIACLB24,Vicki Laflamme,Prospecting,Engaging,2017-01-14,24
ST-000901,SNAPG5KC,Vicki Laflamme,Prospecting,Engaging,2017-01-14,23
ST-000902,SNAPG5KC,Vicki Laflamme,Engaging,Lost,2017-05-05,111
ST-000903,561707V4,Vicki Laflamme,Prospecting,Engaging,2017-01-14,30
ST-000904,561707V4,Vicki Laflamme,Engaging,Won,2017-03-17,62
ST-000905,J28ZRO9G,Wilburn Farren,Prospecting,Engaging,2017-01-14,11
ST-000906,J28ZRO9G,Wilburn Farren,Engaging,Won,2017-05-18,124
ST-000907,5VYJCJAE,Corliss Cosme,Prospecting,Engaging,2017-01-15,19
ST-000908,BTUG5VDL,Corliss Cosme,Prospecting,Engaging,2017-01-15,18
ST-000909,KZ8Q0AFX,Corliss Cosme,Prospecting,Engaging,2017-01-15,11
ST-000910,KZ8Q0AFX,Corliss Cosme,Engaging,Lost,2017-05-02,107
ST-000911,CT3HBBI2,Elease Gluck,Prospecting,Engaging,2017-01-15,30
ST-000912,AOOFHH6F,Markita Hansen,Prospecting,Engaging,2017-01-15,4
ST-000913,AOOFHH6F,Markita Hansen,Engaging,Won,2017-05-18,123
ST-000914,5U9Y1P87,Maureen Marcano,Prospecting,Engaging,2017-01-15,5
ST-000915,5U9Y1P87,Maureen Marcano,Engaging,Won,2017-03-21,65
ST-000916,J0Y91LUA,Maureen Marcano,Prospecting,Engaging,2017-01-15,23
ST-000917,J0Y91LUA,Maureen Marcano,Engaging,Won,2017-03-22,66
ST-000918,YBRZQFEO,Maureen Marcano,Prospecting,Engaging,2017-01-15,16
ST-000919,YBRZQFEO,Maureen Marcano,Engaging,Won,2017-03-31,75
ST-000920,PHR8KB1Y,Niesha Huffines,Prospecting,Engaging,2017-01-15,29
ST-000921,PHR8KB1Y,Niesha Huffines,Engaging,Won,2017-05-15,120
ST-000922,GR2X90DZ,Vicki Laflamme,Prospecting,Engaging,2017-01-15,11
ST-000923,TBZMXKH4,Wilburn Farren,Prospecting,Engaging,2017-01-15,4
ST-000924,TBZMXKH4,Wilburn Farren,Engaging,Won,2017-03-29,73
ST-000925,WNXZ1FGS,Daniell Hammack,Prospecting,Engaging,2017-01-16,3
ST-000926,WNXZ1FGS,Daniell Hammack,Engaging,Lost,2017-03-28,71
ST-000927,S3W6Q07M,Kami Bicknell,Prospecting,Engaging,2017-01-16,13
ST-000928,K64TY8LU,Maureen Marcano,Prospecting,Engaging,2017-01-16,27
ST-000929,6389JY2H,Moses Frase,Prospecting,Engaging,2017-01-16,7
ST-000930,6389JY2H,Moses Frase,Engaging,Won,2017-06-02,137
ST-000931,SZ81H1PM,Versie Hillebrand,Prospecting,Engaging,2017-01-16,23
ST-000932,SZ81H1PM,Versie Hillebrand,Engaging,Won,2017-03-17,60
ST-000933,M842E8JB,Violet Mclelland,Prospecting,Engaging,2017-01-16,11
ST-000934,M842E8JB,Violet Mclelland,Engaging,Lost,2017-03-13,56
ST-000935,JRJ7DBW5,Daniell Hammack,Prospecting,Engaging,2017-01-17,8
ST-000936,JRJ7DBW5,Daniell Hammack,Engaging,Lost,2017-03-19,61
ST-000937,N9C0OCYY,Gladys Colclough,Prospecting,Engaging,2017-01-17,26
ST-000938,N9C0OCYY,Gladys Colclough,Engaging,Won,2017-05-04,107
ST-000939,0OESOJNN,James Ascencio,Prospecting,Engaging,2017-01-17,17
ST-000940,R7XZAIWS,Jonathan Berthelot,Prospecting,Engaging,2017-01-17,20
ST-000941,R7XZAIWS,Jonathan Berthelot,Engaging,Won,2017-03-14,56
ST-000942,FFO5WOHT,Kami Bicknell,Prospecting,Engaging,2017-01-17,25
ST-000943,FFO5WOHT,Kami Bicknell,Engaging,Won,2017-05-08,111
ST-000944,XHHJ48MJ,Kami Bicknell,Prospecting,Engaging,2017-01-17,16
ST-000945,XHHJ48MJ,Kami Bicknell,Engaging,Won,2017-03-14,56
ST-000946,YAR5GGA4,Markita Hansen,Prospecting,Engaging,2017-01-17,20
ST-000947,YAR5GGA4,Markita Hansen,Engaging,Won,2017-03-29,71
ST-000948,NOVPMLOV,Niesha Huffines,Prospecting,Engaging,2017-01-17,3
ST-000949,NOVPMLOV,Niesha Huffines,Engaging,Won,2017-03-23,65
ST-000950,UPHN2I1Q,Niesha Huffines,Prospecting,Engaging,2017-01-17,6
ST-000951,UPHN2I1Q,Niesha Huffines,Engaging,Won,2017-05-14,117
ST-000952,NN9R2Y4W,Vicki Laflamme,Prospecting,Engaging,2017-01-17,5
ST-000953,NN9R2Y4W,Vicki Laflamme,Engaging,Won,2017-03-30,72
ST-000954,977FJ9QQ,Boris Faz,Prospecting,Engaging,2017-01-18,25
ST-000955,977FJ9QQ,Boris Faz,Engaging,Lost,2017-03-29,70
ST-000956,DZ57QIQN,Daniell Hammack,Prospecting,Engaging,2017-01-18,7
ST-000957,A6Y1V5Z0,Garret Kinder,Prospecting,Engaging,2017-01-18,20
ST-000958,A6Y1V5Z0,Garret Kinder,Engaging,Won,2017-06-04,137
ST-000959,NU8LWEWU,James Ascencio,Prospecting,Engaging,2017-01-18,4
ST-000960,NU8LWEWU,James Ascencio,Engaging,Won,2017-05-03,105
ST-000961,PFHS80CR,Jonathan Berthelot,Prospecting,Engaging,2017-01-18,29
ST-000962,PFHS80CR,Jonathan Berthelot,Engaging,Lost,2017-05-20,122
ST-000963,OZ5S8NCK,Kary Hendrixson,Prospecting,Engaging,2017-01-18,14
ST-000964,904203D6,Moses Frase,Prospecting,Engaging,2017-01-18,21
ST-000965,904203D6,Moses Frase,Engaging,Won,2017-03-29,70
ST-000966,Z0TSV030,Garret Kinder,Prospecting,Engaging,2017-01-19,20
ST-000967,Z0TSV030,Garret Kinder,Engaging,Won,2017-03-30,70
ST-000968,8C4QM1X6,Gladys Colclough,Prospecting,Engaging,2017-01-19,7
ST-000969,8C4QM1X6,Gladys Colclough,Engaging,Won,2017-06-04,136
ST-000970,NOPI41RP,James Ascencio,Prospecting,Engaging,2017-01-19,16
ST-000971,NOPI41RP,James Ascencio,Engaging,Won,2017-03-01,41
ST-000972,2536CW3V,Kami Bicknell,Prospecting,Engaging,2017-01-19,7
ST-000973,2536CW3V,Kami Bicknell,Engaging,Lost,2017-05-08,109
ST-000974,AC5YXLIR,Kary Hendrixson,Prospecting,Engaging,2017-01-19,4
ST-000975,AC5YXLIR,Kary Hendrixson,Engaging,Won,2017-03-30,70
ST-000976,HSGJKH6U,Kary Hendrixson,Prospecting,Engaging,2017-01-19,12
ST-000977,HSGJKH6U,Kary Hendrixson,Engaging,Won,2017-03-29,69
ST-000978,4TZF9N1D,Kary Hendrixson,Prospecting,Engaging,2017-01-19,14
ST-000979,4TZF9N1D,Kary Hendrixson,Engaging,Won,2017-03-28,68
ST-000980,HNKZ2IC6,Markita Hansen,Prospecting,Engaging,2017-01-19,28
ST-000981,HNKZ2IC6,Markita Hansen,Engaging,Lost,2017-03-26,66
ST-000982,BB6TCH8B,Markita Hansen,Prospecting,Engaging,2017-01-19,30
ST-000983,BB6TCH8B,Markita Hansen,Engaging,Lost,2017-05-05,106
ST-000984,IMTPZV7J,Moses Frase,Prospecting,Engaging,2017-01-19,4
ST-000985,IMTPZV7J,Moses Frase,Engaging,Won,2017-05-01,102
ST-000986,A4JROIDO,Vicki Laflamme,Prospecting,Engaging,2017-01-19,14
ST-000987,6NXY7144,Vicki Laflamme,Prospecting,Engaging,2017-01-19,9
ST-000988,6NXY7144,Vicki Laflamme,Engaging,Won,2017-03-31,71
ST-000989,KBKHKULU,Zane Levy,Prospecting,Engaging,2017-01-19,24
ST-000990,KBKHKULU,Zane Levy,Engaging,Won,2017-03-18,58
ST-000991,INMJIFTF,Corliss Cosme,Prospecting,Engaging,2017-01-20,10
ST-000992,INMJIFTF,Corliss Cosme,Engaging,Won,2017-06-06,137
ST-000993,FUVQ5UKB,Daniell Hammack,Prospecting,Engaging,2017-01-20,24
ST-000994,FUVQ5UKB,Daniell Hammack,Engaging,Won,2017-05-20,120
ST-000995,O462ARMZ,Garret Kinder,Prospecting,Engaging,2017-01-20,6
ST-000996,O462ARMZ,Garret Kinder,Engaging,Won,2017-06-05,136
ST-000997,6DCKCXDC,Jonathan Berthelot,Prospecting,Engaging,2017-01-20,14
ST-000998,6DCKCXDC,Jonathan Berthelot,Engaging,Won,2017-05-05,105
ST-000999,QVF0JRM5,Jonathan Berthelot,Prospecting,Engaging,2017-01-20,27
ST-001000,QVF0JRM5,Jonathan Berthelot,Engaging,Won,2017-03-28,67
ST-001001,7QGG2LO3,Kary Hendrixson,Prospecting,Engaging,2017-01-20,20
ST-001002,7QGG2LO3,Kary Hendrixson,Engaging,Lost,2017-05-25,125
ST-001003,Y6HNPIIT,Kary Hendrixson,Prospecting,Engaging,2017-01-20,30
ST-001004,Y6HNPIIT,Kary Hendrixson,Engaging,Won,2017-03-07,46
ST-001005,IBKRO1AN,Kary Hendrixson,Prospecting,Engaging,2017-01-20,16
ST-001006,IBKRO1AN,Kary Hendrixson,Engaging,Won,2017-03-28,67
ST-001007,3TDWLPMV,Lajuana Vencill,Prospecting,Engaging,2017-01-20,22
ST-001008,3TDWLPMV,Lajuana Vencill,Engaging,Lost,2017-03-11,50
ST-001009,JN1ZFD18,Lajuana Vencill,Prospecting,Engaging,2017-01-20,26
ST-001010,JN1ZFD18,Lajuana Vencill,Engaging,Won,2017-03-06,45
ST-001011,ZE7ILYKB,Markita Hansen,Prospecting,Engaging,2017-01-20,7
ST-001012,ZE7ILYKB,Markita Hansen,Engaging,Won,2017-05-03,103
ST-001013,SRFVQ0HG,Moses Frase,Prospecting,Engaging,2017-01-20,10
ST-001014,SRFVQ0HG,Moses Frase,Engaging,Lost,2017-03-24,63
ST-001015,D7H1EGS9,Zane Levy,Prospecting,Engaging,2017-01-20,30
ST-001016,D7H1EGS9,Zane Levy,Engaging,Lost,2017-03-20,59
ST-001017,1DDW2GQW,Anna Snelling,Prospecting,Engaging,2017-01-21,8
ST-001018,1DDW2GQW,Anna Snelling,Engaging,Lost,2017-03-09,47
ST-001019,PMEENWD5,Corliss Cosme,Prospecting,Engaging,2017-01-21,28
ST-001020,WPGTHV8V,Darcel Schlecht,Prospecting,Engaging,2017-01-21,28
ST-001021,WPGTHV8V,Darcel Schlecht,Engaging,Won,2017-03-19,57
ST-001022,Z1WLLL1H,Kami Bicknell,Prospecting,Engaging,2017-01-21,8
ST-001023,6GNJMYMO,Kami Bicknell,Prospecting,Engaging,2017-01-21,16
ST-001024,6GNJMYMO,Kami Bicknell,Engaging,Lost,2017-05-05,104
ST-001025,GWAT8UWK,Lajuana Vencill,Prospecting,Engaging,2017-01-21,3
ST-001026,GWAT8UWK,Lajuana Vencill,Engaging,Won,2017-03-25,63
ST-001027,ETZKANFZ,Markita Hansen,Prospecting,Engaging,2017-01-21,8
ST-001028,IZD69C5Q,Marty Freudenburg,Prospecting,Engaging,2017-01-21,26
ST-001029,IZD69C5Q,Marty Freudenburg,Engaging,Won,2017-06-06,136
ST-001030,QFU565JJ,Rosie Papadopoulos,Prospecting,Engaging,2017-01-21,13
ST-001031,QFU565JJ,Rosie Papadopoulos,Engaging,Won,2017-05-07,106
ST-001032,Z5BCBTAO,Versie Hillebrand,Prospecting,Engaging,2017-01-21,28
ST-001033,Z5BCBTAO,Versie Hillebrand,Engaging,Won,2017-05-20,119
ST-001034,2KKRRM1G,Zane Levy,Prospecting,Engaging,2017-01-21,16
ST-001035,2KKRRM1G,Zane Levy,Engaging,Won,2017-05-03,102
ST-001036,RLUGVSNV,Darcel Schlecht,Prospecting,Engaging,2017-01-22,28
ST-001037,RLUGVSNV,Darcel Schlecht,Engaging,Won,2017-05-12,110
ST-001038,ZKSJ1DOK,Elease Gluck,Prospecting,Engaging,2017-01-22,24
ST-001039,ZKSJ1DOK,Elease Gluck,Engaging,Won,2017-06-07,136
ST-001040,K8RQWTP4,Jonathan Berthelot,Prospecting,Engaging,2017-01-22,30
ST-001041,K8RQWTP4,Jonathan Berthelot,Engaging,Lost,2017-05-15,113
ST-001042,RSZC6BMW,Moses Frase,Prospecting,Engaging,2017-01-22,26
ST-001043,RSZC6BMW,Moses Frase,Engaging,Won,2017-05-07,105
ST-001044,O7YNBRX0,Reed Clapper,Prospecting,Engaging,2017-01-22,28
ST-001045,O7YNBRX0,Reed Clapper,Engaging,Won,2017-03-28,65
ST-001046,PK1PS0KR,Rosie Papadopoulos,Prospecting,Engaging,2017-01-22,10
ST-001047,AAYV8GV4,Anna Snelling,Prospecting,Engaging,2017-01-23,11
ST-001048,AAYV8GV4,Anna Snelling,Engaging,Lost,2017-05-05,102
ST-001049,EDEBWIOX,Cecily Lampkin,Prospecting,Engaging,2017-01-23,8
ST-001050,EDEBWIOX,Cecily Lampkin,Engaging,Lost,2017-05-28,125
ST-001051,VAH6Y3F6,Jonathan Berthelot,Prospecting,Engaging,2017-01-23,28
ST-001052,VAH6Y3F6,Jonathan Berthelot,Engaging,Won,2017-05-17,114
ST-001053,4U431MNA,Lajuana Vencill,Prospecting,Engaging,2017-01-23,25
ST-001054,4U431MNA,Lajuana Vencill,Engaging,Lost,2017-05-11,108
ST-001055,5HKAT5GS,Reed Clapper,Prospecting,Engaging,2017-01-23,6
ST-001056,5HKAT5GS,Reed Clapper,Engaging,Won,2017-05-10,107
ST-001057,F5VDTC4M,Rosalina Dieter,Prospecting,Engaging,2017-01-23,15
ST-001058,F5VDTC4M,Rosalina Dieter,Engaging,Lost,2017-05-06,103
ST-001059,UO4KXDBC,Rosalina Dieter,Prospecting,Engaging,2017-01-23,30
ST-001060,UO4KXDBC,Rosalina Dieter,Engaging,Lost,2017-05-23,120
ST-001061,TBIW957T,Versie Hillebrand,Prospecting,Engaging,2017-01-23,4
ST-001062,TBIW957T,Versie Hillebrand,Engaging,Won,2017-03-16,52
ST-001063,MSEIIH95,Versie Hillebrand,Prospecting,Engaging,2017-01-23,30
ST-001064,MSEIIH95,Versie Hillebrand,Engaging,Won,2017-03-23,59
ST-001065,RPONINLM,Vicki Laflamme,Prospecting,Engaging,2017-01-23,18
ST-001066,V4324HG4,Violet Mclelland,Prospecting,Engaging,2017-01-23,10
ST-001067,V4324HG4,Violet Mclelland,Engaging,Lost,2017-05-06,103
ST-001068,N852D2Z8,Zane Levy,Prospecting,Engaging,2017-01-23,9
ST-001069,N852D2Z8,Zane Levy,Engaging,Lost,2017-03-30,66
ST-001070,CF1CSNPX,Daniell Hammack,Prospecting,Engaging,2017-01-24,29
ST-001071,CF1CSNPX,Daniell Hammack,Engaging,Won,2017-03-31,66
ST-001072,NOXNFJ2L,Darcel Schlecht,Prospecting,Engaging,2017-01-24,17
ST-001073,NOXNFJ2L,Darcel Schlecht,Engaging,Won,2017-05-17,113
ST-001074,F569KUVC,Kami Bicknell,Prospecting,Engaging,2017-01-24,14
ST-001075,PKDJTR06,Kami Bicknell,Prospecting,Engaging,2017-01-24,12
ST-001076,VYPYVO8V,Vicki Laflamme,Prospecting,Engaging,2017-01-24,29
ST-001077,3LJAJVHR,Cassey Cress,Prospecting,Engaging,2017-01-25,28
ST-001078,3LJAJVHR,Cassey Cress,Engaging,Lost,2017-05-29,124
ST-001079,NN6CSUWT,Daniell Hammack,Prospecting,Engaging,2017-01-25,30
ST-001080,NN6CSUWT,Daniell Hammack,Engaging,Won,2017-03-21,55
ST-001081,X69POZIN,Kary Hendrixson,Prospecting,Engaging,2017-01-25,10
ST-001082,X69POZIN,Kary Hendrixson,Engaging,Won,2017-05-06,101
ST-001083,4FAEDB16,Markita Hansen,Prospecting,Engaging,2017-01-25,10
ST-001084,4FAEDB16,Markita Hansen,Engaging,Lost,2017-05-22,117
ST-001085,CPGCT81C,Maureen Marcano,Prospecting,Engaging,2017-01-25,3
ST-001086,CPGCT81C,Maureen Marcano,Engaging,Won,2017-03-06,40
ST-001087,TK9T01QM,Reed Clapper,Prospecting,Engaging,2017-01-25,24
ST-001088,TK9T01QM,Reed Clapper,Engaging,Lost,2017-05-07,102
ST-001089,P13DDOTM,Rosie Papadopoulos,Prospecting,Engaging,2017-01-25,9
ST-001090,P13DDOTM,Rosie Papadopoulos,Engaging,Won,2017-03-08,42
ST-001091,1PN7TVPX,Vicki Laflamme,Prospecting,Engaging,2017-01-25,15
ST-001092,1PN7TVPX,Vicki Laflamme,Engaging,Lost,2017-05-01,96
ST-001093,9ZKORPL2,Violet Mclelland,Prospecting,Engaging,2017-01-25,13
ST-001094,9ZKORPL2,Violet Mclelland,Engaging,Won,2017-05-09,104
ST-001095,1D54L027,Wilburn Farren,Prospecting,Engaging,2017-01-25,11
ST-001096,1ZCOKNNI,Zane Levy,Prospecting,Engaging,2017-01-25,30
ST-001097,1ZCOKNNI,Zane Levy,Engaging,Won,2017-05-14,109
ST-001098,BVYMJ6TD,Cassey Cress,Prospecting,Engaging,2017-01-26,5
ST-001099,BVYMJ6TD,Cassey Cress,Engaging,Won,2017-05-13,107
ST-001100,W5ADQ9SH,Darcel Schlecht,Prospecting,Engaging,2017-01-26,27
ST-001101,W5ADQ9SH,Darcel Schlecht,Engaging,Lost,2017-05-26,120
ST-001102,VXX8GJGY,Donn Cantrell,Prospecting,Engaging,2017-01-26,11
ST-001103,VXX8GJGY,Donn Cantrell,Engaging,Won,2017-03-19,52
ST-001104,ES9L0DXE,Garret Kinder,Prospecting,Engaging,2017-01-26,14
ST-001105,ES9L0DXE,Garret Kinder,Engaging,Won,2017-05-22,116
ST-001106,AANB25RH,Kami Bicknell,Prospecting,Engaging,2017-01-26,23
ST-001107,AANB25RH,Kami Bicknell,Engaging,Lost,2017-05-24,118
ST-001108,36PTGLTW,Maureen Marcano,Prospecting,Engaging,2017-01-26,19
ST-001109,36PTGLTW,Maureen Marcano,Engaging,Won,2017-03-24,57
ST-001110,6WTNSL1T,Rosalina Dieter,Prospecting,Engaging,2017-01-26,15
ST-001111,6WTNSL1T,Rosalina Dieter,Engaging,Won,2017-03-19,52
ST-001112,PV1DISEC,Zane Levy,Prospecting,Engaging,2017-01-26,24
ST-001113,PV1DISEC,Zane Levy,Engaging,Won,2017-03-16,49
ST-001114,S6BG03TB,Anna Snelling,Prospecting,Engaging,2017-01-27,29
ST-001115,S6BG03TB,Anna Snelling,Engaging,Won,2017-05-08,101
ST-001116,2YOW2BI0,Corliss Cosme,Prospecting,Engaging,2017-01-27,20
ST-001117,2YOW2BI0,Corliss Cosme,Engaging,Won,2017-05-22,115
ST-001118,IQ9KYZCG,Darcel Schlecht,Prospecting,Engaging,2017-01-27,13
ST-001119,IQ9KYZCG,Darcel Schlecht,Engaging,Won,2017-05-11,104
ST-001120,AWDOKG69,Garret Kinder,Prospecting,Engaging,2017-01-27,3
ST-001121,AWDOKG69,Garret Kinder,Engaging,Lost,2017-05-10,103
ST-001122,C4AFMVFM,James Ascencio,Prospecting,Engaging,2017-01-27,6
ST-001123,C4AFMVFM,James Ascencio,Engaging,Won,2017-03-06,38
ST-001124,WK6ERCGR,James Ascencio,Prospecting,Engaging,2017-01-27,11
ST-001125,WK6ERCGR,James Ascencio,Engaging,Won,2017-06-06,130
ST-001126,64DJ954O,Kary Hendrixson,Prospecting,Engaging,2017-01-27,8
ST-001127,64DJ954O,Kary Hendrixson,Engaging,Won,2017-03-30,62
ST-001128,84V18DBW,Anna Snelling,Prospecting,Engaging,2017-01-28,21
ST-001129,84V18DBW,Anna Snelling,Engaging,Won,2017-06-01,124
ST-001130,WFY0S4WW,Anna Snelling,Prospecting,Engaging,2017-01-28,11
ST-001131,WFY0S4WW,Anna Snelling,Engaging,Won,2017-05-02,94
ST-001132,HA1KXAIS,Cassey Cress,Prospecting,Engaging,2017-01-28,4
ST-001133,HA1KXAIS,Cassey Cress,Engaging,Won,2017-06-04,127
ST-001134,CENVLTFH,Corliss Cosme,Prospecting,Engaging,2017-01-28,6
ST-001135,EAYD98X2,Darcel Schlecht,Prospecting,Engaging,2017-01-28,22
ST-001136,EAYD98X2,Darcel Schlecht,Engaging,Lost,2017-05-27,119
ST-001137,YR4W59KS,Darcel Schlecht,Prospecting,Engaging,2017-01-28,16
ST-001138,YR4W59KS,Darcel Schlecht,Engaging,Lost,2017-05-18,110
ST-001139,SNFW1FD7,Darcel Schlecht,Prospecting,Engaging,2017-01-28,14
ST-001140,SNFW1FD7,Darcel Schlecht,Engaging,Won,2017-05-07,99
ST-001141,4NGSQODD,James Ascencio,Prospecting,Engaging,2017-01-28,26
ST-001142,2EOF1QCY,James Ascencio,Prospecting,Engaging,2017-01-28,28
ST-001143,2EOF1QCY,James Ascencio,Engaging,Won,2017-05-20,112
ST-001144,5BE27MLY,Maureen Marcano,Prospecting,Engaging,2017-01-28,13
ST-001145,O5O4ZAAC,Maureen Marcano,Prospecting,Engaging,2017-01-28,16
ST-001146,O5O4ZAAC,Maureen Marcano,Engaging,Lost,2017-05-08,100
ST-001147,YBAKNQ8Z,Reed Clapper,Prospecting,Engaging,2017-01-28,22
ST-001148,YBAKNQ8Z,Reed Clapper,Engaging,Lost,2017-03-30,61
ST-001149,N5UIZYIV,Zane Levy,Prospecting,Engaging,2017-01-28,19
ST-001150,QY6HCHDH,Anna Snelling,Prospecting,Engaging,2017-01-29,6
ST-001151,QY6HCHDH,Anna Snelling,Engaging,Won,2017-05-25,116
ST-001152,CZ3XOD03,Boris Faz,Prospecting,Engaging,2017-01-29,15
ST-001153,CZ3XOD03,Boris Faz,Engaging,Won,2017-05-11,102
ST-001154,LQ44KCMI,Cassey Cress,Prospecting,Engaging,2017-01-29,21
ST-001155,LQ44KCMI,Cassey Cress,Engaging,Lost,2017-03-13,43
ST-001156,WVJBVA61,Cecily Lampkin,Prospecting,Engaging,2017-01-29,9
ST-001157,WVJBVA61,Cecily Lampkin,Engaging,Won,2017-03-21,51
ST-001158,MV9AO6WU,Elease Gluck,Prospecting,Engaging,2017-01-29,11
ST-001159,MV9AO6WU,Elease Gluck,Engaging,Won,2017-03-12,42
ST-001160,VS2G74XQ,Garret Kinder,Prospecting,Engaging,2017-01-29,4
ST-001161,VS2G74XQ,Garret Kinder,Engaging,Won,2017-03-09,39
ST-001162,Q37IWCG1,Gladys Colclough,Prospecting,Engaging,2017-01-29,25
ST-001163,Q37IWCG1,Gladys Colclough,Engaging,Won,2017-05-11,102
ST-001164,CUR03RXO,Hayden Neloms,Prospecting,Engaging,2017-01-29,16
ST-001165,CUR03RXO,Hayden Neloms,Engaging,Won,2017-06-14,136
ST-001166,81APSLDP,James Ascencio,Prospecting,Engaging,2017-01-29,3
ST-001167,81APSLDP,James Ascencio,Engaging,Won,2017-05-03,94
ST-001168,RBXWRHBJ,Jonathan Berthelot,Prospecting,Engaging,2017-01-29,19
ST-001169,RBXWRHBJ,Jonathan Berthelot,Engaging,Lost,2017-03-06,36
ST-001170,G2GU9DYX,Jonathan Berthelot,Prospecting,Engaging,2017-01-29,28
ST-001171,G2GU9DYX,Jonathan Berthelot,Engaging,Won,2017-05-06,97
ST-001172,KBR253C0,Kami Bicknell,Prospecting,Engaging,2017-01-29,20
ST-001173,379DUF2N,Markita Hansen,Prospecting,Engaging,2017-01-29,24
ST-001174,67IKZGGJ,Maureen Marcano,Prospecting,Engaging,2017-01-29,26
ST-001175,05DTWSVC,Niesha Huffines,Prospecting,Engaging,2017-01-29,26
ST-001176,05DTWSVC,Niesha Huffines,Engaging,Lost,2017-05-05,96
ST-001177,2YQHHWJ3,Versie Hillebrand,Prospecting,Engaging,2017-01-29,26
ST-001178,2YQHHWJ3,Versie Hillebrand,Engaging,Lost,2017-05-22,113
ST-001179,ZW58VIDI,Vicki Laflamme,Prospecting,Engaging,2017-01-29,24
ST-001180,ZW58VIDI,Vicki Laflamme,Engaging,Won,2017-05-25,116
ST-001181,Q7IIF1IP,Vicki Laflamme,Prospecting,Engaging,2017-01-29,9
ST-001182,Q7IIF1IP,Vicki Laflamme,Engaging,Won,2017-06-05,127
ST-001183,AALARPLH,Vicki Laflamme,Prospecting,Engaging,2017-01-29,14
ST-001184,AALARPLH,Vicki Laflamme,Engaging,Won,2017-03-13,43
ST-001185,8YIANRVX,Zane Levy,Prospecting,Engaging,2017-01-29,16
ST-001186,5FFY13G5,Cecily Lampkin,Prospecting,Engaging,2017-01-30,5
ST-001187,5FFY13G5,Cecily Lampkin,Engaging,Lost,2017-05-19,109
ST-001188,01X8H9SO,Corliss Cosme,Prospecting,Engaging,2017-01-30,24
ST-001189,01X8H9SO,Corliss Cosme,Engaging,Won,2017-05-13,103
ST-001190,VLADQZ43,Darcel Schlecht,Prospecting,Engaging,2017-01-30,13
ST-001191,VLADQZ43,Darcel Schlecht,Engaging,Lost,2017-05-31,121
ST-001192,N9VYMV3W,Darcel Schlecht,Prospecting,Engaging,2017-01-30,22
ST-001193,N9VYMV3W,Darcel Schlecht,Engaging,Won,2017-03-10,39
ST-001194,A7SA2L21,Elease Gluck,Prospecting,Engaging,2017-01-30,13
ST-001195,2FTB6A7I,James Ascencio,Prospecting,Engaging,2017-01-30,24
ST-001196,2FTB6A7I,James Ascencio,Engaging,Won,2017-05-16,106
ST-001197,7V9A9TXZ,Marty Freudenburg,Prospecting,Engaging,2017-01-30,30
ST-001198,7V9A9TXZ,Marty Freudenburg,Engaging,Won,2017-06-06,127
ST-001199,HWDRCUYU,Moses Frase,Prospecting,Engaging,2017-01-30,6
ST-001200,HWDRCUYU,Moses Frase,Engaging,Won,2017-05-14,104
ST-001201,GFV4W89I,Rosalina Dieter,Prospecting,Engaging,2017-01-30,26
ST-001202,GFV4W89I,Rosalina Dieter,Engaging,Won,2017-06-13,134
ST-001203,7A4AC5BC,Versie Hillebrand,Prospecting,Engaging,2017-01-30,12
ST-001204,7A4AC5BC,Versie Hillebrand,Engaging,Won,2017-06-04,125
ST-001205,3B6HWK65,Vicki Laflamme,Prospecting,Engaging,2017-01-30,19
ST-001206,3B6HWK65,Vicki Laflamme,Engaging,Lost,2017-05-07,97
ST-001207,A3BK99P6,Cassey Cress,Prospecting,Engaging,2017-01-31,12
ST-001208,A3BK99P6,Cassey Cress,Engaging,Won,2017-03-17,45
ST-001209,9W7PFSNX,Corliss Cosme,Prospecting,Engaging,2017-01-31,24
ST-001210,XYLNH45V,Daniell Hammack,Prospecting,Engaging,2017-01-31,16
ST-001211,GVBWTDI3,Daniell Hammack,Prospecting,Engaging,2017-01-31,13
ST-001212,NY21X16G,Darcel Schlecht,Prospecting,Engaging,2017-01-31,15
ST-001213,NY21X16G,Darcel Schlecht,Engaging,Won,2017-03-10,38
ST-001214,O5BC64NW,Maureen Marcano,Prospecting,Engaging,2017-01-31,25
ST-001215,O5BC64NW,Maureen Marcano,Engaging,Lost,2017-05-26,115
ST-001216,4DW2FDX4,Versie Hillebrand,Prospecting,Engaging,2017-01-31,12
ST-001217,4DW2FDX4,Versie Hillebrand,Engaging,Won,2017-05-20,109
ST-001218,A66X4Q2J,Versie Hillebrand,Prospecting,Engaging,2017-01-31,20
ST-001219,A66X4Q2J,Versie Hillebrand,Engaging,Won,2017-05-01,90
ST-001220,VFEV5XBS,Violet Mclelland,Prospecting,Engaging,2017-01-31,7
ST-001221,IT9YW5RP,Wilburn Farren,Prospecting,Engaging,2017-01-31,9
ST-001222,IT9YW5RP,Wilburn Farren,Engaging,Won,2017-05-26,115
ST-001223,7IZ2GMYK,Darcel Schlecht,Prospecting,Engaging,2017-02-01,16
ST-001224,7IZ2GMYK,Darcel Schlecht,Engaging,Won,2017-05-16,104
ST-001225,TTY0X4TG,Darcel Schlecht,Prospecting,Engaging,2017-02-01,24
ST-001226,TTY0X4TG,Darcel Schlecht,Engaging,Won,2017-05-05,93
ST-001227,L8D22SSW,Darcel Schlecht,Prospecting,Engaging,2017-02-01,15
ST-001228,L8D22SSW,Darcel Schlecht,Engaging,Won,2017-06-17,136
ST-001229,ZDDZ64A2,Gladys Colclough,Prospecting,Engaging,2017-02-01,24
ST-001230,ZDDZ64A2,Gladys Colclough,Engaging,Lost,2017-06-17,136
ST-001231,RDJFZGM9,Kami Bicknell,Prospecting,Engaging,2017-02-01,26
ST-001232,RDJFZGM9,Kami Bicknell,Engaging,Lost,2017-06-13,132
ST-001233,4563ENEB,Lajuana Vencill,Prospecting,Engaging,2017-02-01,8
ST-001234,4563ENEB,Lajuana Vencill,Engaging,Won,2017-05-02,90
ST-001235,4WP0VJAS,Lajuana Vencill,Prospecting,Engaging,2017-02-01,22
ST-001236,4WP0VJAS,Lajuana Vencill,Engaging,Won,2017-06-18,137
ST-001237,60UOBOEM,Rosalina Dieter,Prospecting,Engaging,2017-02-01,21
ST-001238,60UOBOEM,Rosalina Dieter,Engaging,Won,2017-06-07,126
ST-001239,AJZB6F22,Vicki Laflamme,Prospecting,Engaging,2017-02-01,12
ST-001240,AJZB6F22,Vicki Laflamme,Engaging,Lost,2017-05-18,106
ST-001241,W4K39GNG,Zane Levy,Prospecting,Engaging,2017-02-01,15
ST-001242,W4K39GNG,Zane Levy,Engaging,Lost,2017-03-29,56
ST-001243,VN8LKQN3,Boris Faz,Prospecting,Engaging,2017-02-02,20
ST-001244,IXOHJYRM,Elease Gluck,Prospecting,Engaging,2017-02-02,29
ST-001245,IXOHJYRM,Elease Gluck,Engaging,Lost,2017-05-09,96
ST-001246,RMNHSNW9,Elease Gluck,Prospecting,Engaging,2017-02-02,3
ST-001247,RMNHSNW9,Elease Gluck,Engaging,Lost,2017-05-01,88
ST-001248,QPFNQYMV,Gladys Colclough,Prospecting,Engaging,2017-02-02,12
ST-001249,QPFNQYMV,Gladys Colclough,Engaging,Won,2017-05-14,101
ST-001250,D77SFTS4,Jonathan Berthelot,Prospecting,Engaging,2017-02-02,12
ST-001251,D77SFTS4,Jonathan Berthelot,Engaging,Lost,2017-03-12,38
ST-001252,ZHY9C8OO,Kami Bicknell,Prospecting,Engaging,2017-02-02,9
ST-001253,WRBWZRFD,Niesha Huffines,Prospecting,Engaging,2017-02-02,16
ST-001254,WRBWZRFD,Niesha Huffines,Engaging,Lost,2017-05-05,92
ST-001255,031BBF1I,Versie Hillebrand,Prospecting,Engaging,2017-02-02,28
ST-001256,031BBF1I,Versie Hillebrand,Engaging,Won,2017-03-30,56
ST-001257,H2MC2E7K,Vicki Laflamme,Prospecting,Engaging,2017-02-02,21
ST-001258,O11S2R63,Boris Faz,Prospecting,Engaging,2017-02-03,22
ST-001259,O11S2R63,Boris Faz,Engaging,Won,2017-06-03,120
ST-001260,G13DD850,Cassey Cress,Prospecting,Engaging,2017-02-03,23
ST-001261,G13DD850,Cassey Cress,Engaging,Won,2017-06-04,121
ST-001262,WZU2OHYU,Corliss Cosme,Prospecting,Engaging,2017-02-03,13
ST-001263,WZU2OHYU,Corliss Cosme,Engaging,Won,2017-05-05,91
ST-001264,HVODWXRO,Daniell Hammack,Prospecting,Engaging,2017-02-03,17
ST-001265,HVODWXRO,Daniell Hammack,Engaging,Lost,2017-05-01,87
ST-001266,N3JIVUNY,Donn Cantrell,Prospecting,Engaging,2017-02-03,17
ST-001267,N3JIVUNY,Donn Cantrell,Engaging,Lost,2017-05-11,97
ST-001268,RGCH6CUF,Hayden Neloms,Prospecting,Engaging,2017-02-03,17
ST-001269,RGCH6CUF,Hayden Neloms,Engaging,Won,2017-06-20,137
ST-001270,JX7WZ9UP,Hayden Neloms,Prospecting,Engaging,2017-02-03,24
ST-001271,JX7WZ9UP,Hayden Neloms,Engaging,Won,2017-05-01,87
ST-001272,FDCEBWRI,James Ascencio,Prospecting,Engaging,2017-02-03,9
ST-001273,FDCEBWRI,James Ascencio,Engaging,Won,2017-03-12,37
ST-001274,ZL6TJDPG,Jonathan Berthelot,Prospecting,Engaging,2017-02-03,19
ST-001275,ZL6TJDPG,Jonathan Berthelot,Engaging,Lost,2017-05-16,102
ST-001276,DWBSHB8M,Kami Bicknell,Prospecting,Engaging,2017-02-03,18
ST-001277,DWBSHB8M,Kami Bicknell,Engaging,Lost,2017-05-23,109
ST-001278,0AJ6LTZ0,Kami Bicknell,Prospecting,Engaging,2017-02-03,28
ST-001279,0AJ6LTZ0,Kami Bicknell,Engaging,Won,2017-03-14,39
ST-001280,SVMB8M7E,Kami Bicknell,Prospecting,Engaging,2017-02-03,28
ST-001281,SVMB8M7E,Kami Bicknell,Engaging,Won,2017-06-09,126
ST-001282,6AWEAWCM,Kary Hendrixson,Prospecting,Engaging,2017-02-03,26
ST-001283,6AWEAWCM,Kary Hendrixson,Engaging,Lost,2017-05-15,101
ST-001284,4Q4NBPD6,Marty Freudenburg,Prospecting,Engaging,2017-02-03,8
ST-001285,4Q4NBPD6,Marty Freudenburg,Engaging,Won,2017-05-21,107
ST-001286,K8VSDOP8,Maureen Marcano,Prospecting,Engaging,2017-02-03,24
ST-001287,K8VSDOP8,Maureen Marcano,Engaging,Won,2017-03-29,54
ST-001288,YNP9PI1X,Niesha Huffines,Prospecting,Engaging,2017-02-03,5
ST-001289,YNP9PI1X,Niesha Huffines,Engaging,Won,2017-06-15,132
ST-001290,3XVY4LEU,Reed Clapper,Prospecting,Engaging,2017-02-03,12
ST-001291,3XVY4LEU,Reed Clapper,Engaging,Won,2017-05-09,95
ST-001292,OCGXWE8H,Vicki Laflamme,Prospecting,Engaging,2017-02-03,19
ST-001293,8K1OGB0R,Violet Mclelland,Prospecting,Engaging,2017-02-03,24
ST-001294,8K1OGB0R,Violet Mclelland,Engaging,Won,2017-05-16,102
ST-001295,RTKUPEX7,Zane Levy,Prospecting,Engaging,2017-02-03,23
ST-001296,RTKUPEX7,Zane Levy,Engaging,Lost,2017-06-10,127
ST-001297,QQDO45YR,Cecily Lampkin,Prospecting,Engaging,2017-02-04,22
ST-001298,QQDO45YR,Cecily Lampkin,Engaging,Won,2017-05-09,94
ST-001299,USVLKDF4,Corliss Cosme,Prospecting,Engaging,2017-02-04,13
ST-001300,HT25XIAV,Daniell Hammack,Prospecting,Engaging,2017-02-04,5
ST-001301,HT25XIAV,Daniell Hammack,Engaging,Lost,2017-05-18,103
ST-001302,88KUDE6J,Donn Cantrell,Prospecting,Engaging,2017-02-04,29
ST-001303,88KUDE6J,Donn Cantrell,Engaging,Won,2017-05-30,115
ST-001304,AOOD3MWW,Gladys Colclough,Prospecting,Engaging,2017-02-04,27
ST-001305,AOOD3MWW,Gladys Colclough,Engaging,Lost,2017-05-26,111
ST-001306,JCPQZ2SN,Hayden Neloms,Prospecting,Engaging,2017-02-04,10
ST-001307,HZIU2NOT,Kary Hendrixson,Prospecting,Engaging,2017-02-04,24
ST-001308,RZ2PUH86,Kary Hendrixson,Prospecting,Engaging,2017-02-04,12
ST-001309,RZ2PUH86,Kary Hendrixson,Engaging,Won,2017-05-17,102
ST-001310,GLVSDQQT,Kary Hendrixson,Prospecting,Engaging,2017-02-04,10
ST-001311,GLVSDQQT,Kary Hendrixson,Engaging,Won,2017-05-02,87
ST-001312,107BPCAS,Niesha Huffines,Prospecting,Engaging,2017-02-04,28
ST-001313,107BPCAS,Niesha Huffines,Engaging,Lost,2017-05-16,101
ST-001314,OCLEO3CD,Vicki Laflamme,Prospecting,Engaging,2017-02-04,9
ST-001315,OCLEO3CD,Vicki Laflamme,Engaging,Won,2017-05-19,104
ST-001316,FTVCNH87,Zane Levy,Prospecting,Engaging,2017-02-04,7
ST-001317,FTVCNH87,Zane Levy,Engaging,Lost,2017-05-07,92
ST-001318,GQCRMEIL,Zane Levy,Prospecting,Engaging,2017-02-04,3
ST-001319,GQCRMEIL,Zane Levy,Engaging,Won,2017-06-02,118
ST-001320,UK2JIE61,Anna Snelling,Prospecting,Engaging,2017-02-05,4
ST-001321,UK2JIE61,Anna Snelling,Engaging,Won,2017-05-04,88
ST-001322,YM8DBAFV,Cassey Cress,Prospecting,Engaging,2017-02-05,10
ST-001323,AEDL7EC6,Cassey Cress,Prospecting,Engaging,2017-02-05,18
ST-001324,AEDL7EC6,Cassey Cress,Engaging,Lost,2017-05-02,86
ST-001325,OV5X3O5I,Cassey Cress,Prospecting,Engaging,2017-02-05,22
ST-001326,OV5X3O5I,Cassey Cress,Engaging,Won,2017-03-27,50
ST-001327,MMWX1A4H,Darcel Schlecht,Prospecting,Engaging,2017-02-05,30
ST-001328,MMWX1A4H,Darcel Schlecht,Engaging,Lost,2017-06-20,135
ST-001329,LSVMMUJ0,Darcel Schlecht,Prospecting,Engaging,2017-02-05,27
ST-001330,LSVMMUJ0,Darcel Schlecht,Engaging,Won,2017-03-25,48
ST-001331,RP7KA6HS,Elease Gluck,Prospecting,Engaging,2017-02-05,5
ST-001332,97KFQSX1,Elease Gluck,Prospecting,Engaging,2017-02-05,17
ST-001333,97KFQSX1,Elease Gluck,Engaging,Won,2017-05-09,93
ST-001334,08APB75Q,Lajuana Vencill,Prospecting,Engaging,2017-02-05,16
ST-001335,08APB75Q,Lajuana Vencill,Engaging,Won,2017-05-13,97
ST-001336,P9PFSLS6,Maureen Marcano,Prospecting,Engaging,2017-02-05,23
ST-001337,6RL97BR9,Moses Frase,Prospecting,Engaging,2017-02-05,21
ST-001338,6RL97BR9,Moses Frase,Engaging,Lost,2017-05-08,92
ST-001339,TPVFA5B8,Reed Clapper,Prospecting,Engaging,2017-02-05,9
ST-001340,TPVFA5B8,Reed Clapper,Engaging,Won,2017-05-07,91
ST-001341,FHLOUD3V,Vicki Laflamme,Prospecting,Engaging,2017-02-05,25
ST-001342,FHLOUD3V,Vicki Laflamme,Engaging,Lost,2017-05-24,108
ST-001343,4E01ALB0,Vicki Laflamme,Prospecting,Engaging,2017-02-05,25
ST-001344,4E01ALB0,Vicki Laflamme,Engaging,Won,2017-05-04,88
ST-001345,E4THD359,Wilburn Farren,Prospecting,Engaging,2017-02-05,15
ST-001346,K4HVGBVH,Corliss Cosme,Prospecting,Engaging,2017-02-06,18
ST-001347,K4HVGBVH,Corliss Cosme,Engaging,Won,2017-05-22,105
ST-001348,6VIK2VX8,Hayden Neloms,Prospecting,Engaging,2017-02-06,15
ST-001349,30R81VZX,Kami Bicknell,Prospecting,Engaging,2017-02-06,10
ST-001350,XDLQ71X4,Kami Bicknell,Prospecting,Engaging,2017-02-06,7
ST-001351,XDLQ71X4,Kami Bicknell,Engaging,Lost,2017-05-22,105
ST-001352,TH9RV79M,Maureen Marcano,Prospecting,Engaging,2017-02-06,23
ST-001353,L33YUX9V,Moses Frase,Prospecting,Engaging,2017-02-06,25
ST-001354,L33YUX9V,Moses Frase,Engaging,Won,2017-05-15,98
ST-001355,QT7LRWTN,Vicki Laflamme,Prospecting,Engaging,2017-02-06,3
ST-001356,QT7LRWTN,Vicki Laflamme,Engaging,Won,2017-05-04,87
ST-001357,Q1JKHY7H,Violet Mclelland,Prospecting,Engaging,2017-02-06,27
ST-001358,Q1JKHY7H,Violet Mclelland,Engaging,Lost,2017-05-06,89
ST-001359,BY0O646G,Zane Levy,Prospecting,Engaging,2017-02-06,30
ST-001360,BY0O646G,Zane Levy,Engaging,Lost,2017-05-27,110
ST-001361,5831YZMT,Zane Levy,Prospecting,Engaging,2017-02-06,27
ST-001362,5831YZMT,Zane Levy,Engaging,Won,2017-06-23,137
ST-001363,7VOW7BUJ,Cassey Cress,Prospecting,Engaging,2017-02-07,6
ST-001364,2J5E145N,Daniell Hammack,Prospecting,Engaging,2017-02-07,27
ST-001365,AZUBCO7L,Daniell Hammack,Prospecting,Engaging,2017-02-07,16
ST-001366,AZUBCO7L,Daniell Hammack,Engaging,Lost,2017-05-06,88
ST-001367,FOWAY95L,Darcel Schlecht,Prospecting,Engaging,2017-02-07,10
ST-001368,FOWAY95L,Darcel Schlecht,Engaging,Won,2017-05-05,87
ST-001369,YFB7Y92U,Elease Gluck,Prospecting,Engaging,2017-02-07,8
ST-001370,KGZL60NI,Hayden Neloms,Prospecting,Engaging,2017-02-07,28
ST-001371,KGZL60NI,Hayden Neloms,Engaging,Lost,2017-05-11,93
ST-001372,SRZMNS79,Jonathan Berthelot,Prospecting,Engaging,2017-02-07,25
ST-001373,SRZMNS79,Jonathan Berthelot,Engaging,Won,2017-05-19,101
ST-001374,S6645YWA,Kami Bicknell,Prospecting,Engaging,2017-02-07,19
ST-001375,B5A1BERF,Kami Bicknell,Prospecting,Engaging,2017-02-07,17
ST-001376,0XMB83YO,Kami Bicknell,Prospecting,Engaging,2017-02-07,4
ST-001377,0XMB83YO,Kami Bicknell,Engaging,Won,2017-05-15,97
ST-001378,4TEO0LE1,Marty Freudenburg,Prospecting,Engaging,2017-02-07,20
ST-001379,4TEO0LE1,Marty Freudenburg,Engaging,Won,2017-03-28,49
ST-001380,IEAPJ5X1,Maureen Marcano,Prospecting,Engaging,2017-02-07,10
ST-001381,5P82H5AA,Reed Clapper,Prospecting,Engaging,2017-02-07,30
ST-001382,5P82H5AA,Reed Clapper,Engaging,Won,2017-03-23,44
ST-001383,BN8UTT8O,Rosie Papadopoulos,Prospecting,Engaging,2017-02-07,6
ST-001384,BN8UTT8O,Rosie Papadopoulos,Engaging,Lost,2017-06-04,117
ST-001385,V751HK8R,Versie Hillebrand,Prospecting,Engaging,2017-02-07,17
ST-001386,V751HK8R,Versie Hillebrand,Engaging,Won,2017-06-03,116
ST-001387,H4TBCR80,Vicki Laflamme,Prospecting,Engaging,2017-02-07,7
ST-001388,H4TBCR80,Vicki Laflamme,Engaging,Lost,2017-05-28,110
ST-001389,QWL218JV,Vicki Laflamme,Prospecting,Engaging,2017-02-07,28
ST-001390,QWL218JV,Vicki Laflamme,Engaging,Won,2017-06-13,126
ST-001391,L2S4T3VA,Cassey Cress,Prospecting,Engaging,2017-02-08,17
ST-001392,AF8NG5JC,Cassey Cress,Prospecting,Engaging,2017-02-08,24
ST-001393,IVJP36UT,Cassey Cress,Prospecting,Engaging,2017-02-08,19
ST-001394,12M4HB7G,Cassey Cress,Prospecting,Engaging,2017-02-08,20
ST-001395,12M4HB7G,Cassey Cress,Engaging,Won,2017-05-01,82
ST-001396,1XVTUE5J,Corliss Cosme,Prospecting,Engaging,2017-02-08,22
ST-001397,1XVTUE5J,Corliss Cosme,Engaging,Lost,2017-03-31,51
ST-001398,3VKO28KR,Darcel Schlecht,Prospecting,Engaging,2017-02-08,13
ST-001399,3VKO28KR,Darcel Schlecht,Engaging,Lost,2017-05-04,85
ST-001400,9A9E1KPG,Elease Gluck,Prospecting,Engaging,2017-02-08,27
ST-001401,5IES0B4B,James Ascencio,Prospecting,Engaging,2017-02-08,17
ST-001402,5IES0B4B,James Ascencio,Engaging,Won,2017-05-04,85
ST-001403,HUFYU0AT,Jonathan Berthelot,Prospecting,Engaging,2017-02-08,22
ST-001404,HUFYU0AT,Jonathan Berthelot,Engaging,Lost,2017-05-24,105
ST-001405,GMI6XZ4O,Jonathan Berthelot,Prospecting,Engaging,2017-02-08,29
ST-001406,GMI6XZ4O,Jonathan Berthelot,Engaging,Won,2017-05-04,85
ST-001407,TF19VML9,Kami Bicknell,Prospecting,Engaging,2017-02-08,26
ST-001408,YOQCQ4UO,Kami Bicknell,Prospecting,Engaging,2017-02-08,19
ST-001409,YOQCQ4UO,Kami Bicknell,Engaging,Won,2017-03-18,38
ST-001410,KOZTDBJ5,Kami Bicknell,Prospecting,Engaging,2017-02-08,16
ST-001411,KOZTDBJ5,Kami Bicknell,Engaging,Won,2017-06-07,119
ST-001412,ZHXIDZNI,Kary Hendrixson,Prospecting,Engaging,2017-02-08,29
ST-001413,8NMPO9K3,Lajuana Vencill,Prospecting,Engaging,2017-02-08,20
ST-001414,8NMPO9K3,Lajuana Vencill,Engaging,Won,2017-05-10,91
ST-001415,PU7GV4MK,Marty Freudenburg,Prospecting,Engaging,2017-02-08,17
ST-001416,PU7GV4MK,Marty Freudenburg,Engaging,Lost,2017-05-13,94
ST-001417,RCQDGE4W,Marty Freudenburg,Prospecting,Engaging,2017-02-08,8
ST-001418,RCQDGE4W,Marty Freudenburg,Engaging,Won,2017-05-04,85
ST-001419,ZT832XIR,Niesha Huffines,Prospecting,Engaging,2017-02-08,26
ST-001420,ZT832XIR,Niesha Huffines,Engaging,Lost,2017-06-25,137
ST-001421,I995O4XJ,Rosalina Dieter,Prospecting,Engaging,2017-02-08,30
ST-001422,I995O4XJ,Rosalina Dieter,Engaging,Won,2017-05-24,105
ST-001423,EOXZGSX9,Versie Hillebrand,Prospecting,Engaging,2017-02-08,18
ST-001424,EOXZGSX9,Versie Hillebrand,Engaging,Won,2017-05-13,94
ST-001425,PW5OGY78,Vicki Laflamme,Prospecting,Engaging,2017-02-08,17
ST-001426,PW5OGY78,Vicki Laflamme,Engaging,Lost,2017-05-29,110
ST-001427,NJCSG7MX,Vicki Laflamme,Prospecting,Engaging,2017-02-08,11
ST-001428,NJCSG7MX,Vicki Laflamme,Engaging,Won,2017-05-04,85
ST-001429,ZYRF768H,Violet Mclelland,Prospecting,Engaging,2017-02-08,27
ST-001430,ZYRF768H,Violet Mclelland,Engaging,Lost,2017-05-04,85
ST-001431,5Q8BQ64R,Wilburn Farren,Prospecting,Engaging,2017-02-08,10
ST-001432,5Q8BQ64R,Wilburn Farren,Engaging,Won,2017-05-22,103
ST-001433,ZNNBFAKF,Zane Levy,Prospecting,Engaging,2017-02-08,29
ST-001434,ZNNBFAKF,Zane Levy,Engaging,Lost,2017-05-10,91
ST-001435,L47EPGVT,Anna Snelling,Prospecting,Engaging,2017-02-09,23
ST-001436,L47EPGVT,Anna Snelling,Engaging,Won,2017-03-01,20
ST-001437,9GENDMWA,Corliss Cosme,Prospecting,Engaging,2017-02-09,11
ST-001438,9GENDMWA,Corliss Cosme,Engaging,Won,2017-05-25,105
ST-001439,DHACLHPS,Daniell Hammack,Prospecting,Engaging,2017-02-09,27
ST-001440,DHACLHPS,Daniell Hammack,Engaging,Lost,2017-05-22,102
ST-001441,GKLE0CDI,Daniell Hammack,Prospecting,Engaging,2017-02-09,27
ST-001442,GKLE0CDI,Daniell Hammack,Engaging,Won,2017-03-02,21
ST-001443,E9DJS1D8,Darcel Schlecht,Prospecting,Engaging,2017-02-09,19
ST-001444,E9DJS1D8,Darcel Schlecht,Engaging,Lost,2017-03-17,36
ST-001445,22ZJM20V,Darcel Schlecht,Prospecting,Engaging,2017-02-09,18
ST-001446,22ZJM20V,Darcel Schlecht,Engaging,Lost,2017-05-18,98
ST-001447,C47Z92AG,Darcel Schlecht,Prospecting,Engaging,2017-02-09,23
ST-001448,C47Z92AG,Darcel Schlecht,Engaging,Lost,2017-05-09,89
ST-001449,XT9YNOV2,Donn Cantrell,Prospecting,Engaging,2017-02-09,10
ST-001450,XT9YNOV2,Donn Cantrell,Engaging,Won,2017-06-11,122
ST-001451,TMZQX7F8,Hayden Neloms,Prospecting,Engaging,2017-02-09,11
ST-001452,TMZQX7F8,Hayden Neloms,Engaging,Lost,2017-05-02,82
ST-001453,5JHSTFEZ,Hayden Neloms,Prospecting,Engaging,2017-02-09,17
ST-001454,5JHSTFEZ,Hayden Neloms,Engaging,Lost,2017-05-11,91
ST-001455,BAOSO1I2,Kary Hendrixson,Prospecting,Engaging,2017-02-09,5
ST-001456,BAOSO1I2,Kary Hendrixson,Engaging,Won,2017-05-02,82
ST-001457,IZDF2RTL,Marty Freudenburg,Prospecting,Engaging,2017-02-09,25
ST-001458,IZDF2RTL,Marty Freudenburg,Engaging,Won,2017-05-27,107
ST-001459,F61DLVRS,Maureen Marcano,Prospecting,Engaging,2017-02-09,12
ST-001460,F61DLVRS,Maureen Marcano,Engaging,Won,2017-05-23,103
ST-001461,80F0J70G,Niesha Huffines,Prospecting,Engaging,2017-02-09,10
ST-001462,80F0J70G,Niesha Huffines,Engaging,Lost,2017-05-25,105
ST-001463,S9W53L4L,Niesha Huffines,Prospecting,Engaging,2017-02-09,11
ST-001464,S9W53L4L,Niesha Huffines,Engaging,Won,2017-06-05,116
ST-001465,12OQKSVK,Reed Clapper,Prospecting,Engaging,2017-02-09,13
ST-001466,12OQKSVK,Reed Clapper,Engaging,Won,2017-03-20,39
ST-001467,VC94R5H8,Vicki Laflamme,Prospecting,Engaging,2017-02-09,13
ST-001468,VC94R5H8,Vicki Laflamme,Engaging,Won,2017-03-23,42
ST-001469,XTKIX6I4,Vicki Laflamme,Prospecting,Engaging,2017-02-09,20
ST-001470,XTKIX6I4,Vicki Laflamme,Engaging,Won,2017-06-13,124
ST-001471,5P3NH791,Boris Faz,Prospecting,Engaging,2017-02-10,5
ST-001472,MSE1UXKU,Cassey Cress,Prospecting,Engaging,2017-02-10,7
ST-001473,MSE1UXKU,Cassey Cress,Engaging,Won,2017-03-20,38
ST-001474,HM334UL2,Darcel Schlecht,Prospecting,Engaging,2017-02-10,7
ST-001475,HM334UL2,Darcel Schlecht,Engaging,Won,2017-03-30,48
ST-001476,L4124UJG,Donn Cantrell,Prospecting,Engaging,2017-02-10,10
ST-001477,L4124UJG,Donn Cantrell,Engaging,Won,2017-05-15,94
ST-001478,DR2QE1RW,Elease Gluck,Prospecting,Engaging,2017-02-10,15
ST-001479,DR2QE1RW,Elease Gluck,Engaging,Lost,2017-05-30,109
ST-001480,FD8YL177,Elease Gluck,Prospecting,Engaging,2017-02-10,25
ST-001481,FD8YL177,Elease Gluck,Engaging,Won,2017-05-09,88
ST-001482,X3ZSQCH8,Kami Bicknell,Prospecting,Engaging,2017-02-10,7
ST-001483,UU21EYFN,Kami Bicknell,Prospecting,Engaging,2017-02-10,25
ST-001484,UU21EYFN,Kami Bicknell,Engaging,Won,2017-03-06,24
ST-001485,OBDRD0AD,Lajuana Vencill,Prospecting,Engaging,2017-02-10,9
ST-001486,OBDRD0AD,Lajuana Vencill,Engaging,Lost,2017-05-26,105
ST-001487,NSGEM06J,Reed Clapper,Prospecting,Engaging,2017-02-10,5
ST-001488,NSGEM06J,Reed Clapper,Engaging,Lost,2017-05-14,93
ST-001489,QSQ42Q6M,Reed Clapper,Prospecting,Engaging,2017-02-10,16
ST-001490,QSQ42Q6M,Reed Clapper,Engaging,Won,2017-06-15,125
ST-001491,PCBA3KAV,Reed Clapper,Prospecting,Engaging,2017-02-10,16
ST-001492,PCBA3KAV,Reed Clapper,Engaging,Won,2017-06-05,115
ST-001493,ZBBMGEV4,Darcel Schlecht,Prospecting,Engaging,2017-02-11,13
ST-001494,ZBBMGEV4,Darcel Schlecht,Engaging,Won,2017-05-16,94
ST-001495,TYSORYA9,Donn Cantrell,Prospecting,Engaging,2017-02-11,20
ST-001496,TYSORYA9,Donn Cantrell,Engaging,Lost,2017-05-07,85
ST-001497,ULVXOPG3,Elease Gluck,Prospecting,Engaging,2017-02-11,17
ST-001498,ULVXOPG3,Elease Gluck,Engaging,Won,2017-05-22,100
ST-001499,5BXUKFPR,James Ascencio,Prospecting,Engaging,2017-02-11,16
ST-001500,G0R305KO,Jonathan Berthelot,Prospecting,Engaging,2017-02-11,4
ST-001501,G0R305KO,Jonathan Berthelot,Engaging,Lost,2017-05-11,89
ST-001502,ZDZGCWX7,Kami Bicknell,Prospecting,Engaging,2017-02-11,9
ST-001503,ZDZGCWX7,Kami Bicknell,Engaging,Won,2017-06-22,131
ST-001504,PQJZ5Z3R,Kami Bicknell,Prospecting,Engaging,2017-02-11,29
ST-001505,PQJZ5Z3R,Kami Bicknell,Engaging,Won,2017-05-12,90
ST-001506,8AJG1YLJ,Kary Hendrixson,Prospecting,Engaging,2017-02-11,16
ST-001507,7KXTF2Q6,Kary Hendrixson,Prospecting,Engaging,2017-02-11,15
ST-001508,7KXTF2Q6,Kary Hendrixson,Engaging,Won,2017-06-23,132
ST-001509,WZVE1NTM,Markita Hansen,Prospecting,Engaging,2017-02-11,27
ST-001510,WZVE1NTM,Markita Hansen,Engaging,Lost,2017-05-15,93
ST-001511,M6UEZLOQ,Maureen Marcano,Prospecting,Engaging,2017-02-11,21
ST-001512,M6UEZLOQ,Maureen Marcano,Engaging,Won,2017-06-23,132
ST-001513,D6T5MM04,Maureen Marcano,Prospecting,Engaging,2017-02-11,25
ST-001514,D6T5MM04,Maureen Marcano,Engaging,Won,2017-06-22,131
ST-001515,5RNWV17L,Rosalina Dieter,Prospecting,Engaging,2017-02-11,3
ST-001516,9GCJGVY7,Rosie Papadopoulos,Prospecting,Engaging,2017-02-11,30
ST-001517,9GCJGVY7,Rosie Papadopoulos,Engaging,Lost,2017-03-02,19
ST-001518,5QBQMEY5,Vicki Laflamme,Prospecting,Engaging,2017-02-11,27
ST-001519,5QBQMEY5,Vicki Laflamme,Engaging,Won,2017-03-24,41
ST-001520,9JKVM4BK,Violet Mclelland,Prospecting,Engaging,2017-02-11,21
ST-001521,9JKVM4BK,Violet Mclelland,Engaging,Lost,2017-06-05,114
ST-001522,14PBBHSE,Violet Mclelland,Prospecting,Engaging,2017-02-11,15
ST-001523,14PBBHSE,Violet Mclelland,Engaging,Won,2017-05-08,86
ST-001524,P1KS5YFX,Anna Snelling,Prospecting,Engaging,2017-02-12,18
ST-001525,P1KS5YFX,Anna Snelling,Engaging,Won,2017-06-07,115
ST-001526,7R4VL3Q8,Cassey Cress,Prospecting,Engaging,2017-02-12,3
ST-001527,7R4VL3Q8,Cassey Cress,Engaging,Won,2017-03-04,20
ST-001528,3MNZF5ZK,Cecily Lampkin,Prospecting,Engaging,2017-02-12,14
ST-001529,3MNZF5ZK,Cecily Lampkin,Engaging,Won,2017-06-03,111
ST-001530,52SANIGE,Corliss Cosme,Prospecting,Engaging,2017-02-12,12
ST-001531,52SANIGE,Corliss Cosme,Engaging,Won,2017-05-08,85
ST-001532,73SY9EU8,Daniell Hammack,Prospecting,Engaging,2017-02-12,27
ST-001533,73SY9EU8,Daniell Hammack,Engaging,Won,2017-05-31,108
ST-001534,HVM656P3,Donn Cantrell,Prospecting,Engaging,2017-02-12,15
ST-001535,HVM656P3,Donn Cantrell,Engaging,Won,2017-05-12,89
ST-001536,LXM6CTMS,Hayden Neloms,Prospecting,Engaging,2017-02-12,30
ST-001537,U2SW8DT1,Hayden Neloms,Prospecting,Engaging,2017-02-12,29
ST-001538,U2SW8DT1,Hayden Neloms,Engaging,Won,2017-06-13,121
ST-001539,VXMFL425,James Ascencio,Prospecting,Engaging,2017-02-12,16
ST-001540,XMH4CH4Q,Jonathan Berthelot,Prospecting,Engaging,2017-02-12,20
ST-001541,XMH4CH4Q,Jonathan Berthelot,Engaging,Won,2017-05-21,98
ST-001542,UNLIS3RY,Kami Bicknell,Prospecting,Engaging,2017-02-12,26
ST-001543,UNLIS3RY,Kami Bicknell,Engaging,Won,2017-05-09,86
ST-001544,GVFQXZLL,Maureen Marcano,Prospecting,Engaging,2017-02-12,26
ST-001545,GVFQXZLL,Maureen Marcano,Engaging,Won,2017-05-24,101
ST-001546,E887HZT1,Rosalina Dieter,Prospecting,Engaging,2017-02-12,20
ST-001547,CGJ7NRZH,Violet Mclelland,Prospecting,Engaging,2017-02-12,28
ST-001548,NRYC7T45,Zane Levy,Prospecting,Engaging,2017-02-12,22
ST-001549,NRYC7T45,Zane Levy,Engaging,Won,2017-05-05,82
ST-001550,ZVR3I3F0,Zane Levy,Prospecting,Engaging,2017-02-12,10
ST-001551,ZVR3I3F0,Zane Levy,Engaging,Won,2017-05-02,79
ST-001552,2TKQ8B78,Daniell Hammack,Prospecting,Engaging,2017-02-13,18
ST-001553,2TKQ8B78,Daniell Hammack,Engaging,Won,2017-05-21,97
ST-001554,OZ5O64KJ,Darcel Schlecht,Prospecting,Engaging,2017-02-13,10
ST-001555,OZ5O64KJ,Darcel Schlecht,Engaging,Won,2017-05-28,104
ST-001556,WXCW16QT,Donn Cantrell,Prospecting,Engaging,2017-02-13,11
ST-001557,WXCW16QT,Donn Cantrell,Engaging,Lost,2017-06-02,109
ST-001558,UCXCUP1U,Garret Kinder,Prospecting,Engaging,2017-02-13,16
ST-001559,UCXCUP1U,Garret Kinder,Engaging,Won,2017-05-18,94
ST-001560,SWJ9OOZU,Hayden Neloms,Prospecting,Engaging,2017-02-13,18
ST-001561,9ERRIZKG,Kami Bicknell,Prospecting,Engaging,2017-02-13,3
ST-001562,9ERRIZKG,Kami Bicknell,Engaging,Lost,2017-05-09,85
ST-001563,CKLYIFLY,Kary Hendrixson,Prospecting,Engaging,2017-02-13,15
ST-001564,CKLYIFLY,Kary Hendrixson,Engaging,Won,2017-05-11,87
ST-001565,6VDLCBYU,Marty Freudenburg,Prospecting,Engaging,2017-02-13,13
ST-001566,6VDLCBYU,Marty Freudenburg,Engaging,Lost,2017-05-31,107
ST-001567,XYBPUC2H,Moses Frase,Prospecting,Engaging,2017-02-13,24
ST-001568,XYBPUC2H,Moses Frase,Engaging,Lost,2017-05-16,92
ST-001569,B06D1F9M,Vicki Laflamme,Prospecting,Engaging,2017-02-13,24
ST-001570,OZ761BUJ,Violet Mclelland,Prospecting,Engaging,2017-02-13,28
ST-001571,I3MC9XZC,Violet Mclelland,Prospecting,Engaging,2017-02-13,15
ST-001572,I3MC9XZC,Violet Mclelland,Engaging,Won,2017-05-18,94
ST-001573,L5T2HKKO,Anna Snelling,Prospecting,Engaging,2017-02-14,26
ST-001574,L5T2HKKO,Anna Snelling,Engaging,Lost,2017-05-05,80
ST-001575,6CEEGQ8I,Anna Snelling,Prospecting,Engaging,2017-02-14,8
ST-001576,6CEEGQ8I,Anna Snelling,Engaging,Won,2017-05-30,105
ST-001577,P2LY9NFN,Cassey Cress,Prospecting,Engaging,2017-02-14,29
ST-001578,P2LY9NFN,Cassey Cress,Engaging,Won,2017-05-08,83
ST-001579,94GCWI08,Darcel Schlecht,Prospecting,Engaging,2017-02-14,17
ST-001580,94GCWI08,Darcel Schlecht,Engaging,Won,2017-06-12,118
ST-001581,GUMQTC3J,Darcel Schlecht,Prospecting,Engaging,2017-02-14,7
ST-001582,GUMQTC3J,Darcel Schlecht,Engaging,Won,2017-06-16,122
ST-001583,U64RT0UF,Donn Cantrell,Prospecting,Engaging,2017-02-14,22
ST-001584,U64RT0UF,Donn Cantrell,Engaging,Won,2017-05-29,104
ST-001585,RWGSCFHR,Donn Cantrell,Prospecting,Engaging,2017-02-14,20
ST-001586,RWGSCFHR,Donn Cantrell,Engaging,Won,2017-03-02,16
ST-001587,GEBVQH17,Donn Cantrell,Prospecting,Engaging,2017-02-14,3
ST-001588,GEBVQH17,Donn Cantrell,Engaging,Won,2017-05-06,81
ST-001589,3OVJXUSB,Donn Cantrell,Prospecting,Engaging,2017-02-14,15
ST-001590,3OVJXUSB,Donn Cantrell,Engaging,Won,2017-06-14,120
ST-001591,KQPY8LLI,Gladys Colclough,Prospecting,Engaging,2017-02-14,21
ST-001592,KQPY8LLI,Gladys Colclough,Engaging,Lost,2017-05-13,88
ST-001593,DC7COE9W,Hayden Neloms,Prospecting,Engaging,2017-02-14,21
ST-001594,DC7COE9W,Hayden Neloms,Engaging,Won,2017-05-01,76
ST-001595,3LED0EK3,Jonathan Berthelot,Prospecting,Engaging,2017-02-14,24
ST-001596,3LED0EK3,Jonathan Berthelot,Engaging,Lost,2017-05-11,86
ST-001597,SCS5H8V1,Markita Hansen,Prospecting,Engaging,2017-02-14,3
ST-001598,81MXE1H7,Markita Hansen,Prospecting,Engaging,2017-02-14,5
ST-001599,G4MKT3AE,Rosie Papadopoulos,Prospecting,Engaging,2017-02-14,23
ST-001600,G4MKT3AE,Rosie Papadopoulos,Engaging,Lost,2017-05-07,82
ST-001601,GQ125FX0,Versie Hillebrand,Prospecting,Engaging,2017-02-14,16
ST-001602,GQ125FX0,Versie Hillebrand,Engaging,Won,2017-06-03,109
ST-001603,JO52QXJ0,Versie Hillebrand,Prospecting,Engaging,2017-02-14,7
ST-001604,JO52QXJ0,Versie Hillebrand,Engaging,Won,2017-06-18,124
ST-001605,PQ2VF873,Zane Levy,Prospecting,Engaging,2017-02-14,30
ST-001606,PQ2VF873,Zane Levy,Engaging,Lost,2017-03-01,15
ST-001607,N6H58J55,Anna Snelling,Prospecting,Engaging,2017-02-15,17
ST-001608,N6H58J55,Anna Snelling,Engaging,Lost,2017-05-13,87
ST-001609,W24IDMVV,Corliss Cosme,Prospecting,Engaging,2017-02-15,8
ST-001610,WR6Q2X53,Darcel Schlecht,Prospecting,Engaging,2017-02-15,4
ST-001611,WR6Q2X53,Darcel Schlecht,Engaging,Lost,2017-05-08,82
ST-001612,8O1WNJBA,Garret Kinder,Prospecting,Engaging,2017-02-15,11
ST-001613,8O1WNJBA,Garret Kinder,Engaging,Lost,2017-03-23,36
ST-001614,X1LAD57Y,Garret Kinder,Prospecting,Engaging,2017-02-15,15
ST-001615,X1LAD57Y,Garret Kinder,Engaging,Lost,2017-03-04,17
ST-001616,E2NXQUWO,Garret Kinder,Prospecting,Engaging,2017-02-15,13
ST-001617,E2NXQUWO,Garret Kinder,Engaging,Won,2017-03-06,19
ST-001618,MEZLJGRB,James Ascencio,Prospecting,Engaging,2017-02-15,9
ST-001619,MEZLJGRB,James Ascencio,Engaging,Lost,2017-05-20,94
ST-001620,M1QKPX6R,James Ascencio,Prospecting,Engaging,2017-02-15,17
ST-001621,M1QKPX6R,James Ascencio,Engaging,Won,2017-05-21,95
ST-001622,X6LO8WPD,Jonathan Berthelot,Prospecting,Engaging,2017-02-15,13
ST-001623,X6LO8WPD,Jonathan Berthelot,Engaging,Won,2017-05-28,102
ST-001624,JQA8H6M5,Kami Bicknell,Prospecting,Engaging,2017-02-15,13
ST-001625,92G1TO7L,Kary Hendrixson,Prospecting,Engaging,2017-02-15,27
ST-001626,S8WV5MUC,Kary Hendrixson,Prospecting,Engaging,2017-02-15,15
ST-001627,S8WV5MUC,Kary Hendrixson,Engaging,Lost,2017-05-07,81
ST-001628,FW2XJG9S,Markita Hansen,Prospecting,Engaging,2017-02-15,11
ST-001629,R7JI95HZ,Markita Hansen,Prospecting,Engaging,2017-02-15,27
ST-001630,R7JI95HZ,Markita Hansen,Engaging,Lost,2017-05-31,105
ST-001631,SVCKI631,Maureen Marcano,Prospecting,Engaging,2017-02-15,29
ST-001632,VJ5QGP8Z,Maureen Marcano,Prospecting,Engaging,2017-02-15,16
ST-001633,CVKLHZEO,Moses Frase,Prospecting,Engaging,2017-02-15,11
ST-001634,CVKLHZEO,Moses Frase,Engaging,Won,2017-05-13,87
ST-001635,8KJZJFJ1,Reed Clapper,Prospecting,Engaging,2017-02-15,29
ST-001636,8KJZJFJ1,Reed Clapper,Engaging,Won,2017-03-03,16
ST-001637,W560QFJL,Reed Clapper,Prospecting,Engaging,2017-02-15,5
ST-001638,W560QFJL,Reed Clapper,Engaging,Won,2017-03-04,17
ST-001639,TA3PW6ZQ,Versie Hillebrand,Prospecting,Engaging,2017-02-15,18
ST-001640,TA3PW6ZQ,Versie Hillebrand,Engaging,Lost,2017-05-24,98
ST-001641,2DVE0XCM,Versie Hillebrand,Prospecting,Engaging,2017-02-15,3
ST-001642,2DVE0XCM,Versie Hillebrand,Engaging,Won,2017-03-17,30
ST-001643,L3UMWAX7,Vicki Laflamme,Prospecting,Engaging,2017-02-15,26
ST-001644,L3UMWAX7,Vicki Laflamme,Engaging,Lost,2017-05-17,91
ST-001645,R2W96FGX,Zane Levy,Prospecting,Engaging,2017-02-15,20
ST-001646,VOTOT8MK,Cassey Cress,Prospecting,Engaging,2017-02-16,4
ST-001647,VOTOT8MK,Cassey Cress,Engaging,Won,2017-06-15,119
ST-001648,Y3ULGUD8,Cecily Lampkin,Prospecting,Engaging,2017-02-16,14
ST-001649,Y3ULGUD8,Cecily Lampkin,Engaging,Won,2017-05-18,91
ST-001650,7350YGG4,Corliss Cosme,Prospecting,Engaging,2017-02-16,10
ST-001651,7350YGG4,Corliss Cosme,Engaging,Won,2017-05-29,102
ST-001652,2J16RN99,Donn Cantrell,Prospecting,Engaging,2017-02-16,23
ST-001653,2J16RN99,Donn Cantrell,Engaging,Lost,2017-05-21,94
ST-001654,BRQRF65L,Donn Cantrell,Prospecting,Engaging,2017-02-16,5
ST-001655,BRQRF65L,Donn Cantrell,Engaging,Won,2017-03-02,14
ST-001656,LB6XW39X,Donn Cantrell,Prospecting,Engaging,2017-02-16,27
ST-001657,LB6XW39X,Donn Cantrell,Engaging,Won,2017-03-04,16
ST-001658,WS9CXY7E,Gladys Colclough,Prospecting,Engaging,2017-02-16,23
ST-001659,WS9CXY7E,Gladys Colclough,Engaging,Won,2017-03-01,13
ST-001660,CK0MDHHM,Hayden Neloms,Prospecting,Engaging,2017-02-16,4
ST-001661,CK0MDHHM,Hayden Neloms,Engaging,Won,2017-06-02,106
ST-001662,KM1D04JS,James Ascencio,Prospecting,Engaging,2017-02-16,27
ST-001663,RNUH1SI8,James Ascencio,Prospecting,Engaging,2017-02-16,3
ST-001664,RNUH1SI8,James Ascencio,Engaging,Won,2017-05-07,80
ST-001665,BNY8MJ6L,Kary Hendrixson,Prospecting,Engaging,2017-02-16,10
ST-001666,INBGKE14,Kary Hendrixson,Prospecting,Engaging,2017-02-16,9
ST-001667,D54HETSI,Kary Hendrixson,Prospecting,Engaging,2017-02-16,29
ST-001668,D54HETSI,Kary Hendrixson,Engaging,Lost,2017-05-14,87
ST-001669,JOQQZ5RH,Marty Freudenburg,Prospecting,Engaging,2017-02-16,3
ST-001670,JOQQZ5RH,Marty Freudenburg,Engaging,Won,2017-03-01,13
ST-001671,90V75MDV,Niesha Huffines,Prospecting,Engaging,2017-02-16,22
ST-001672,90V75MDV,Niesha Huffines,Engaging,Lost,2017-05-17,90
ST-001673,LIIBOUUQ,Reed Clapper,Prospecting,Engaging,2017-02-16,7
ST-001674,LIIBOUUQ,Reed Clapper,Engaging,Won,2017-05-30,103
ST-001675,5KK2SSSB,Rosie Papadopoulos,Prospecting,Engaging,2017-02-16,10
ST-001676,UDYSM42B,Violet Mclelland,Prospecting,Engaging,2017-02-16,7
ST-001677,UDYSM42B,Violet Mclelland,Engaging,Won,2017-06-22,126
ST-001678,V3HVIJLL,Zane Levy,Prospecting,Engaging,2017-02-16,18
ST-001679,F835LA4P,Darcel Schlecht,Prospecting,Engaging,2017-02-17,24
ST-001680,F835LA4P,Darcel Schlecht,Engaging,Won,2017-05-10,82
ST-001681,75Q82XU7,Donn Cantrell,Prospecting,Engaging,2017-02-17,6
ST-001682,75Q82XU7,Donn Cantrell,Engaging,Lost,2017-06-13,116
ST-001683,AMNKCM1H,Elease Gluck,Prospecting,Engaging,2017-02-17,21
ST-001684,2U6QQHCC,James Ascencio,Prospecting,Engaging,2017-02-17,9
ST-001685,2U6QQHCC,James Ascencio,Engaging,Won,2017-06-19,122
ST-001686,MMKMJ0WC,Jonathan Berthelot,Prospecting,Engaging,2017-02-17,17
ST-001687,MMKMJ0WC,Jonathan Berthelot,Engaging,Won,2017-06-07,110
ST-001688,CZIXINO2,Kami Bicknell,Prospecting,Engaging,2017-02-17,25
ST-001689,CZIXINO2,Kami Bicknell,Engaging,Lost,2017-05-04,76
ST-001690,HV7Y6184,Kami Bicknell,Prospecting,Engaging,2017-02-17,11
ST-001691,HV7Y6184,Kami Bicknell,Engaging,Lost,2017-05-28,100
ST-001692,KIHC1QJQ,Kami Bicknell,Prospecting,Engaging,2017-02-17,27
ST-001693,KIHC1QJQ,Kami Bicknell,Engaging,Won,2017-05-09,81
ST-001694,VBWQO6BM,Niesha Huffines,Prospecting,Engaging,2017-02-17,14
ST-001695,VBWQO6BM,Niesha Huffines,Engaging,Lost,2017-05-14,86
ST-001696,LTZCN1RA,Versie Hillebrand,Prospecting,Engaging,2017-02-17,8
ST-001697,LTZCN1RA,Versie Hillebrand,Engaging,Won,2017-05-19,91
ST-001698,84LN84VM,Vicki Laflamme,Prospecting,Engaging,2017-02-17,22
ST-001699,YO32O3T9,Zane Levy,Prospecting,Engaging,2017-02-17,22
ST-001700,YO32O3T9,Zane Levy,Engaging,Lost,2017-05-28,100
ST-001701,MU7JWTP6,Cassey Cress,Prospecting,Engaging,2017-02-18,26
ST-001702,8638OV6W,Corliss Cosme,Prospecting,Engaging,2017-02-18,25
ST-001703,8638OV6W,Corliss Cosme,Engaging,Lost,2017-05-26,97
ST-001704,TTJXSO57,Darcel Schlecht,Prospecting,Engaging,2017-02-18,6
ST-001705,TTJXSO57,Darcel Schlecht,Engaging,Lost,2017-05-20,91
ST-001706,K4VP5HK4,Donn Cantrell,Prospecting,Engaging,2017-02-18,27
ST-001707,K4VP5HK4,Donn Cantrell,Engaging,Won,2017-05-08,79
ST-001708,10R46CSK,Lajuana Vencill,Prospecting,Engaging,2017-02-18,29
ST-001709,10R46CSK,Lajuana Vencill,Engaging,Won,2017-05-07,78
ST-001710,VBA34LWX,Markita Hansen,Prospecting,Engaging,2017-02-18,8
ST-001711,VBA34LWX,Markita Hansen,Engaging,Won,2017-05-31,102
ST-001712,DLJN7WG0,Marty Freudenburg,Prospecting,Engaging,2017-02-18,12
ST-001713,DLJN7WG0,Marty Freudenburg,Engaging,Lost,2017-05-30,101
ST-001714,FJCCTOPN,Reed Clapper,Prospecting,Engaging,2017-02-18,6
ST-001715,FJCCTOPN,Reed Clapper,Engaging,Won,2017-06-18,120
ST-001716,LR6USOHL,Reed Clapper,Prospecting,Engaging,2017-02-18,21
ST-001717,LR6USOHL,Reed Clapper,Engaging,Won,2017-05-27,98
ST-001718,5VAV2TUY,Versie Hillebrand,Prospecting,Engaging,2017-02-18,3
ST-001719,5VAV2TUY,Versie Hillebrand,Engaging,Won,2017-03-25,35
ST-001720,HTD2ME9C,Anna Snelling,Prospecting,Engaging,2017-02-19,12
ST-001721,HTD2ME9C,Anna Snelling,Engaging,Won,2017-06-12,113
ST-001722,GHUCMUPL,Boris Faz,Prospecting,Engaging,2017-02-19,21
ST-001723,GHUCMUPL,Boris Faz,Engaging,Won,2017-05-02,72
ST-001724,1LKY3B4X,Cassey Cress,Prospecting,Engaging,2017-02-19,24
ST-001725,1LKY3B4X,Cassey Cress,Engaging,Won,2017-03-02,11
ST-001726,7Y5E0RDL,Corliss Cosme,Prospecting,Engaging,2017-02-19,15
ST-001727,7Y5E0RDL,Corliss Cosme,Engaging,Won,2017-06-18,119
ST-001728,9HRMW8SL,Daniell Hammack,Prospecting,Engaging,2017-02-19,15
ST-001729,BEQIZZ7W,Darcel Schlecht,Prospecting,Engaging,2017-02-19,25
ST-001730,BEQIZZ7W,Darcel Schlecht,Engaging,Won,2017-03-04,13
ST-001731,44F8ZE41,Donn Cantrell,Prospecting,Engaging,2017-02-19,9
ST-001732,44F8ZE41,Donn Cantrell,Engaging,Lost,2017-05-19,89
ST-001733,YJIH415V,Donn Cantrell,Prospecting,Engaging,2017-02-19,5
ST-001734,YJIH415V,Donn Cantrell,Engaging,Won,2017-05-10,80
ST-001735,K3DQJ796,Garret Kinder,Prospecting,Engaging,2017-02-19,21
ST-001736,K3DQJ796,Garret Kinder,Engaging,Lost,2017-05-14,84
ST-001737,6QF3D2RI,Garret Kinder,Prospecting,Engaging,2017-02-19,25
ST-001738,6QF3D2RI,Garret Kinder,Engaging,Lost,2017-05-05,75
ST-001739,G9565UWZ,Garret Kinder,Prospecting,Engaging,2017-02-19,29
ST-001740,G9565UWZ,Garret Kinder,Engaging,Won,2017-03-01,10
ST-001741,RFKIN7FG,Jonathan Berthelot,Prospecting,Engaging,2017-02-19,23
ST-001742,RFKIN7FG,Jonathan Berthelot,Engaging,Lost,2017-05-25,95
ST-001743,WJQ8VD51,Kami Bicknell,Prospecting,Engaging,2017-02-19,10
ST-001744,2BWZLXZ8,Kami Bicknell,Prospecting,Engaging,2017-02-19,6
ST-001745,2BWZLXZ8,Kami Bicknell,Engaging,Won,2017-03-05,14
ST-001746,1WHXI2RW,Markita Hansen,Prospecting,Engaging,2017-02-19,25
ST-001747,G5JP0G7Q,Markita Hansen,Prospecting,Engaging,2017-02-19,27
ST-001748,2QHRL8CW,Moses Frase,Prospecting,Engaging,2017-02-19,12
ST-001749,2QHRL8CW,Moses Frase,Engaging,Won,2017-05-28,98
ST-001750,RFYAI0WA,Rosie Papadopoulos,Prospecting,Engaging,2017-02-19,30
ST-001751,RFYAI0WA,Rosie Papadopoulos,Engaging,Lost,2017-06-08,109
ST-001752,WH0DJCGL,Rosie Papadopoulos,Prospecting,Engaging,2017-02-19,24
ST-001753,WH0DJCGL,Rosie Papadopoulos,Engaging,Lost,2017-06-14,115
ST-001754,LCW83256,Rosie Papadopoulos,Prospecting,Engaging,2017-02-19,22
ST-001755,LCW83256,Rosie Papadopoulos,Engaging,Won,2017-03-04,13
ST-001756,RVH3UUKY,Vicki Laflamme,Prospecting,Engaging,2017-02-19,28
ST-001757,IHFM8QXN,Vicki Laflamme,Prospecting,Engaging,2017-02-19,6
ST-001758,IHFM8QXN,Vicki Laflamme,Engaging,Lost,2017-03-07,16
ST-001759,QCY951QA,Violet Mclelland,Prospecting,Engaging,2017-02-19,28
ST-001760,QCY951QA,Violet Mclelland,Engaging,Won,2017-05-06,76
ST-001761,CG9VXPV1,Zane Levy,Prospecting,Engaging,2017-02-19,21
ST-001762,09BVA55J,Zane Levy,Prospecting,Engaging,2017-02-19,28
ST-001763,09BVA55J,Zane Levy,Engaging,Won,2017-06-25,126
ST-001764,2R9HXKXT,Boris Faz,Prospecting,Engaging,2017-02-20,4
ST-001765,2R9HXKXT,Boris Faz,Engaging,Lost,2017-05-25,94
ST-001766,JLK8KCNN,Boris Faz,Prospecting,Engaging,2017-02-20,14
ST-001767,JLK8KCNN,Boris Faz,Engaging,Won,2017-05-24,93
ST-001768,SZQUBIMH,Cassey Cress,Prospecting,Engaging,2017-02-20,20
ST-001769,SZQUBIMH,Cassey Cress,Engaging,Won,2017-06-07,107
ST-001770,8ZYVKQ27,Cecily Lampkin,Prospecting,Engaging,2017-02-20,16
ST-001771,8ZYVKQ27,Cecily Lampkin,Engaging,Won,2017-06-26,126
ST-001772,25A51PWG,Darcel Schlecht,Prospecting,Engaging,2017-02-20,24
ST-001773,25A51PWG,Darcel Schlecht,Engaging,Lost,2017-05-16,85
ST-001774,4B4XCPHT,Donn Cantrell,Prospecting,Engaging,2017-02-20,14
ST-001775,4B4XCPHT,Donn Cantrell,Engaging,Won,2017-05-05,74
ST-001776,5JFOA4XC,Gladys Colclough,Prospecting,Engaging,2017-02-20,5
ST-001777,5JFOA4XC,Gladys Colclough,Engaging,Won,2017-06-14,114
ST-001778,N5FOEJZ9,Kami Bicknell,Prospecting,Engaging,2017-02-20,19
ST-001779,N5FOEJZ9,Kami Bicknell,Engaging,Lost,2017-06-03,103
ST-001780,CYWZJ2AI,Kary Hendrixson,Prospecting,Engaging,2017-02-20,23
ST-001781,QTNPGKJ7,Kary Hendrixson,Prospecting,Engaging,2017-02-20,13
ST-001782,QTNPGKJ7,Kary Hendrixson,Engaging,Won,2017-06-26,126
ST-001783,EBRWSMI0,Markita Hansen,Prospecting,Engaging,2017-02-20,3
ST-001784,EBRWSMI0,Markita Hansen,Engaging,Lost,2017-06-27,127
ST-001785,4PKHDQOQ,Marty Freudenburg,Prospecting,Engaging,2017-02-20,30
ST-001786,4PKHDQOQ,Marty Freudenburg,Engaging,Won,2017-06-03,103
ST-001787,3Y9SB2QK,Maureen Marcano,Prospecting,Engaging,2017-02-20,16
ST-001788,3Y9SB2QK,Maureen Marcano,Engaging,Won,2017-03-01,9
ST-001789,5MZ0O77T,Reed Clapper,Prospecting,Engaging,2017-02-20,29
ST-001790,5MZ0O77T,Reed Clapper,Engaging,Won,2017-05-16,85
ST-001791,2EILEDKF,Reed Clapper,Prospecting,Engaging,2017-02-20,18
ST-001792,2EILEDKF,Reed Clapper,Engaging,Won,2017-03-05,13
ST-001793,J4NX9TK5,Versie Hillebrand,Prospecting,Engaging,2017-02-20,6
ST-001794,J4NX9TK5,Versie Hillebrand,Engaging,Won,2017-05-24,93
ST-001795,Y7N97FW8,Vicki Laflamme,Prospecting,Engaging,2017-02-20,16
ST-001796,0IO43YMS,Wilburn Farren,Prospecting,Engaging,2017-02-20,14
ST-001797,5ITSLO0E,Anna Snelling,Prospecting,Engaging,2017-02-21,23
ST-001798,5ITSLO0E,Anna Snelling,Engaging,Won,2017-03-04,11
ST-001799,6HG76L6U,Boris Faz,Prospecting,Engaging,2017-02-21,29
ST-001800,QGW0TI1U,Darcel Schlecht,Prospecting,Engaging,2017-02-21,17
ST-001801,QGW0TI1U,Darcel Schlecht,Engaging,Lost,2017-06-11,110
ST-001802,WJC5J533,Lajuana Vencill,Prospecting,Engaging,2017-02-21,25
ST-001803,WJC5J533,Lajuana Vencill,Engaging,Won,2017-06-04,103
ST-001804,9SLINQY5,Markita Hansen,Prospecting,Engaging,2017-02-21,7
ST-001805,1GIP77EP,Maureen Marcano,Prospecting,Engaging,2017-02-21,16
ST-001806,XGLMCTLG,Moses Frase,Prospecting,Engaging,2017-02-21,8
ST-001807,XGLMCTLG,Moses Frase,Engaging,Won,2017-06-18,117
ST-001808,X6RLT30X,Reed Clapper,Prospecting,Engaging,2017-02-21,26
ST-001809,X6RLT30X,Reed Clapper,Engaging,Lost,2017-05-23,91
ST-001810,IVT0S1N1,Vicki Laflamme,Prospecting,Engaging,2017-02-21,19
ST-001811,IVT0S1N1,Vicki Laflamme,Engaging,Won,2017-03-20,27
ST-001812,NOLCZMV6,Violet Mclelland,Prospecting,Engaging,2017-02-21,23
ST-001813,JEPGSQC9,Violet Mclelland,Prospecting,Engaging,2017-02-21,11
ST-001814,JEPGSQC9,Violet Mclelland,Engaging,Lost,2017-05-05,73
ST-001815,EEDHCEVZ,Boris Faz,Prospecting,Engaging,2017-02-22,22
ST-001816,EEDHCEVZ,Boris Faz,Engaging,Lost,2017-05-22,89
ST-001817,NHDTSMX2,Cassey Cress,Prospecting,Engaging,2017-02-22,28
ST-001818,NHDTSMX2,Cassey Cress,Engaging,Won,2017-03-02,8
ST-001819,E36CR33F,Corliss Cosme,Prospecting,Engaging,2017-02-22,20
ST-001820,E36CR33F,Corliss Cosme,Engaging,Lost,2017-06-08,106
ST-001821,PNL17RE9,Corliss Cosme,Prospecting,Engaging,2017-02-22,27
ST-001822,PNL17RE9,Corliss Cosme,Engaging,Won,2017-06-28,126
ST-001823,B4SIVH1O,Daniell Hammack,Prospecting,Engaging,2017-02-22,18
ST-001824,VMEVOJVL,Daniell Hammack,Prospecting,Engaging,2017-02-22,17
ST-001825,VMEVOJVL,Daniell Hammack,Engaging,Lost,2017-05-17,84
ST-001826,5EKN0BFN,Daniell Hammack,Prospecting,Engaging,2017-02-22,16
ST-001827,5EKN0BFN,Daniell Hammack,Engaging,Won,2017-05-15,82
ST-001828,R4LH95QS,Daniell Hammack,Prospecting,Engaging,2017-02-22,29
ST-001829,R4LH95QS,Daniell Hammack,Engaging,Won,2017-03-03,9
ST-001830,52CROFH2,Darcel Schlecht,Prospecting,Engaging,2017-02-22,26
ST-001831,52CROFH2,Darcel Schlecht,Engaging,Lost,2017-03-05,11
ST-001832,REDGEUCP,Darcel Schlecht,Prospecting,Engaging,2017-02-22,21
ST-001833,REDGEUCP,Darcel Schlecht,Engaging,Won,2017-03-10,16
ST-001834,6KT5HAR6,Darcel Schlecht,Prospecting,Engaging,2017-02-22,11
ST-001835,6KT5HAR6,Darcel Schlecht,Engaging,Won,2017-03-05,11
ST-001836,48AJ0X9E,Gladys Colclough,Prospecting,Engaging,2017-02-22,13
ST-001837,48AJ0X9E,Gladys Colclough,Engaging,Won,2017-06-15,113
ST-001838,RA1UBXY9,Gladys Colclough,Prospecting,Engaging,2017-02-22,30
ST-001839,RA1UBXY9,Gladys Colclough,Engaging,Won,2017-03-24,30
ST-001840,ESZY10SI,Hayden Neloms,Prospecting,Engaging,2017-02-22,10
ST-001841,WGI2GSKJ,Hayden Neloms,Prospecting,Engaging,2017-02-22,29
ST-001842,WGI2GSKJ,Hayden Neloms,Engaging,Lost,2017-05-27,94
ST-001843,W4BNO6UL,Hayden Neloms,Prospecting,Engaging,2017-02-22,5
ST-001844,W4BNO6UL,Hayden Neloms,Engaging,Won,2017-06-04,102
ST-001845,S50A0C2S,Kami Bicknell,Prospecting,Engaging,2017-02-22,11
ST-001846,S50A0C2S,Kami Bicknell,Engaging,Lost,2017-03-14,20
ST-001847,3H80RIHV,Kami Bicknell,Prospecting,Engaging,2017-02-22,17
ST-001848,3H80RIHV,Kami Bicknell,Engaging,Won,2017-05-10,77
ST-001849,KATNS4R4,Lajuana Vencill,Prospecting,Engaging,2017-02-22,10
ST-001850,KATNS4R4,Lajuana Vencill,Engaging,Lost,2017-05-22,89
ST-001851,L5U7OT6O,Markita Hansen,Prospecting,Engaging,2017-02-22,27
ST-001852,L5U7OT6O,Markita Hansen,Engaging,Won,2017-06-17,115
ST-001853,QKVUGRN9,Moses Frase,Prospecting,Engaging,2017-02-22,17
ST-001854,QKVUGRN9,Moses Frase,Engaging,Lost,2017-05-30,97
ST-001855,FNY6F0KF,Moses Frase,Prospecting,Engaging,2017-02-22,21
ST-001856,FNY6F0KF,Moses Frase,Engaging,Won,2017-05-15,82
ST-001857,1W23LEWK,Niesha Huffines,Prospecting,Engaging,2017-02-22,22
ST-001858,1W23LEWK,Niesha Huffines,Engaging,Won,2017-05-27,94
ST-001859,JHJEQ1U3,Niesha Huffines,Prospecting,Engaging,2017-02-22,24
ST-001860,JHJEQ1U3,Niesha Huffines,Engaging,Won,2017-03-07,13
ST-001861,CPJAA632,Reed Clapper,Prospecting,Engaging,2017-02-22,15
ST-001862,CPJAA632,Reed Clapper,Engaging,Won,2017-05-15,82
ST-001863,Y3CYQGPH,Rosalina Dieter,Prospecting,Engaging,2017-02-22,13
ST-001864,Q19RWR17,Vicki Laflamme,Prospecting,Engaging,2017-02-22,3
ST-001865,GVC0RLQE,Vicki Laflamme,Prospecting,Engaging,2017-02-22,18
ST-001866,GVC0RLQE,Vicki Laflamme,Engaging,Lost,2017-05-11,78
ST-001867,9OLYBVNE,Zane Levy,Prospecting,Engaging,2017-02-22,30
ST-001868,9OLYBVNE,Zane Levy,Engaging,Won,2017-06-02,100
ST-001869,R8N49PHN,Zane Levy,Prospecting,Engaging,2017-02-22,13
ST-001870,R8N49PHN,Zane Levy,Engaging,Won,2017-03-02,8
ST-001871,P5EVJUKQ,Anna Snelling,Prospecting,Engaging,2017-02-23,8
ST-001872,P5EVJUKQ,Anna Snelling,Engaging,Won,2017-06-10,107
ST-001873,XF4648CO,Boris Faz,Prospecting,Engaging,2017-02-23,18
ST-001874,XF4648CO,Boris Faz,Engaging,Lost,2017-06-16,113
ST-001875,24UTFDPK,Cassey Cress,Prospecting,Engaging,2017-02-23,9
ST-001876,24UTFDPK,Cassey Cress,Engaging,Won,2017-03-12,17
ST-001877,ERYLM04D,Cecily Lampkin,Prospecting,Engaging,2017-02-23,14
ST-001878,ERYLM04D,Cecily Lampkin,Engaging,Won,2017-05-23,89
ST-001879,6PW6ZQEE,Corliss Cosme,Prospecting,Engaging,2017-02-23,28
ST-001880,IQ9W1X36,Corliss Cosme,Prospecting,Engaging,2017-02-23,11
ST-001881,IQ9W1X36,Corliss Cosme,Engaging,Won,2017-03-02,7
ST-001882,GSR9PIF0,Daniell Hammack,Prospecting,Engaging,2017-02-23,13
ST-001883,GSR9PIF0,Daniell Hammack,Engaging,Won,2017-05-22,88
ST-001884,8477482V,Darcel Schlecht,Prospecting,Engaging,2017-02-23,11
ST-001885,8477482V,Darcel Schlecht,Engaging,Won,2017-06-28,125
ST-001886,VFZOL6CB,Elease Gluck,Prospecting,Engaging,2017-02-23,22
ST-001887,VFZOL6CB,Elease Gluck,Engaging,Won,2017-03-10,15
ST-001888,75ZOJ3O7,Hayden Neloms,Prospecting,Engaging,2017-02-23,25
ST-001889,75ZOJ3O7,Hayden Neloms,Engaging,Won,2017-03-08,13
ST-001890,1QQR82TP,James Ascencio,Prospecting,Engaging,2017-02-23,11
ST-001891,1QQR82TP,James Ascencio,Engaging,Lost,2017-06-23,120
ST-001892,4E5A84H1,Kami Bicknell,Prospecting,Engaging,2017-02-23,20
ST-001893,DR6MQSWL,Kami Bicknell,Prospecting,Engaging,2017-02-23,3
ST-001894,DR6MQSWL,Kami Bicknell,Engaging,Won,2017-03-11,16
ST-001895,KAV5TU8X,Kami Bicknell,Prospecting,Engaging,2017-02-23,19
ST-001896,KAV5TU8X,Kami Bicknell,Engaging,Won,2017-05-06,72
ST-001897,UQ86UOWY,Kary Hendrixson,Prospecting,Engaging,2017-02-23,9
ST-001898,UQ86UOWY,Kary Hendrixson,Engaging,Lost,2017-05-04,70
ST-001899,A82DG6R5,Kary Hendrixson,Prospecting,Engaging,2017-02-23,5
ST-001900,A82DG6R5,Kary Hendrixson,Engaging,Won,2017-05-04,70
ST-001901,37FKT2ZP,Lajuana Vencill,Prospecting,Engaging,2017-02-23,10
ST-001902,37FKT2ZP,Lajuana Vencill,Engaging,Won,2017-05-23,89
ST-001903,03VCDZEE,Maureen Marcano,Prospecting,Engaging,2017-02-23,26
ST-001904,MVXB9PS5,Maureen Marcano,Prospecting,Engaging,2017-02-23,16
ST-001905,MVXB9PS5,Maureen Marcano,Engaging,Lost,2017-06-17,114
ST-001906,M2TZSYTN,Moses Frase,Prospecting,Engaging,2017-02-23,18
ST-001907,M2TZSYTN,Moses Frase,Engaging,Won,2017-06-16,113
ST-001908,KGJL5GHX,Moses Frase,Prospecting,Engaging,2017-02-23,20
ST-001909,KGJL5GHX,Moses Frase,Engaging,Won,2017-06-06,103
ST-001910,IF7DSONM,Moses Frase,Prospecting,Engaging,2017-02-23,27
ST-001911,IF7DSONM,Moses Frase,Engaging,Won,2017-03-15,20
ST-001912,RR4FWSVB,Moses Frase,Prospecting,Engaging,2017-02-23,10
ST-001913,RR4FWSVB,Moses Frase,Engaging,Won,2017-05-11,77
ST-001914,C5IWM5VJ,Reed Clapper,Prospecting,Engaging,2017-02-23,25
ST-001915,C5IWM5VJ,Reed Clapper,Engaging,Won,2017-06-10,107
ST-001916,9WZ3I1TF,Rosie Papadopoulos,Prospecting,Engaging,2017-02-23,18
ST-001917,9WZ3I1TF,Rosie Papadopoulos,Engaging,Won,2017-05-09,75
ST-001918,IO4GTLAB,Zane Levy,Prospecting,Engaging,2017-02-23,23
ST-001919,IO4GTLAB,Zane Levy,Engaging,Won,2017-03-14,19
ST-001920,7ONH55WT,Cassey Cress,Prospecting,Engaging,2017-02-24,25
ST-001921,06T2UPDG,Cecily Lampkin,Prospecting,Engaging,2017-02-24,18
ST-001922,06T2UPDG,Cecily Lampkin,Engaging,Lost,2017-06-05,101
ST-001923,CMKXOOJQ,Corliss Cosme,Prospecting,Engaging,2017-02-24,17
ST-001924,9L6ADU5C,Corliss Cosme,Prospecting,Engaging,2017-02-24,28
ST-001925,9L6ADU5C,Corliss Cosme,Engaging,Lost,2017-05-11,76
ST-001926,U185INDA,Darcel Schlecht,Prospecting,Engaging,2017-02-24,3
ST-001927,U185INDA,Darcel Schlecht,Engaging,Won,2017-05-05,70
ST-001928,2AGLONC4,Donn Cantrell,Prospecting,Engaging,2017-02-24,5
ST-001929,2AGLONC4,Donn Cantrell,Engaging,Won,2017-05-15,80
ST-001930,TBDUMBLA,Donn Cantrell,Prospecting,Engaging,2017-02-24,12
ST-001931,TBDUMBLA,Donn Cantrell,Engaging,Won,2017-05-02,67
ST-001932,0AXGVKN8,Garret Kinder,Prospecting,Engaging,2017-02-24,10
ST-001933,0AXGVKN8,Garret Kinder,Engaging,Won,2017-05-28,93
ST-001934,TAPNNL1W,Garret Kinder,Prospecting,Engaging,2017-02-24,15
ST-001935,TAPNNL1W,Garret Kinder,Engaging,Won,2017-03-07,11
ST-001936,R9ZAKBFE,Gladys Colclough,Prospecting,Engaging,2017-02-24,25
ST-001937,R9ZAKBFE,Gladys Colclough,Engaging,Won,2017-03-10,14
ST-001938,Y40ADYX7,Hayden Neloms,Prospecting,Engaging,2017-02-24,10
ST-001939,Y40ADYX7,Hayden Neloms,Engaging,Won,2017-03-11,15
ST-001940,R7GVZT8J,Jonathan Berthelot,Prospecting,Engaging,2017-02-24,12
ST-001941,R7GVZT8J,Jonathan Berthelot,Engaging,Lost,2017-05-10,75
ST-001942,RSEDY99J,Jonathan Berthelot,Prospecting,Engaging,2017-02-24,24
ST-001943,RSEDY99J,Jonathan Berthelot,Engaging,Won,2017-06-16,112
ST-001944,NR947OAB,Kami Bicknell,Prospecting,Engaging,2017-02-24,21
ST-001945,LMKNU8IZ,Markita Hansen,Prospecting,Engaging,2017-02-24,14
ST-001946,D5NZQIWU,Markita Hansen,Prospecting,Engaging,2017-02-24,18
ST-001947,D5NZQIWU,Markita Hansen,Engaging,Lost,2017-06-20,116
ST-001948,Z0BGG6IJ,Markita Hansen,Prospecting,Engaging,2017-02-24,20
ST-001949,Z0BGG6IJ,Markita Hansen,Engaging,Won,2017-05-05,70
ST-001950,ZCA1IRGD,Moses Frase,Prospecting,Engaging,2017-02-24,19
ST-001951,ZCA1IRGD,Moses Frase,Engaging,Won,2017-05-06,71
ST-001952,NPB8ZLEO,Vicki Laflamme,Prospecting,Engaging,2017-02-24,14
ST-001953,NPB8ZLEO,Vicki Laflamme,Engaging,Lost,2017-05-13,78
ST-001954,HJIO57TA,Violet Mclelland,Prospecting,Engaging,2017-02-24,16
ST-001955,HJIO57TA,Violet Mclelland,Engaging,Won,2017-06-06,102
ST-001956,U6N053E1,Anna Snelling,Prospecting,Engaging,2017-02-25,26
ST-001957,U6N053E1,Anna Snelling,Engaging,Won,2017-03-02,5
ST-001958,R5RSH4JV,Boris Faz,Prospecting,Engaging,2017-02-25,20
ST-001959,MTKCJVFO,Cassey Cress,Prospecting,Engaging,2017-02-25,13
ST-001960,MTKCJVFO,Cassey Cress,Engaging,Won,2017-06-18,113
ST-001961,KIP060D0,Cassey Cress,Prospecting,Engaging,2017-02-25,14
ST-001962,KIP060D0,Cassey Cress,Engaging,Won,2017-03-08,11
ST-001963,YOISPUC6,Corliss Cosme,Prospecting,Engaging,2017-02-25,25
ST-001964,YOISPUC6,Corliss Cosme,Engaging,Lost,2017-05-21,85
ST-001965,2MHTTXX0,Darcel Schlecht,Prospecting,Engaging,2017-02-25,17
ST-001966,2MHTTXX0,Darcel Schlecht,Engaging,Lost,2017-06-17,112
ST-001967,QU4FNKZL,Darcel Schlecht,Prospecting,Engaging,2017-02-25,11
ST-001968,QU4FNKZL,Darcel Schlecht,Engaging,Won,2017-05-09,73
ST-001969,GZUKDP7F,Darcel Schlecht,Prospecting,Engaging,2017-02-25,12
ST-001970,GZUKDP7F,Darcel Schlecht,Engaging,Won,2017-06-13,108
ST-001971,S519S1EK,Donn Cantrell,Prospecting,Engaging,2017-02-25,11
ST-001972,S519S1EK,Donn Cantrell,Engaging,Won,2017-06-02,97
ST-001973,AL554AUI,Donn Cantrell,Prospecting,Engaging,2017-02-25,10
ST-001974,AL554AUI,Donn Cantrell,Engaging,Won,2017-05-26,90
ST-001975,MCWDHOBT,Elease Gluck,Prospecting,Engaging,2017-02-25,6
ST-001976,MCWDHOBT,Elease Gluck,Engaging,Won,2017-05-19,83
ST-001977,GDZV8N5W,Gladys Colclough,Prospecting,Engaging,2017-02-25,26
ST-001978,GDZV8N5W,Gladys Colclough,Engaging,Lost,2017-05-26,90
ST-001979,X1D1HYMM,James Ascencio,Prospecting,Engaging,2017-02-25,9
ST-001980,F4FLJ0WW,James Ascencio,Prospecting,Engaging,2017-02-25,13
ST-001981,F4FLJ0WW,James Ascencio,Engaging,Lost,2017-05-26,90
ST-001982,P3VM7655,Jonathan Berthelot,Prospecting,Engaging,2017-02-25,6
ST-001983,P3VM7655,Jonathan Berthelot,Engaging,Won,2017-05-06,70
ST-001984,5QU60VGE,Kami Bicknell,Prospecting,Engaging,2017-02-25,26
ST-001985,5QU60VGE,Kami Bicknell,Engaging,Lost,2017-03-12,15
ST-001986,3CLBPMYZ,Kami Bicknell,Prospecting,Engaging,2017-02-25,20
ST-001987,3CLBPMYZ,Kami Bicknell,Engaging,Lost,2017-03-08,11
ST-001988,G17JEA75,Kami Bicknell,Prospecting,Engaging,2017-02-25,27
ST-001989,G17JEA75,Kami Bicknell,Engaging,Won,2017-03-11,14
ST-001990,BGU0JJ9X,Marty Freudenburg,Prospecting,Engaging,2017-02-25,25
ST-001991,BGU0JJ9X,Marty Freudenburg,Engaging,Won,2017-06-30,125
ST-001992,U02OIJGK,Marty Freudenburg,Prospecting,Engaging,2017-02-25,8
ST-001993,U02OIJGK,Marty Freudenburg,Engaging,Won,2017-05-09,73
ST-001994,3N7ZXGMF,Niesha Huffines,Prospecting,Engaging,2017-02-25,9
ST-001995,3N7ZXGMF,Niesha Huffines,Engaging,Won,2017-03-06,9
ST-001996,0QHI3KG5,Reed Clapper,Prospecting,Engaging,2017-02-25,9
ST-001997,0QHI3KG5,Reed Clapper,Engaging,Won,2017-06-10,105
ST-001998,0WWDVOM3,Rosalina Dieter,Prospecting,Engaging,2017-02-25,26
ST-001999,0WWDVOM3,Rosalina Dieter,Engaging,Won,2017-05-09,73
ST-002000,QPPUCKFM,Rosalina Dieter,Prospecting,Engaging,2017-02-25,18
ST-002001,QPPUCKFM,Rosalina Dieter,Engaging,Won,2017-03-06,9
ST-002002,VGE4M1C9,Versie Hillebrand,Prospecting,Engaging,2017-02-25,11
ST-002003,VGE4M1C9,Versie Hillebrand,Engaging,Lost,2017-03-08,11
ST-002004,56XQOTXV,Versie Hillebrand,Prospecting,Engaging,2017-02-25,26
ST-002005,56XQOTXV,Versie Hillebrand,Engaging,Won,2017-05-17,81
ST-002006,1JC9DMNJ,Vicki Laflamme,Prospecting,Engaging,2017-02-25,21
ST-002007,1JC9DMNJ,Vicki Laflamme,Engaging,Lost,2017-05-06,70
ST-002008,AK2LRFXF,Vicki Laflamme,Prospecting,Engaging,2017-02-25,27
ST-002009,AK2LRFXF,Vicki Laflamme,Engaging,Won,2017-03-11,14
ST-002010,UCK7JRXG,Vicki Laflamme,Prospecting,Engaging,2017-02-25,19
ST-002011,UCK7JRXG,Vicki Laflamme,Engaging,Won,2017-05-13,77
ST-002012,GVYF29NM,Violet Mclelland,Prospecting,Engaging,2017-02-25,22
ST-002013,DN6SG3US,Wilburn Farren,Prospecting,Engaging,2017-02-25,12
ST-002014,WM30CUBE,Wilburn Farren,Prospecting,Engaging,2017-02-25,6
ST-002015,WM30CUBE,Wilburn Farren,Engaging,Won,2017-06-02,97
ST-002016,EW28ZONV,Zane Levy,Prospecting,Engaging,2017-02-25,29
ST-002017,8DWOWB6Y,Anna Snelling,Prospecting,Engaging,2017-02-26,9
ST-002018,8DWOWB6Y,Anna Snelling,Engaging,Lost,2017-03-16,18
ST-002019,BGNB966A,Boris Faz,Prospecting,Engaging,2017-02-26,12
ST-002020,BGNB966A,Boris Faz,Engaging,Won,2017-03-13,15
ST-002021,4Q4CLZCH,Corliss Cosme,Prospecting,Engaging,2017-02-26,10
ST-002022,4Q4CLZCH,Corliss Cosme,Engaging,Lost,2017-06-10,104
ST-002023,YQ24IWRQ,Daniell Hammack,Prospecting,Engaging,2017-02-26,14
ST-002024,YQ24IWRQ,Daniell Hammack,Engaging,Won,2017-05-27,90
ST-002025,Z30RS0CL,Donn Cantrell,Prospecting,Engaging,2017-02-26,8
ST-002026,Z30RS0CL,Donn Cantrell,Engaging,Lost,2017-06-01,95
ST-002027,FRB34F3W,Elease Gluck,Prospecting,Engaging,2017-02-26,12
ST-002028,FRB34F3W,Elease Gluck,Engaging,Lost,2017-05-24,87
ST-002029,CGEHFK9N,Gladys Colclough,Prospecting,Engaging,2017-02-26,3
ST-002030,CGEHFK9N,Gladys Colclough,Engaging,Lost,2017-05-29,92
ST-002031,4A189ZAB,Gladys Colclough,Prospecting,Engaging,2017-02-26,25
ST-002032,4A189ZAB,Gladys Colclough,Engaging,Won,2017-06-08,102
ST-002033,0HELH2Q0,James Ascencio,Prospecting,Engaging,2017-02-26,20
ST-002034,0HELH2Q0,James Ascencio,Engaging,Lost,2017-05-29,92
ST-002035,9E8A7MQ8,Kary Hendrixson,Prospecting,Engaging,2017-02-26,7
ST-002036,HG5P21RO,Lajuana Vencill,Prospecting,Engaging,2017-02-26,11
ST-002037,HG5P21RO,Lajuana Vencill,Engaging,Lost,2017-05-08,71
ST-002038,MGP9HCUL,Markita Hansen,Prospecting,Engaging,2017-02-26,4
ST-002039,MGP9HCUL,Markita Hansen,Engaging,Lost,2017-06-16,110
ST-002040,HVZMZW96,Maureen Marcano,Prospecting,Engaging,2017-02-26,4
ST-002041,1H1YDS7C,Maureen Marcano,Prospecting,Engaging,2017-02-26,20
ST-002042,FZC2J90W,Maureen Marcano,Prospecting,Engaging,2017-02-26,12
ST-002043,XX84TIMO,Maureen Marcano,Prospecting,Engaging,2017-02-26,25
ST-002044,XX84TIMO,Maureen Marcano,Engaging,Lost,2017-06-26,120
ST-002045,2JFS8EGS,Maureen Marcano,Prospecting,Engaging,2017-02-26,7
ST-002046,2JFS8EGS,Maureen Marcano,Engaging,Lost,2017-05-03,66
ST-002047,GBMHNLRO,Moses Frase,Prospecting,Engaging,2017-02-26,23
ST-002048,GBMHNLRO,Moses Frase,Engaging,Won,2017-03-15,17
ST-002049,NAVG0P26,Moses Frase,Prospecting,Engaging,2017-02-26,30
ST-002050,NAVG0P26,Moses Frase,Engaging,Won,2017-05-26,89
ST-002051,DK955UBP,Niesha Huffines,Prospecting,Engaging,2017-02-26,27
ST-002052,DK955UBP,Niesha Huffines,Engaging,Lost,2017-05-20,83
ST-002053,0OOZE4GN,Rosie Papadopoulos,Prospecting,Engaging,2017-02-26,18
ST-002054,0OOZE4GN,Rosie Papadopoulos,Engaging,Lost,2017-03-03,5
ST-002055,3P0T15VX,Rosie Papadopoulos,Prospecting,Engaging,2017-02-26,6
ST-002056,3P0T15VX,Rosie Papadopoulos,Engaging,Lost,2017-05-18,81
ST-002057,GK0A4IQW,Versie Hillebrand,Prospecting,Engaging,2017-02-26,30
ST-002058,GK0A4IQW,Versie Hillebrand,Engaging,Won,2017-06-18,112
ST-002059,UI3DE2C4,Zane Levy,Prospecting,Engaging,2017-02-26,3
ST-002060,UXJSIAVS,Zane Levy,Prospecting,Engaging,2017-02-26,21
ST-002061,UXJSIAVS,Zane Levy,Engaging,Won,2017-03-14,16
ST-002062,KR4K652E,Anna Snelling,Prospecting,Engaging,2017-02-27,12
ST-002063,KR4K652E,Anna Snelling,Engaging,Won,2017-06-04,97
ST-002064,J2SR2H1Y,Cassey Cress,Prospecting,Engaging,2017-02-27,18
ST-002065,J2SR2H1Y,Cassey Cress,Engaging,Lost,2017-06-18,111
ST-002066,4U5VTUJL,Cassey Cress,Prospecting,Engaging,2017-02-27,18
ST-002067,4U5VTUJL,Cassey Cress,Engaging,Lost,2017-05-22,84
ST-002068,VTT447YT,Cecily Lampkin,Prospecting,Engaging,2017-02-27,17
ST-002069,VTT447YT,Cecily Lampkin,Engaging,Won,2017-05-03,65
ST-002070,8JJY9B08,Corliss Cosme,Prospecting,Engaging,2017-02-27,13
ST-002071,8JJY9B08,Corliss Cosme,Engaging,Lost,2017-05-04,66
ST-002072,STTAXKIU,Corliss Cosme,Prospecting,Engaging,2017-02-27,8
ST-002073,STTAXKIU,Corliss Cosme,Engaging,Won,2017-05-30,92
ST-002074,25FUROM1,Daniell Hammack,Prospecting,Engaging,2017-02-27,4
ST-002075,PX4OW5SC,Darcel Schlecht,Prospecting,Engaging,2017-02-27,11
ST-002076,PX4OW5SC,Darcel Schlecht,Engaging,Lost,2017-05-02,64
ST-002077,87MEZS8G,Darcel Schlecht,Prospecting,Engaging,2017-02-27,30
ST-002078,87MEZS8G,Darcel Schlecht,Engaging,Won,2017-05-13,75
ST-002079,SLIWHUIM,Donn Cantrell,Prospecting,Engaging,2017-02-27,18
ST-002080,SLIWHUIM,Donn Cantrell,Engaging,Won,2017-05-22,84
ST-002081,XBVFZ1IR,Gladys Colclough,Prospecting,Engaging,2017-02-27,6
ST-002082,XBVFZ1IR,Gladys Colclough,Engaging,Won,2017-06-24,117
ST-002083,7B3J333S,Gladys Colclough,Prospecting,Engaging,2017-02-27,29
ST-002084,7B3J333S,Gladys Colclough,Engaging,Won,2017-06-22,115
ST-002085,9X2S0K15,Hayden Neloms,Prospecting,Engaging,2017-02-27,5
ST-002086,3N9I1WH7,Hayden Neloms,Prospecting,Engaging,2017-02-27,15
ST-002087,3N9I1WH7,Hayden Neloms,Engaging,Won,2017-05-26,88
ST-002088,TMW4J6NA,James Ascencio,Prospecting,Engaging,2017-02-27,18
ST-002089,TMW4J6NA,James Ascencio,Engaging,Lost,2017-06-04,97
ST-002090,ZI1MPYF3,James Ascencio,Prospecting,Engaging,2017-02-27,5
ST-002091,ZI1MPYF3,James Ascencio,Engaging,Won,2017-06-05,98
ST-002092,L6KOBEBZ,Jonathan Berthelot,Prospecting,Engaging,2017-02-27,21
ST-002093,L6KOBEBZ,Jonathan Berthelot,Engaging,Won,2017-05-27,89
ST-002094,Z2S4KUPO,Kary Hendrixson,Prospecting,Engaging,2017-02-27,23
ST-002095,Z2S4KUPO,Kary Hendrixson,Engaging,Won,2017-03-10,11
ST-002096,GIW1PN4L,Kary Hendrixson,Prospecting,Engaging,2017-02-27,24
ST-002097,GIW1PN4L,Kary Hendrixson,Engaging,Won,2017-06-19,112
ST-002098,E57F5Z2K,Kary Hendrixson,Prospecting,Engaging,2017-02-27,4
ST-002099,E57F5Z2K,Kary Hendrixson,Engaging,Won,2017-03-15,16
ST-002100,38KKSE72,Lajuana Vencill,Prospecting,Engaging,2017-02-27,7
ST-002101,38KKSE72,Lajuana Vencill,Engaging,Won,2017-06-01,94
ST-002102,0GJ586J0,Markita Hansen,Prospecting,Engaging,2017-02-27,7
ST-002103,0GJ586J0,Markita Hansen,Engaging,Lost,2017-03-14,15
ST-002104,4V0S4BA3,Markita Hansen,Prospecting,Engaging,2017-02-27,28
ST-002105,4V0S4BA3,Markita Hansen,Engaging,Won,2017-06-27,120
ST-002106,1LTD5TKV,Marty Freudenburg,Prospecting,Engaging,2017-02-27,21
ST-002107,1LTD5TKV,Marty Freudenburg,Engaging,Won,2017-05-09,71
ST-002108,VBM56CIF,Marty Freudenburg,Prospecting,Engaging,2017-02-27,12
ST-002109,VBM56CIF,Marty Freudenburg,Engaging,Won,2017-06-28,121
ST-002110,XRZVJPD5,Maureen Marcano,Prospecting,Engaging,2017-02-27,5
ST-002111,PDH2NPE1,Moses Frase,Prospecting,Engaging,2017-02-27,10
ST-002112,PDH2NPE1,Moses Frase,Engaging,Won,2017-06-28,121
ST-002113,OV60VIBB,Niesha Huffines,Prospecting,Engaging,2017-02-27,6
ST-002114,OV60VIBB,Niesha Huffines,Engaging,Lost,2017-05-08,70
ST-002115,2OAIXF3A,Reed Clapper,Prospecting,Engaging,2017-02-27,20
ST-002116,2OAIXF3A,Reed Clapper,Engaging,Won,2017-03-13,14
ST-002117,QDGUWTLU,Rosalina Dieter,Prospecting,Engaging,2017-02-27,27
ST-002118,FBSEA94D,Rosie Papadopoulos,Prospecting,Engaging,2017-02-27,16
ST-002119,FBSEA94D,Rosie Papadopoulos,Engaging,Won,2017-06-30,123
ST-002120,EOB01PRO,Versie Hillebrand,Prospecting,Engaging,2017-02-27,22
ST-002121,EOB01PRO,Versie Hillebrand,Engaging,Won,2017-05-14,76
ST-002122,5QC9H4C2,Violet Mclelland,Prospecting,Engaging,2017-02-27,22
ST-002123,5QC9H4C2,Violet Mclelland,Engaging,Won,2017-05-23,85
ST-002124,3HGQ3BOY,Violet Mclelland,Prospecting,Engaging,2017-02-27,28
ST-002125,3HGQ3BOY,Violet Mclelland,Engaging,Won,2017-05-27,89
ST-002126,CO6ZPH1W,Cassey Cress,Prospecting,Engaging,2017-02-28,22
ST-002127,CO6ZPH1W,Cassey Cress,Engaging,Won,2017-06-15,107
ST-002128,M3WTE943,Daniell Hammack,Prospecting,Engaging,2017-02-28,10
ST-002129,M3WTE943,Daniell Hammack,Engaging,Won,2017-06-05,97
ST-002130,X914SMX7,Darcel Schlecht,Prospecting,Engaging,2017-02-28,27
ST-002131,X914SMX7,Darcel Schlecht,Engaging,Won,2017-06-22,114
ST-002132,1MCE2AOV,Darcel Schlecht,Prospecting,Engaging,2017-02-28,19
ST-002133,1MCE2AOV,Darcel Schlecht,Engaging,Won,2017-06-02,94
ST-002134,8061HKKB,Donn Cantrell,Prospecting,Engaging,2017-02-28,15
ST-002135,8061HKKB,Donn Cantrell,Engaging,Won,2017-06-19,111
ST-002136,T1HIH384,Gladys Colclough,Prospecting,Engaging,2017-02-28,17
ST-002137,T1HIH384,Gladys Colclough,Engaging,Won,2017-05-15,76
ST-002138,FM2NX2GB,Hayden Neloms,Prospecting,Engaging,2017-02-28,17
ST-002139,FM2NX2GB,Hayden Neloms,Engaging,Won,2017-05-05,66
ST-002140,JSZZN48S,James Ascencio,Prospecting,Engaging,2017-02-28,12
ST-002141,SJ45HNHM,James Ascencio,Prospecting,Engaging,2017-02-28,30
ST-002142,SJ45HNHM,James Ascencio,Engaging,Won,2017-06-29,121
ST-002143,NYGZJYCJ,James Ascencio,Prospecting,Engaging,2017-02-28,21
ST-002144,NYGZJYCJ,James Ascencio,Engaging,Won,2017-05-26,87
ST-002145,6MMFIIGE,Lajuana Vencill,Prospecting,Engaging,2017-02-28,16
ST-002146,6MMFIIGE,Lajuana Vencill,Engaging,Won,2017-06-15,107
ST-002147,IJ817GQJ,Markita Hansen,Prospecting,Engaging,2017-02-28,12
ST-002148,IJ817GQJ,Markita Hansen,Engaging,Lost,2017-05-12,73
ST-002149,F2B62IW4,Maureen Marcano,Prospecting,Engaging,2017-02-28,21
ST-002150,PCRRS6JP,Moses Frase,Prospecting,Engaging,2017-02-28,22
ST-002151,PCRRS6JP,Moses Frase,Engaging,Lost,2017-05-28,89
ST-002152,NKL5SWX3,Reed Clapper,Prospecting,Engaging,2017-02-28,4
ST-002153,NKL5SWX3,Reed Clapper,Engaging,Won,2017-06-01,93
ST-002154,WVG1CIHX,Reed Clapper,Prospecting,Engaging,2017-02-28,22
ST-002155,WVG1CIHX,Reed Clapper,Engaging,Won,2017-06-03,95
ST-002156,7GRNFO6D,Versie Hillebrand,Prospecting,Engaging,2017-02-28,26
ST-002157,7GRNFO6D,Versie Hillebrand,Engaging,Won,2017-05-18,79
ST-002158,G0QKNVIJ,Anna Snelling,Prospecting,Engaging,2017-03-01,6
ST-002159,G0QKNVIJ,Anna Snelling,Engaging,Won,2017-05-28,88
ST-002160,6HRIX06M,Anna Snelling,Prospecting,Engaging,2017-03-01,27
ST-002161,6HRIX06M,Anna Snelling,Engaging,Won,2017-06-26,117
ST-002162,DEHQTB8B,Boris Faz,Prospecting,Engaging,2017-03-01,9
ST-002163,AM5YTMH3,Boris Faz,Prospecting,Engaging,2017-03-01,23
ST-002164,AM5YTMH3,Boris Faz,Engaging,Won,2017-03-10,9
ST-002165,2L5ZWLI7,Cassey Cress,Prospecting,Engaging,2017-03-01,9
ST-002166,2L5ZWLI7,Cassey Cress,Engaging,Lost,2017-05-25,85
ST-002167,6B6Q8C5S,Cassey Cress,Prospecting,Engaging,2017-03-01,11
ST-002168,6B6Q8C5S,Cassey Cress,Engaging,Won,2017-03-15,14
ST-002169,DF4KYH5H,Cassey Cress,Prospecting,Engaging,2017-03-01,24
ST-002170,DF4KYH5H,Cassey Cress,Engaging,Won,2017-06-30,121
ST-002171,KVR52YDI,Corliss Cosme,Prospecting,Engaging,2017-03-01,5
ST-002172,JTDV6H65,Darcel Schlecht,Prospecting,Engaging,2017-03-01,8
ST-002173,JTDV6H65,Darcel Schlecht,Engaging,Lost,2017-05-08,68
ST-002174,O8JF46GT,Darcel Schlecht,Prospecting,Engaging,2017-03-01,10
ST-002175,O8JF46GT,Darcel Schlecht,Engaging,Won,2017-03-12,11
ST-002176,RK5Y67V6,Darcel Schlecht,Prospecting,Engaging,2017-03-01,8
ST-002177,RK5Y67V6,Darcel Schlecht,Engaging,Won,2017-03-08,7
ST-002178,COWOZH43,Donn Cantrell,Prospecting,Engaging,2017-03-01,20
ST-002179,COWOZH43,Donn Cantrell,Engaging,Lost,2017-05-29,89
ST-002180,DGIYD342,Elease Gluck,Prospecting,Engaging,2017-03-01,5
ST-002181,DGIYD342,Elease Gluck,Engaging,Lost,2017-05-10,70
ST-002182,JSSGVBVS,Garret Kinder,Prospecting,Engaging,2017-03-01,8
ST-002183,JSSGVBVS,Garret Kinder,Engaging,Lost,2017-05-05,65
ST-002184,V28NVD6A,Garret Kinder,Prospecting,Engaging,2017-03-01,3
ST-002185,V28NVD6A,Garret Kinder,Engaging,Won,2017-05-01,61
ST-002186,I1IAVDQM,Gladys Colclough,Prospecting,Engaging,2017-03-01,16
ST-002187,I1IAVDQM,Gladys Colclough,Engaging,Lost,2017-05-23,83
ST-002188,4MC584U5,Gladys Colclough,Prospecting,Engaging,2017-03-01,17
ST-002189,4MC584U5,Gladys Colclough,Engaging,Won,2017-06-02,93
ST-002190,MCYLHUCZ,Lajuana Vencill,Prospecting,Engaging,2017-03-01,25
ST-002191,MCYLHUCZ,Lajuana Vencill,Engaging,Won,2017-05-31,91
ST-002192,5E4DTWHV,Marty Freudenburg,Prospecting,Engaging,2017-03-01,22
ST-002193,5E4DTWHV,Marty Freudenburg,Engaging,Lost,2017-06-11,102
ST-002194,1VUBYV53,Maureen Marcano,Prospecting,Engaging,2017-03-01,18
ST-002195,1VUBYV53,Maureen Marcano,Engaging,Won,2017-03-21,20
ST-002196,W03CXYET,Moses Frase,Prospecting,Engaging,2017-03-01,12
ST-002197,W03CXYET,Moses Frase,Engaging,Won,2017-06-17,108
ST-002198,LZVFFQLN,Moses Frase,Prospecting,Engaging,2017-03-01,4
ST-002199,LZVFFQLN,Moses Frase,Engaging,Won,2017-06-14,105
ST-002200,MFV0C5RN,Reed Clapper,Prospecting,Engaging,2017-03-01,10
ST-002201,MFV0C5RN,Reed Clapper,Engaging,Won,2017-03-09,8
ST-002202,A1WZEK7U,Reed Clapper,Prospecting,Engaging,2017-03-01,12
ST-002203,A1WZEK7U,Reed Clapper,Engaging,Won,2017-06-03,94
ST-002204,516FJUNB,Rosalina Dieter,Prospecting,Engaging,2017-03-01,25
ST-002205,516FJUNB,Rosalina Dieter,Engaging,Won,2017-03-07,6
ST-002206,PE8DK02A,Versie Hillebrand,Prospecting,Engaging,2017-03-01,12
ST-002207,PE8DK02A,Versie Hillebrand,Engaging,Won,2017-03-17,16
ST-002208,10NTPQUY,Versie Hillebrand,Prospecting,Engaging,2017-03-01,25
ST-002209,10NTPQUY,Versie Hillebrand,Engaging,Won,2017-06-16,107
ST-002210,X2EXSMPR,Vicki Laflamme,Prospecting,Engaging,2017-03-01,30
ST-002211,X2EXSMPR,Vicki Laflamme,Engaging,Won,2017-03-08,7
ST-002212,JCFQVIEG,Vicki Laflamme,Prospecting,Engaging,2017-03-01,17
ST-002213,JCFQVIEG,Vicki Laflamme,Engaging,Won,2017-06-01,92
ST-002214,XIWKGJOW,Vicki Laflamme,Prospecting,Engaging,2017-03-01,5
ST-002215,XIWKGJOW,Vicki Laflamme,Engaging,Won,2017-03-09,8
ST-002216,STT3X4NB,Violet Mclelland,Prospecting,Engaging,2017-03-01,24
ST-002217,DHGLWIDZ,Violet Mclelland,Prospecting,Engaging,2017-03-01,10
ST-002218,DHGLWIDZ,Violet Mclelland,Engaging,Won,2017-06-24,115
ST-002219,74VGCEEW,Violet Mclelland,Prospecting,Engaging,2017-03-01,11
ST-002220,74VGCEEW,Violet Mclelland,Engaging,Won,2017-06-19,110
ST-002221,MXTAIS4Q,Wilburn Farren,Prospecting,Engaging,2017-03-01,28
ST-002222,MXTAIS4Q,Wilburn Farren,Engaging,Won,2017-06-09,100
ST-002223,XRDF1NAB,Zane Levy,Prospecting,Engaging,2017-03-01,28
ST-002224,YP8QKKEZ,Zane Levy,Prospecting,Engaging,2017-03-01,23
ST-002225,YP8QKKEZ,Zane Levy,Engaging,Lost,2017-05-31,91
ST-002226,3TSOEM5K,Zane Levy,Prospecting,Engaging,2017-03-01,21
ST-002227,3TSOEM5K,Zane Levy,Engaging,Lost,2017-06-27,118
ST-002228,G7RCJBVL,Anna Snelling,Prospecting,Engaging,2017-03-02,24
ST-002229,G7RCJBVL,Anna Snelling,Engaging,Lost,2017-05-31,90
ST-002230,G20IQSA3,Anna Snelling,Prospecting,Engaging,2017-03-02,28
ST-002231,G20IQSA3,Anna Snelling,Engaging,Won,2017-03-12,10
ST-002232,Q16BQCEL,Boris Faz,Prospecting,Engaging,2017-03-02,9
ST-002233,Q16BQCEL,Boris Faz,Engaging,Won,2017-03-18,16
ST-002234,9924I5ZF,Cecily Lampkin,Prospecting,Engaging,2017-03-02,16
ST-002235,9924I5ZF,Cecily Lampkin,Engaging,Won,2017-05-25,84
ST-002236,SLLJT3T1,Darcel Schlecht,Prospecting,Engaging,2017-03-02,6
ST-002237,SLLJT3T1,Darcel Schlecht,Engaging,Won,2017-06-19,109
ST-002238,AAEUN73V,Darcel Schlecht,Prospecting,Engaging,2017-03-02,20
ST-002239,AAEUN73V,Darcel Schlecht,Engaging,Won,2017-05-26,85
ST-002240,32LY2D1K,Darcel Schlecht,Prospecting,Engaging,2017-03-02,10
ST-002241,32LY2D1K,Darcel Schlecht,Engaging,Won,2017-05-26,85
ST-002242,S2UWELRW,Donn Cantrell,Prospecting,Engaging,2017-03-02,23
ST-002243,S2UWELRW,Donn Cantrell,Engaging,Won,2017-06-11,101
ST-002244,5VQRLIEZ,Donn Cantrell,Prospecting,Engaging,2017-03-02,7
ST-002245,5VQRLIEZ,Donn Cantrell,Engaging,Won,2017-06-12,102
ST-002246,WUNMIJW9,Elease Gluck,Prospecting,Engaging,2017-03-02,11
ST-002247,6U0CT07B,Jonathan Berthelot,Prospecting,Engaging,2017-03-02,29
ST-002248,6U0CT07B,Jonathan Berthelot,Engaging,Won,2017-06-06,96
ST-002249,DFN1V29L,Kami Bicknell,Prospecting,Engaging,2017-03-02,7
ST-002250,DFN1V29L,Kami Bicknell,Engaging,Won,2017-06-04,94
ST-002251,VBZ862OS,Kary Hendrixson,Prospecting,Engaging,2017-03-02,5
ST-002252,VBZ862OS,Kary Hendrixson,Engaging,Won,2017-03-19,17
ST-002253,VFKKSJT2,Kary Hendrixson,Prospecting,Engaging,2017-03-02,4
ST-002254,VFKKSJT2,Kary Hendrixson,Engaging,Won,2017-05-15,74
ST-002255,FJMFXCTD,Kary Hendrixson,Prospecting,Engaging,2017-03-02,8
ST-002256,FJMFXCTD,Kary Hendrixson,Engaging,Won,2017-05-06,65
ST-002257,LGLIB8TR,Lajuana Vencill,Prospecting,Engaging,2017-03-02,28
ST-002258,LGLIB8TR,Lajuana Vencill,Engaging,Lost,2017-05-01,60
ST-002259,JREGYB42,Maureen Marcano,Prospecting,Engaging,2017-03-02,12
ST-002260,JREGYB42,Maureen Marcano,Engaging,Won,2017-05-06,65
ST-002261,4V9NMGEA,Rosalina Dieter,Prospecting,Engaging,2017-03-02,22
ST-002262,9PWM6RYC,Rosalina Dieter,Prospecting,Engaging,2017-03-02,26
ST-002263,9PWM6RYC,Rosalina Dieter,Engaging,Lost,2017-06-10,100
ST-002264,EMUA57Q2,Versie Hillebrand,Prospecting,Engaging,2017-03-02,29
ST-002265,EMUA57Q2,Versie Hillebrand,Engaging,Won,2017-05-12,71
ST-002266,DB3N4CHN,Versie Hillebrand,Prospecting,Engaging,2017-03-02,21
ST-002267,DB3N4CHN,Versie Hillebrand,Engaging,Won,2017-03-17,15
ST-002268,4CXUC4VR,Vicki Laflamme,Prospecting,Engaging,2017-03-02,12
ST-002269,79EHWR35,Vicki Laflamme,Prospecting,Engaging,2017-03-02,17
ST-002270,L0GMLGRR,Vicki Laflamme,Prospecting,Engaging,2017-03-02,6
ST-002271,OF7GY5F4,Violet Mclelland,Prospecting,Engaging,2017-03-02,17
ST-002272,OF7GY5F4,Violet Mclelland,Engaging,Won,2017-03-09,7
ST-002273,D3ZC338T,Zane Levy,Prospecting,Engaging,2017-03-02,25
ST-002274,CVFJUYPM,Zane Levy,Prospecting,Engaging,2017-03-02,12
ST-002275,CVFJUYPM,Zane Levy,Engaging,Lost,2017-05-23,82
ST-002276,L5807I4N,Zane Levy,Prospecting,Engaging,2017-03-02,25
ST-002277,L5807I4N,Zane Levy,Engaging,Won,2017-03-16,14
ST-002278,Q1ZKBGV5,Anna Snelling,Prospecting,Engaging,2017-03-03,15
ST-002279,Q1ZKBGV5,Anna Snelling,Engaging,Won,2017-05-23,81
ST-002280,9JKODCAU,Anna Snelling,Prospecting,Engaging,2017-03-03,11
ST-002281,9JKODCAU,Anna Snelling,Engaging,Won,2017-06-22,111
ST-002282,LELWKXDX,Boris Faz,Prospecting,Engaging,2017-03-03,19
ST-002283,LELWKXDX,Boris Faz,Engaging,Won,2017-06-08,97
ST-002284,QRQ8C6MQ,Cassey Cress,Prospecting,Engaging,2017-03-03,20
ST-002285,DA95Q0VE,Cassey Cress,Prospecting,Engaging,2017-03-03,18
ST-002286,DA95Q0VE,Cassey Cress,Engaging,Lost,2017-03-21,18
ST-002287,5HMZH1Z9,Daniell Hammack,Prospecting,Engaging,2017-03-03,17
ST-002288,5HMZH1Z9,Daniell Hammack,Engaging,Lost,2017-06-11,100
ST-002289,05QMFSF0,Darcel Schlecht,Prospecting,Engaging,2017-03-03,5
ST-002290,05QMFSF0,Darcel Schlecht,Engaging,Lost,2017-05-16,74
ST-002291,JE245P8R,Darcel Schlecht,Prospecting,Engaging,2017-03-03,22
ST-002292,JE245P8R,Darcel Schlecht,Engaging,Won,2017-05-28,86
ST-002293,SFQMEZIW,Garret Kinder,Prospecting,Engaging,2017-03-03,4
ST-002294,SFQMEZIW,Garret Kinder,Engaging,Lost,2017-05-04,62
ST-002295,B8RR21XP,Jonathan Berthelot,Prospecting,Engaging,2017-03-03,16
ST-002296,B8RR21XP,Jonathan Berthelot,Engaging,Lost,2017-03-16,13
ST-002297,ZG8WPG99,Kary Hendrixson,Prospecting,Engaging,2017-03-03,26
ST-002298,U85VV1BU,Kary Hendrixson,Prospecting,Engaging,2017-03-03,13
ST-002299,U85VV1BU,Kary Hendrixson,Engaging,Won,2017-05-22,80
ST-002300,V6HB68BL,Kary Hendrixson,Prospecting,Engaging,2017-03-03,22
ST-002301,V6HB68BL,Kary Hendrixson,Engaging,Won,2017-05-30,88
ST-002302,H9JPB7GW,Lajuana Vencill,Prospecting,Engaging,2017-03-03,11
ST-002303,H9JPB7GW,Lajuana Vencill,Engaging,Won,2017-03-09,6
ST-002304,8LFNU39A,Marty Freudenburg,Prospecting,Engaging,2017-03-03,3
ST-002305,8LFNU39A,Marty Freudenburg,Engaging,Lost,2017-05-28,86
ST-002306,SWPTTVQZ,Marty Freudenburg,Prospecting,Engaging,2017-03-03,5
ST-002307,SWPTTVQZ,Marty Freudenburg,Engaging,Won,2017-03-16,13
ST-002308,GKJLM1UR,Maureen Marcano,Prospecting,Engaging,2017-03-03,10
ST-002309,GKJLM1UR,Maureen Marcano,Engaging,Won,2017-03-13,10
ST-002310,8L1ZHTPL,Moses Frase,Prospecting,Engaging,2017-03-03,24
ST-002311,8L1ZHTPL,Moses Frase,Engaging,Won,2017-06-01,90
ST-002312,U7M26UZV,Vicki Laflamme,Prospecting,Engaging,2017-03-03,29
ST-002313,TV300INP,Wilburn Farren,Prospecting,Engaging,2017-03-03,30
ST-002314,KBQ16F1I,Zane Levy,Prospecting,Engaging,2017-03-03,21
ST-002315,4XX690SP,Zane Levy,Prospecting,Engaging,2017-03-03,21
ST-002316,4XX690SP,Zane Levy,Engaging,Won,2017-05-11,69
ST-002317,JSDGELLK,Anna Snelling,Prospecting,Engaging,2017-03-04,3
ST-002318,JSDGELLK,Anna Snelling,Engaging,Won,2017-06-13,101
ST-002319,LV1754PS,Anna Snelling,Prospecting,Engaging,2017-03-04,27
ST-002320,LV1754PS,Anna Snelling,Engaging,Won,2017-05-14,71
ST-002321,JIYYV11P,Anna Snelling,Prospecting,Engaging,2017-03-04,24
ST-002322,JIYYV11P,Anna Snelling,Engaging,Won,2017-06-07,95
ST-002323,FYN7C0CV,Cassey Cress,Prospecting,Engaging,2017-03-04,29
ST-002324,6TB7XA83,Cecily Lampkin,Prospecting,Engaging,2017-03-04,11
ST-002325,6TB7XA83,Cecily Lampkin,Engaging,Won,2017-05-18,75
ST-002326,U5UM9W8V,Corliss Cosme,Prospecting,Engaging,2017-03-04,21
ST-002327,U5UM9W8V,Corliss Cosme,Engaging,Lost,2017-05-09,66
ST-002328,5JDWBOLS,Daniell Hammack,Prospecting,Engaging,2017-03-04,4
ST-002329,POB32WHJ,Daniell Hammack,Prospecting,Engaging,2017-03-04,27
ST-002330,POB32WHJ,Daniell Hammack,Engaging,Lost,2017-05-06,63
ST-002331,4T8KR12S,Darcel Schlecht,Prospecting,Engaging,2017-03-04,27
ST-002332,4T8KR12S,Darcel Schlecht,Engaging,Won,2017-03-20,16
ST-002333,JA0D4V57,James Ascencio,Prospecting,Engaging,2017-03-04,8
ST-002334,JA0D4V57,James Ascencio,Engaging,Won,2017-05-09,66
ST-002335,6CKB8I8U,Jonathan Berthelot,Prospecting,Engaging,2017-03-04,18
ST-002336,6CKB8I8U,Jonathan Berthelot,Engaging,Lost,2017-05-13,70
ST-002337,HKBAON9X,Kami Bicknell,Prospecting,Engaging,2017-03-04,19
ST-002338,HKBAON9X,Kami Bicknell,Engaging,Won,2017-05-18,75
ST-002339,7S1N6QHI,Kami Bicknell,Prospecting,Engaging,2017-03-04,23
ST-002340,7S1N6QHI,Kami Bicknell,Engaging,Won,2017-03-18,14
ST-002341,CHI2T3IH,Kami Bicknell,Prospecting,Engaging,2017-03-04,17
ST-002342,CHI2T3IH,Kami Bicknell,Engaging,Won,2017-03-21,17
ST-002343,X7HK448T,Lajuana Vencill,Prospecting,Engaging,2017-03-04,11
ST-002344,X7HK448T,Lajuana Vencill,Engaging,Won,2017-06-22,110
ST-002345,1YYN3PBU,Markita Hansen,Prospecting,Engaging,2017-03-04,8
ST-002346,1YYN3PBU,Markita Hansen,Engaging,Lost,2017-05-13,70
ST-002347,R4L36Y0P,Marty Freudenburg,Prospecting,Engaging,2017-03-04,21
ST-002348,R4L36Y0P,Marty Freudenburg,Engaging,Won,2017-03-26,22
ST-002349,CPTEPYPZ,Maureen Marcano,Prospecting,Engaging,2017-03-04,16
ST-002350,CPTEPYPZ,Maureen Marcano,Engaging,Lost,2017-05-20,77
ST-002351,AJJ7VJWA,Niesha Huffines,Prospecting,Engaging,2017-03-04,23
ST-002352,AJJ7VJWA,Niesha Huffines,Engaging,Lost,2017-05-02,59
ST-002353,8BR6E4S6,Niesha Huffines,Prospecting,Engaging,2017-03-04,29
ST-002354,8BR6E4S6,Niesha Huffines,Engaging,Lost,2017-05-27,84
ST-002355,YNKWBEEN,Reed Clapper,Prospecting,Engaging,2017-03-04,18
ST-002356,YNKWBEEN,Reed Clapper,Engaging,Won,2017-06-27,115
ST-002357,SARVIBLS,Reed Clapper,Prospecting,Engaging,2017-03-04,5
ST-002358,SARVIBLS,Reed Clapper,Engaging,Won,2017-03-07,3
ST-002359,M4ZNQTEQ,Rosie Papadopoulos,Prospecting,Engaging,2017-03-04,18
ST-002360,M4ZNQTEQ,Rosie Papadopoulos,Engaging,Won,2017-03-12,8
ST-002361,K0GWTWYL,Versie Hillebrand,Prospecting,Engaging,2017-03-04,14
ST-002362,K0GWTWYL,Versie Hillebrand,Engaging,Lost,2017-03-20,16
ST-002363,TCSQO748,Vicki Laflamme,Prospecting,Engaging,2017-03-04,16
ST-002364,TCSQO748,Vicki Laflamme,Engaging,Lost,2017-05-11,68
ST-002365,7TI1WTV9,Zane Levy,Prospecting,Engaging,2017-03-04,13
ST-002366,01EH41WA,Zane Levy,Prospecting,Engaging,2017-03-04,13
ST-002367,ITCY8YV0,Zane Levy,Prospecting,Engaging,2017-03-04,24
ST-002368,ITCY8YV0,Zane Levy,Engaging,Won,2017-06-11,99
ST-002369,SAUAOZVO,Anna Snelling,Prospecting,Engaging,2017-03-05,6
ST-002370,SAUAOZVO,Anna Snelling,Engaging,Won,2017-05-29,85
ST-002371,1XHLB0Q5,Boris Faz,Prospecting,Engaging,2017-03-05,30
ST-002372,1XHLB0Q5,Boris Faz,Engaging,Lost,2017-05-09,65
ST-002373,71GQNH5T,Cassey Cress,Prospecting,Engaging,2017-03-05,8
ST-002374,LSA39JBG,Daniell Hammack,Prospecting,Engaging,2017-03-05,13
ST-002375,OJVA8ZEK,Daniell Hammack,Prospecting,Engaging,2017-03-05,16
ST-002376,OJVA8ZEK,Daniell Hammack,Engaging,Won,2017-06-08,95
ST-002377,UAX3F7D4,Daniell Hammack,Prospecting,Engaging,2017-03-05,25
ST-002378,UAX3F7D4,Daniell Hammack,Engaging,Won,2017-03-21,16
ST-002379,7PDUWDGT,Daniell Hammack,Prospecting,Engaging,2017-03-05,18
ST-002380,7PDUWDGT,Daniell Hammack,Engaging,Won,2017-03-14,9
ST-002381,QWJ2TRQM,Darcel Schlecht,Prospecting,Engaging,2017-03-05,12
ST-002382,QWJ2TRQM,Darcel Schlecht,Engaging,Lost,2017-05-24,80
ST-002383,3AU5SZ3V,Donn Cantrell,Prospecting,Engaging,2017-03-05,24
ST-002384,3AU5SZ3V,Donn Cantrell,Engaging,Won,2017-03-23,18
ST-002385,BVOO33UA,Hayden Neloms,Prospecting,Engaging,2017-03-05,15
ST-002386,BVOO33UA,Hayden Neloms,Engaging,Won,2017-06-28,115
ST-002387,SC7XGQVA,James Ascencio,Prospecting,Engaging,2017-03-05,29
ST-002388,SC7XGQVA,James Ascencio,Engaging,Lost,2017-03-15,10
ST-002389,UY45Y7AM,James Ascencio,Prospecting,Engaging,2017-03-05,27
ST-002390,UY45Y7AM,James Ascencio,Engaging,Lost,2017-05-14,70
ST-002391,M92Y63Q3,Jonathan Berthelot,Prospecting,Engaging,2017-03-05,20
ST-002392,M92Y63Q3,Jonathan Berthelot,Engaging,Won,2017-05-05,61
ST-002393,AKTPC3M1,Kami Bicknell,Prospecting,Engaging,2017-03-05,4
ST-002394,JXAYTFNI,Lajuana Vencill,Prospecting,Engaging,2017-03-05,17
ST-002395,JXAYTFNI,Lajuana Vencill,Engaging,Lost,2017-05-12,68
ST-002396,BMM5D5R4,Lajuana Vencill,Prospecting,Engaging,2017-03-05,5
ST-002397,BMM5D5R4,Lajuana Vencill,Engaging,Lost,2017-05-21,77
ST-002398,PSGTTYUT,Lajuana Vencill,Prospecting,Engaging,2017-03-05,13
ST-002399,PSGTTYUT,Lajuana Vencill,Engaging,Won,2017-06-06,93
ST-002400,JRC2PMKX,Lajuana Vencill,Prospecting,Engaging,2017-03-05,11
ST-002401,JRC2PMKX,Lajuana Vencill,Engaging,Won,2017-05-16,72
ST-002402,JA5G7YBO,Markita Hansen,Prospecting,Engaging,2017-03-05,13
ST-002403,6M5LV1ZE,Marty Freudenburg,Prospecting,Engaging,2017-03-05,6
ST-002404,6M5LV1ZE,Marty Freudenburg,Engaging,Lost,2017-05-26,82
ST-002405,CZ8PPZTC,Rosie Papadopoulos,Prospecting,Engaging,2017-03-05,27
ST-002406,IBZQBCSU,Rosie Papadopoulos,Prospecting,Engaging,2017-03-05,15
ST-002407,IBZQBCSU,Rosie Papadopoulos,Engaging,Lost,2017-05-19,75
ST-002408,YABTM1G5,Versie Hillebrand,Prospecting,Engaging,2017-03-05,30
ST-002409,YABTM1G5,Versie Hillebrand,Engaging,Lost,2017-05-30,86
ST-002410,FPTH6URQ,Vicki Laflamme,Prospecting,Engaging,2017-03-05,19
ST-002411,FPTH6URQ,Vicki Laflamme,Engaging,Won,2017-05-11,67
ST-002412,S3XE14XP,Vicki Laflamme,Prospecting,Engaging,2017-03-05,29
ST-002413,S3XE14XP,Vicki Laflamme,Engaging,Won,2017-05-08,64
ST-002414,U6Q0T9KV,Vicki Laflamme,Prospecting,Engaging,2017-03-05,3
ST-002415,U6Q0T9KV,Vicki Laflamme,Engaging,Won,2017-06-14,101
ST-002416,YQ0Y0YQS,Violet Mclelland,Prospecting,Engaging,2017-03-05,24
ST-002417,HRWHRCH8,Violet Mclelland,Prospecting,Engaging,2017-03-05,30
ST-002418,HRWHRCH8,Violet Mclelland,Engaging,Won,2017-03-14,9
ST-002419,8B29CRQL,Violet Mclelland,Prospecting,Engaging,2017-03-05,20
ST-002420,8B29CRQL,Violet Mclelland,Engaging,Won,2017-05-19,75
ST-002421,3KM8WN7L,Boris Faz,Prospecting,Engaging,2017-03-06,17
ST-002422,3KM8WN7L,Boris Faz,Engaging,Won,2017-05-18,73
ST-002423,5Z8S8UHK,Cassey Cress,Prospecting,Engaging,2017-03-06,16
ST-002424,S0XILDHQ,Cassey Cress,Prospecting,Engaging,2017-03-06,4
ST-002425,S0XILDHQ,Cassey Cress,Engaging,Won,2017-03-18,12
ST-002426,ZVR3CS7N,Darcel Schlecht,Prospecting,Engaging,2017-03-06,9
ST-002427,ZVR3CS7N,Darcel Schlecht,Engaging,Lost,2017-05-20,75
ST-002428,AZH0INTS,Elease Gluck,Prospecting,Engaging,2017-03-06,19
ST-002429,AZH0INTS,Elease Gluck,Engaging,Won,2017-03-13,7
ST-002430,9AMJKJX6,Jonathan Berthelot,Prospecting,Engaging,2017-03-06,14
ST-002431,9AMJKJX6,Jonathan Berthelot,Engaging,Won,2017-05-31,86
ST-002432,NMKAJZJ4,Kary Hendrixson,Prospecting,Engaging,2017-03-06,22
ST-002433,3NQBMKOK,Kary Hendrixson,Prospecting,Engaging,2017-03-06,27
ST-002434,3NQBMKOK,Kary Hendrixson,Engaging,Won,2017-06-29,115
ST-002435,VBG91TQH,Marty Freudenburg,Prospecting,Engaging,2017-03-06,18
ST-002436,VBG91TQH,Marty Freudenburg,Engaging,Won,2017-06-11,97
ST-002437,QZE24X2H,Maureen Marcano,Prospecting,Engaging,2017-03-06,23
ST-002438,QZE24X2H,Maureen Marcano,Engaging,Won,2017-06-01,87
ST-002439,WSPBQ5YR,Moses Frase,Prospecting,Engaging,2017-03-06,17
ST-002440,WSPBQ5YR,Moses Frase,Engaging,Won,2017-06-09,95
ST-002441,YJJ1BLPQ,Niesha Huffines,Prospecting,Engaging,2017-03-06,27
ST-002442,YJJ1BLPQ,Niesha Huffines,Engaging,Won,2017-05-15,70
ST-002443,XUGTSB00,Niesha Huffines,Prospecting,Engaging,2017-03-06,4
ST-002444,XUGTSB00,Niesha Huffines,Engaging,Won,2017-03-19,13
ST-002445,3DKK3JF3,Reed Clapper,Prospecting,Engaging,2017-03-06,9
ST-002446,3DKK3JF3,Reed Clapper,Engaging,Lost,2017-05-29,84
ST-002447,I0TSIELX,Rosalina Dieter,Prospecting,Engaging,2017-03-06,11
ST-002448,I0TSIELX,Rosalina Dieter,Engaging,Won,2017-05-29,84
ST-002449,SX0SSL0H,Rosie Papadopoulos,Prospecting,Engaging,2017-03-06,20
ST-002450,420PORSF,Rosie Papadopoulos,Prospecting,Engaging,2017-03-06,7
ST-002451,420PORSF,Rosie Papadopoulos,Engaging,Lost,2017-06-06,92
ST-002452,DVCPCBMJ,Versie Hillebrand,Prospecting,Engaging,2017-03-06,12
ST-002453,DVCPCBMJ,Versie Hillebrand,Engaging,Lost,2017-05-21,76
ST-002454,UMZ986GC,Versie Hillebrand,Prospecting,Engaging,2017-03-06,17
ST-002455,UMZ986GC,Versie Hillebrand,Engaging,Won,2017-05-24,79
ST-002456,I7BWM5O0,Violet Mclelland,Prospecting,Engaging,2017-03-06,25
ST-002457,UPQRP36U,Violet Mclelland,Prospecting,Engaging,2017-03-06,18
ST-002458,UPQRP36U,Violet Mclelland,Engaging,Lost,2017-05-22,77
ST-002459,RZI9HX5X,Zane Levy,Prospecting,Engaging,2017-03-06,6
ST-002460,RZI9HX5X,Zane Levy,Engaging,Won,2017-05-31,86
ST-002461,WFJPWN9O,Anna Snelling,Prospecting,Engaging,2017-03-07,3
ST-002462,WFJPWN9O,Anna Snelling,Engaging,Won,2017-06-11,96
ST-002463,6F79VYH8,Boris Faz,Prospecting,Engaging,2017-03-07,23
ST-002464,ZQ4QTT1Z,Boris Faz,Prospecting,Engaging,2017-03-07,22
ST-002465,2WH4NUR9,Cassey Cress,Prospecting,Engaging,2017-03-07,28
ST-002466,2WH4NUR9,Cassey Cress,Engaging,Lost,2017-06-04,89
ST-002467,S93L97VV,Cecily Lampkin,Prospecting,Engaging,2017-03-07,10
ST-002468,S93L97VV,Cecily Lampkin,Engaging,Won,2017-03-17,10
ST-002469,HRU8FNE1,Corliss Cosme,Prospecting,Engaging,2017-03-07,25
ST-002470,HRU8FNE1,Corliss Cosme,Engaging,Won,2017-03-10,3
ST-002471,JDFN8AZI,Corliss Cosme,Prospecting,Engaging,2017-03-07,8
ST-002472,JDFN8AZI,Corliss Cosme,Engaging,Won,2017-03-16,9
ST-002473,11EK1VP7,Darcel Schlecht,Prospecting,Engaging,2017-03-07,12
ST-002474,11EK1VP7,Darcel Schlecht,Engaging,Won,2017-05-28,82
ST-002475,50HQRWGJ,Donn Cantrell,Prospecting,Engaging,2017-03-07,20
ST-002476,50HQRWGJ,Donn Cantrell,Engaging,Won,2017-06-10,95
ST-002477,N90VSHI2,Elease Gluck,Prospecting,Engaging,2017-03-07,3
ST-002478,N90VSHI2,Elease Gluck,Engaging,Won,2017-06-07,92
ST-002479,21PRD9FN,Garret Kinder,Prospecting,Engaging,2017-03-07,20
ST-002480,21PRD9FN,Garret Kinder,Engaging,Won,2017-05-15,69
ST-002481,ITIQJARB,Gladys Colclough,Prospecting,Engaging,2017-03-07,16
ST-002482,ITIQJARB,Gladys Colclough,Engaging,Won,2017-03-11,4
ST-002483,EAUV9J9L,Gladys Colclough,Prospecting,Engaging,2017-03-07,5
ST-002484,EAUV9J9L,Gladys Colclough,Engaging,Won,2017-03-21,14
ST-002485,9A4H9IAC,James Ascencio,Prospecting,Engaging,2017-03-07,10
ST-002486,XWEZ1WNK,James Ascencio,Prospecting,Engaging,2017-03-07,29
ST-002487,XWEZ1WNK,James Ascencio,Engaging,Won,2017-03-11,4
ST-002488,ZTLLHCBU,Kary Hendrixson,Prospecting,Engaging,2017-03-07,6
ST-002489,JTSUYWUD,Kary Hendrixson,Prospecting,Engaging,2017-03-07,17
ST-002490,JTSUYWUD,Kary Hendrixson,Engaging,Lost,2017-05-24,78
ST-002491,CJ5U6GX3,Markita Hansen,Prospecting,Engaging,2017-03-07,6
ST-002492,CJ5U6GX3,Markita Hansen,Engaging,Won,2017-03-15,8
ST-002493,SLYFFVBE,Maureen Marcano,Prospecting,Engaging,2017-03-07,23
ST-002494,HDUV7VJN,Moses Frase,Prospecting,Engaging,2017-03-07,29
ST-002495,HDUV7VJN,Moses Frase,Engaging,Won,2017-03-13,6
ST-002496,5OCY2XME,Niesha Huffines,Prospecting,Engaging,2017-03-07,7
ST-002497,5OCY2XME,Niesha Huffines,Engaging,Won,2017-06-12,97
ST-002498,1YB00UYY,Rosie Papadopoulos,Prospecting,Engaging,2017-03-07,18
ST-002499,1YB00UYY,Rosie Papadopoulos,Engaging,Won,2017-05-29,83
ST-002500,NCMT5KK3,Vicki Laflamme,Prospecting,Engaging,2017-03-07,25
ST-002501,Y23HQJRG,Violet Mclelland,Prospecting,Engaging,2017-03-07,12
ST-002502,Y23HQJRG,Violet Mclelland,Engaging,Won,2017-05-06,60
ST-002503,81FNO0VM,Wilburn Farren,Prospecting,Engaging,2017-03-07,19
ST-002504,RFQP9VCW,Wilburn Farren,Prospecting,Engaging,2017-03-07,25
ST-002505,NGCM47PC,Zane Levy,Prospecting,Engaging,2017-03-07,11
ST-002506,9HXSC391,Cassey Cress,Prospecting,Engaging,2017-03-08,16
ST-002507,9HXSC391,Cassey Cress,Engaging,Won,2017-05-22,75
ST-002508,ENOMNCOJ,Cecily Lampkin,Prospecting,Engaging,2017-03-08,29
ST-002509,ENOMNCOJ,Cecily Lampkin,Engaging,Won,2017-06-03,87
ST-002510,CG4TWLUR,Corliss Cosme,Prospecting,Engaging,2017-03-08,18
ST-002511,CG4TWLUR,Corliss Cosme,Engaging,Won,2017-06-02,86
ST-002512,0FIG6ZP2,Daniell Hammack,Prospecting,Engaging,2017-03-08,18
ST-002513,0FIG6ZP2,Daniell Hammack,Engaging,Won,2017-06-27,111
ST-002514,IA62KQBO,Donn Cantrell,Prospecting,Engaging,2017-03-08,10
ST-002515,IA62KQBO,Donn Cantrell,Engaging,Won,2017-05-14,67
ST-002516,C54ZXDLT,Garret Kinder,Prospecting,Engaging,2017-03-08,17
ST-002517,C54ZXDLT,Garret Kinder,Engaging,Won,2017-03-18,10
ST-002518,X96MMTCI,Hayden Neloms,Prospecting,Engaging,2017-03-08,20
ST-002519,X96MMTCI,Hayden Neloms,Engaging,Won,2017-06-16,100
ST-002520,P4RDU8QM,Hayden Neloms,Prospecting,Engaging,2017-03-08,7
ST-002521,P4RDU8QM,Hayden Neloms,Engaging,Won,2017-05-19,72
ST-002522,7C9Q2ZA3,Jonathan Berthelot,Prospecting,Engaging,2017-03-08,15
ST-002523,7C9Q2ZA3,Jonathan Berthelot,Engaging,Won,2017-03-24,16
ST-002524,YZ1EYM3Y,Jonathan Berthelot,Prospecting,Engaging,2017-03-08,9
ST-002525,YZ1EYM3Y,Jonathan Berthelot,Engaging,Won,2017-03-18,10
ST-002526,M7J5BV9Q,Kami Bicknell,Prospecting,Engaging,2017-03-08,22
ST-002527,M7J5BV9Q,Kami Bicknell,Engaging,Won,2017-03-11,3
ST-002528,MDRX39D8,Kary Hendrixson,Prospecting,Engaging,2017-03-08,19
ST-002529,MDRX39D8,Kary Hendrixson,Engaging,Won,2017-05-11,64
ST-002530,7GRFWF1U,Kary Hendrixson,Prospecting,Engaging,2017-03-08,26
ST-002531,7GRFWF1U,Kary Hendrixson,Engaging,Won,2017-03-19,11
ST-002532,EHP6OQ69,Lajuana Vencill,Prospecting,Engaging,2017-03-08,7
ST-002533,EHP6OQ69,Lajuana Vencill,Engaging,Lost,2017-05-14,67
ST-002534,JDXSS1HT,Markita Hansen,Prospecting,Engaging,2017-03-08,30
ST-002535,4R1NMA9E,Markita Hansen,Prospecting,Engaging,2017-03-08,5
ST-002536,4R1NMA9E,Markita Hansen,Engaging,Lost,2017-05-17,70
ST-002537,CDA8Y12G,Markita Hansen,Prospecting,Engaging,2017-03-08,11
ST-002538,CDA8Y12G,Markita Hansen,Engaging,Won,2017-05-07,60
ST-002539,RYLLRATF,Markita Hansen,Prospecting,Engaging,2017-03-08,27
ST-002540,RYLLRATF,Markita Hansen,Engaging,Won,2017-05-31,84
ST-002541,KEF5O2Q6,Moses Frase,Prospecting,Engaging,2017-03-08,28
ST-002542,KEF5O2Q6,Moses Frase,Engaging,Lost,2017-06-26,110
ST-002543,Y38ULZPM,Rosalina Dieter,Prospecting,Engaging,2017-03-08,30
ST-002544,Y38ULZPM,Rosalina Dieter,Engaging,Won,2017-05-28,81
ST-002545,YFP8IZ98,Rosie Papadopoulos,Prospecting,Engaging,2017-03-08,16
ST-002546,YFP8IZ98,Rosie Papadopoulos,Engaging,Won,2017-06-22,106
ST-002547,U9CDTLZM,Vicki Laflamme,Prospecting,Engaging,2017-03-08,13
ST-002548,U9CDTLZM,Vicki Laflamme,Engaging,Lost,2017-05-26,79
ST-002549,V5AN4BZF,Violet Mclelland,Prospecting,Engaging,2017-03-08,28
ST-002550,V5AN4BZF,Violet Mclelland,Engaging,Lost,2017-05-29,82
ST-002551,58J6HCYK,Zane Levy,Prospecting,Engaging,2017-03-08,19
ST-002552,58J6HCYK,Zane Levy,Engaging,Lost,2017-06-05,89
ST-002553,GDGR4C37,Zane Levy,Prospecting,Engaging,2017-03-08,11
ST-002554,GDGR4C37,Zane Levy,Engaging,Lost,2017-05-27,80
ST-002555,COOYICXU,Anna Snelling,Prospecting,Engaging,2017-03-09,29
ST-002556,COOYICXU,Anna Snelling,Engaging,Lost,2017-05-22,74
ST-002557,UALNIVAY,Anna Snelling,Prospecting,Engaging,2017-03-09,3
ST-002558,UALNIVAY,Anna Snelling,Engaging,Lost,2017-05-11,63
ST-002559,E5UW8AGQ,Anna Snelling,Prospecting,Engaging,2017-03-09,12
ST-002560,E5UW8AGQ,Anna Snelling,Engaging,Won,2017-06-11,94
ST-002561,EWA9JFBA,Anna Snelling,Prospecting,Engaging,2017-03-09,26
ST-002562,EWA9JFBA,Anna Snelling,Engaging,Won,2017-06-01,84
ST-002563,99DK6OHX,Boris Faz,Prospecting,Engaging,2017-03-09,12
ST-002564,99DK6OHX,Boris Faz,Engaging,Lost,2017-06-08,91
ST-002565,MK57PHV1,Cassey Cress,Prospecting,Engaging,2017-03-09,29
ST-002566,MK57PHV1,Cassey Cress,Engaging,Won,2017-05-25,77
ST-002567,T1F2I8ED,Corliss Cosme,Prospecting,Engaging,2017-03-09,21
ST-002568,26CH1NDR,Daniell Hammack,Prospecting,Engaging,2017-03-09,21
ST-002569,ISAWVDYZ,Daniell Hammack,Prospecting,Engaging,2017-03-09,24
ST-002570,ZGZSYIJV,Darcel Schlecht,Prospecting,Engaging,2017-03-09,18
ST-002571,ZGZSYIJV,Darcel Schlecht,Engaging,Lost,2017-05-15,67
ST-002572,6LI7FXQT,Darcel Schlecht,Prospecting,Engaging,2017-03-09,30
ST-002573,6LI7FXQT,Darcel Schlecht,Engaging,Lost,2017-05-28,80
ST-002574,D01U0UR8,Darcel Schlecht,Prospecting,Engaging,2017-03-09,7
ST-002575,D01U0UR8,Darcel Schlecht,Engaging,Won,2017-06-17,100
ST-002576,9LFX3HBC,Elease Gluck,Prospecting,Engaging,2017-03-09,17
ST-002577,9LFX3HBC,Elease Gluck,Engaging,Won,2017-03-25,16
ST-002578,JP3IMU5X,Gladys Colclough,Prospecting,Engaging,2017-03-09,20
ST-002579,JP3IMU5X,Gladys Colclough,Engaging,Won,2017-05-16,68
ST-002580,5I8WOI8P,Gladys Colclough,Prospecting,Engaging,2017-03-09,18
ST-002581,5I8WOI8P,Gladys Colclough,Engaging,Won,2017-06-08,91
ST-002582,LJBQ7P0V,James Ascencio,Prospecting,Engaging,2017-03-09,14
ST-002583,ZRYPU2QW,James Ascencio,Prospecting,Engaging,2017-03-09,13
ST-002584,7C9BUYV0,James Ascencio,Prospecting,Engaging,2017-03-09,20
ST-002585,7C9BUYV0,James Ascencio,Engaging,Lost,2017-05-23,75
ST-002586,GMVW87C4,Kami Bicknell,Prospecting,Engaging,2017-03-09,27
ST-002587,GMVW87C4,Kami Bicknell,Engaging,Won,2017-06-17,100
ST-002588,NY9ARKRE,Marty Freudenburg,Prospecting,Engaging,2017-03-09,20
ST-002589,NY9ARKRE,Marty Freudenburg,Engaging,Won,2017-06-01,84
ST-002590,XO3XXR9X,Maureen Marcano,Prospecting,Engaging,2017-03-09,15
ST-002591,XO3XXR9X,Maureen Marcano,Engaging,Won,2017-06-09,92
ST-002592,8QBIFURM,Versie Hillebrand,Prospecting,Engaging,2017-03-09,17
ST-002593,8QBIFURM,Versie Hillebrand,Engaging,Lost,2017-03-13,4
ST-002594,0A1LN7GB,Violet Mclelland,Prospecting,Engaging,2017-03-09,13
ST-002595,ZWAJWK40,Violet Mclelland,Prospecting,Engaging,2017-03-09,30
ST-002596,ZWAJWK40,Violet Mclelland,Engaging,Won,2017-06-22,105
ST-002597,WQ0C723A,Zane Levy,Prospecting,Engaging,2017-03-09,9
ST-002598,WQ0C723A,Zane Levy,Engaging,Won,2017-05-18,70
ST-002599,RCQ32MXL,Anna Snelling,Prospecting,Engaging,2017-03-10,25
ST-002600,RCQ32MXL,Anna Snelling,Engaging,Lost,2017-05-12,63
ST-002601,396WP6JS,Anna Snelling,Prospecting,Engaging,2017-03-10,10
ST-002602,396WP6JS,Anna Snelling,Engaging,Won,2017-03-19,9
ST-002603,57689GK9,Cecily Lampkin,Prospecting,Engaging,2017-03-10,21
ST-002604,57689GK9,Cecily Lampkin,Engaging,Won,2017-03-20,10
ST-002605,S2WDGIHL,Cecily Lampkin,Prospecting,Engaging,2017-03-10,15
ST-002606,S2WDGIHL,Cecily Lampkin,Engaging,Won,2017-05-29,80
ST-002607,8VG88HMH,Daniell Hammack,Prospecting,Engaging,2017-03-10,10
ST-002608,8VG88HMH,Daniell Hammack,Engaging,Won,2017-06-28,110
ST-002609,TF7HCU69,Garret Kinder,Prospecting,Engaging,2017-03-10,30
ST-002610,TF7HCU69,Garret Kinder,Engaging,Won,2017-06-12,94
ST-002611,0EX7ML4W,Gladys Colclough,Prospecting,Engaging,2017-03-10,27
ST-002612,0EX7ML4W,Gladys Colclough,Engaging,Lost,2017-05-10,61
ST-002613,1B27CZ2M,James Ascencio,Prospecting,Engaging,2017-03-10,16
ST-002614,839AMI93,Kary Hendrixson,Prospecting,Engaging,2017-03-10,4
ST-002615,BFGASJAW,Kary Hendrixson,Prospecting,Engaging,2017-03-10,13
ST-002616,5BSHJG7W,Kary Hendrixson,Prospecting,Engaging,2017-03-10,26
ST-002617,5BSHJG7W,Kary Hendrixson,Engaging,Lost,2017-05-30,81
ST-002618,HW38EMKM,Maureen Marcano,Prospecting,Engaging,2017-03-10,18
ST-002619,HW38EMKM,Maureen Marcano,Engaging,Lost,2017-03-20,10
ST-002620,5XPYFICK,Rosie Papadopoulos,Prospecting,Engaging,2017-03-10,25
ST-002621,B5QCN9H7,Violet Mclelland,Prospecting,Engaging,2017-03-10,28
ST-002622,B5QCN9H7,Violet Mclelland,Engaging,Lost,2017-05-29,80
ST-002623,X7M4GO0J,Violet Mclelland,Prospecting,Engaging,2017-03-10,15
ST-002624,X7M4GO0J,Violet Mclelland,Engaging,Won,2017-06-28,110
ST-002625,JYI35PPE,Zane Levy,Prospecting,Engaging,2017-03-10,15
ST-002626,JYI35PPE,Zane Levy,Engaging,Lost,2017-05-05,56
ST-002627,6XHE52MV,Anna Snelling,Prospecting,Engaging,2017-03-11,24
ST-002628,6XHE52MV,Anna Snelling,Engaging,Lost,2017-05-30,80
ST-002629,0YN6EALP,Anna Snelling,Prospecting,Engaging,2017-03-11,28
ST-002630,0YN6EALP,Anna Snelling,Engaging,Won,2017-03-17,6
ST-002631,A4LUP6W6,Cassey Cress,Prospecting,Engaging,2017-03-11,29
ST-002632,A4LUP6W6,Cassey Cress,Engaging,Won,2017-05-22,72
ST-002633,KUK2H5MD,Cecily Lampkin,Prospecting,Engaging,2017-03-11,23
ST-002634,KUK2H5MD,Cecily Lampkin,Engaging,Won,2017-06-13,94
ST-002635,HTW9348H,Donn Cantrell,Prospecting,Engaging,2017-03-11,7
ST-002636,HTW9348H,Donn Cantrell,Engaging,Lost,2017-05-19,69
ST-002637,ILR33OAV,James Ascencio,Prospecting,Engaging,2017-03-11,18
ST-002638,A6CE8BHR,James Ascencio,Prospecting,Engaging,2017-03-11,4
ST-002639,A6CE8BHR,James Ascencio,Engaging,Lost,2017-06-08,89
ST-002640,UI1UION3,James Ascencio,Prospecting,Engaging,2017-03-11,7
ST-002641,UI1UION3,James Ascencio,Engaging,Won,2017-06-10,91
ST-002642,ZPX96Q40,James Ascencio,Prospecting,Engaging,2017-03-11,19
ST-002643,ZPX96Q40,James Ascencio,Engaging,Won,2017-06-12,93
ST-002644,I0CYLPNE,James Ascencio,Prospecting,Engaging,2017-03-11,21
ST-002645,I0CYLPNE,James Ascencio,Engaging,Won,2017-05-22,72
ST-002646,FGH181PC,Kami Bicknell,Prospecting,Engaging,2017-03-11,13
ST-002647,FGH181PC,Kami Bicknell,Engaging,Won,2017-06-06,87
ST-002648,8OBC9CQE,Kami Bicknell,Prospecting,Engaging,2017-03-11,30
ST-002649,8OBC9CQE,Kami Bicknell,Engaging,Won,2017-03-26,15
ST-002650,G3KFZ8KX,Kary Hendrixson,Prospecting,Engaging,2017-03-11,6
ST-002651,G3KFZ8KX,Kary Hendrixson,Engaging,Lost,2017-05-07,57
ST-002652,2Y84YR3K,Kary Hendrixson,Prospecting,Engaging,2017-03-11,30
ST-002653,2Y84YR3K,Kary Hendrixson,Engaging,Won,2017-05-24,74
ST-002654,97QHOOWD,Kary Hendrixson,Prospecting,Engaging,2017-03-11,30
ST-002655,97QHOOWD,Kary Hendrixson,Engaging,Won,2017-03-27,16
ST-002656,YL7XWUYO,Lajuana Vencill,Prospecting,Engaging,2017-03-11,17
ST-002657,YL7XWUYO,Lajuana Vencill,Engaging,Won,2017-06-17,98
ST-002658,VO8TFB31,Maureen Marcano,Prospecting,Engaging,2017-03-11,6
ST-002659,VO8TFB31,Maureen Marcano,Engaging,Lost,2017-06-26,107
ST-002660,Q949MQ5W,Maureen Marcano,Prospecting,Engaging,2017-03-11,19
ST-002661,Q949MQ5W,Maureen Marcano,Engaging,Won,2017-05-22,72
ST-002662,HZU0L5GS,Moses Frase,Prospecting,Engaging,2017-03-11,17
ST-002663,HZU0L5GS,Moses Frase,Engaging,Won,2017-06-04,85
ST-002664,8RF8XVYF,Versie Hillebrand,Prospecting,Engaging,2017-03-11,3
ST-002665,8RF8XVYF,Versie Hillebrand,Engaging,Won,2017-05-10,60
ST-002666,ZILYYA1V,Vicki Laflamme,Prospecting,Engaging,2017-03-11,26
ST-002667,ZILYYA1V,Vicki Laflamme,Engaging,Won,2017-03-30,19
ST-002668,BY2L60V1,Zane Levy,Prospecting,Engaging,2017-03-11,7
ST-002669,NH0WGTR4,Anna Snelling,Prospecting,Engaging,2017-03-12,16
ST-002670,NH0WGTR4,Anna Snelling,Engaging,Lost,2017-05-25,74
ST-002671,73HO9OZC,Cassey Cress,Prospecting,Engaging,2017-03-12,30
ST-002672,WBJX6O2D,Cassey Cress,Prospecting,Engaging,2017-03-12,23
ST-002673,WBJX6O2D,Cassey Cress,Engaging,Won,2017-06-11,91
ST-002674,1IHNDN80,Cecily Lampkin,Prospecting,Engaging,2017-03-12,7
ST-002675,1IHNDN80,Cecily Lampkin,Engaging,Lost,2017-05-02,51
ST-002676,T14K7M5G,Corliss Cosme,Prospecting,Engaging,2017-03-12,5
ST-002677,T14K7M5G,Corliss Cosme,Engaging,Won,2017-06-11,91
ST-002678,XPP2Q5WQ,Darcel Schlecht,Prospecting,Engaging,2017-03-12,18
ST-002679,XPP2Q5WQ,Darcel Schlecht,Engaging,Lost,2017-05-02,51
ST-002680,FM4LX5O0,Darcel Schlecht,Prospecting,Engaging,2017-03-12,28
ST-002681,FM4LX5O0,Darcel Schlecht,Engaging,Lost,2017-05-26,75
ST-002682,HG07756D,Elease Gluck,Prospecting,Engaging,2017-03-12,11
ST-002683,HG07756D,Elease Gluck,Engaging,Won,2017-03-31,19
ST-002684,E7YSM99K,Elease Gluck,Prospecting,Engaging,2017-03-12,13
ST-002685,E7YSM99K,Elease Gluck,Engaging,Won,2017-06-02,82
ST-002686,4D1FP59D,Gladys Colclough,Prospecting,Engaging,2017-03-12,22
ST-002687,4D1FP59D,Gladys Colclough,Engaging,Won,2017-06-23,103
ST-002688,3E4VTH6E,Hayden Neloms,Prospecting,Engaging,2017-03-12,25
ST-002689,TK29F68V,Hayden Neloms,Prospecting,Engaging,2017-03-12,15
ST-002690,TK29F68V,Hayden Neloms,Engaging,Won,2017-06-13,93
ST-002691,QHJ3W8FW,Kami Bicknell,Prospecting,Engaging,2017-03-12,23
ST-002692,N3H82NHO,Kami Bicknell,Prospecting,Engaging,2017-03-12,5
ST-002693,N3H82NHO,Kami Bicknell,Engaging,Won,2017-06-02,82
ST-002694,GTANESSU,Lajuana Vencill,Prospecting,Engaging,2017-03-12,30
ST-002695,GTANESSU,Lajuana Vencill,Engaging,Won,2017-05-22,71
ST-002696,LA0O6BHX,Lajuana Vencill,Prospecting,Engaging,2017-03-12,13
ST-002697,LA0O6BHX,Lajuana Vencill,Engaging,Won,2017-05-27,76
ST-002698,RRKQ0P07,Markita Hansen,Prospecting,Engaging,2017-03-12,30
ST-002699,RRKQ0P07,Markita Hansen,Engaging,Won,2017-05-03,52
ST-002700,J4V3VKQ5,Maureen Marcano,Prospecting,Engaging,2017-03-12,24
ST-002701,J4V3VKQ5,Maureen Marcano,Engaging,Won,2017-03-27,15
ST-002702,17U8549G,Maureen Marcano,Prospecting,Engaging,2017-03-12,30
ST-002703,17U8549G,Maureen Marcano,Engaging,Won,2017-06-15,95
ST-002704,G281LUYF,Niesha Huffines,Prospecting,Engaging,2017-03-12,20
ST-002705,G281LUYF,Niesha Huffines,Engaging,Lost,2017-05-08,57
ST-002706,4NAK1XFV,Rosie Papadopoulos,Prospecting,Engaging,2017-03-12,15
ST-002707,4NAK1XFV,Rosie Papadopoulos,Engaging,Lost,2017-05-18,67
ST-002708,Y34MVXP3,Rosie Papadopoulos,Prospecting,Engaging,2017-03-12,13
ST-002709,Y34MVXP3,Rosie Papadopoulos,Engaging,Won,2017-06-27,107
ST-002710,N8G3G1UF,Versie Hillebrand,Prospecting,Engaging,2017-03-12,23
ST-002711,N8G3G1UF,Versie Hillebrand,Engaging,Won,2017-05-29,78
ST-002712,SDXZB8MC,Versie Hillebrand,Prospecting,Engaging,2017-03-12,25
ST-002713,SDXZB8MC,Versie Hillebrand,Engaging,Won,2017-06-20,100
ST-002714,PFUE2JYB,Vicki Laflamme,Prospecting,Engaging,2017-03-12,27
ST-002715,PFUE2JYB,Vicki Laflamme,Engaging,Won,2017-05-26,75
ST-002716,4A8SFEJ2,Zane Levy,Prospecting,Engaging,2017-03-12,18
ST-002717,4A8SFEJ2,Zane Levy,Engaging,Won,2017-03-17,5
ST-002718,HEG8WPQF,Anna Snelling,Prospecting,Engaging,2017-03-13,30
ST-002719,HEG8WPQF,Anna Snelling,Engaging,Won,2017-05-09,57
ST-002720,0FST40LV,Anna Snelling,Prospecting,Engaging,2017-03-13,20
ST-002721,0FST40LV,Anna Snelling,Engaging,Won,2017-05-25,73
ST-002722,I7WERQ6B,Anna Snelling,Prospecting,Engaging,2017-03-13,4
ST-002723,I7WERQ6B,Anna Snelling,Engaging,Won,2017-06-08,87
ST-002724,T7UYHDUN,Boris Faz,Prospecting,Engaging,2017-03-13,22
ST-002725,T7UYHDUN,Boris Faz,Engaging,Lost,2017-03-24,11
ST-002726,Y28VHZKQ,Cassey Cress,Prospecting,Engaging,2017-03-13,5
ST-002727,V0EIMVES,Cecily Lampkin,Prospecting,Engaging,2017-03-13,10
ST-002728,V0EIMVES,Cecily Lampkin,Engaging,Won,2017-05-13,61
ST-002729,DL4SZAGH,Cecily Lampkin,Prospecting,Engaging,2017-03-13,23
ST-002730,DL4SZAGH,Cecily Lampkin,Engaging,Won,2017-03-31,18
ST-002731,RVIU1YQ8,Corliss Cosme,Prospecting,Engaging,2017-03-13,24
ST-002732,RVIU1YQ8,Corliss Cosme,Engaging,Won,2017-03-24,11
ST-002733,ZNSWDHTJ,Darcel Schlecht,Prospecting,Engaging,2017-03-13,12
ST-002734,ZNSWDHTJ,Darcel Schlecht,Engaging,Won,2017-05-15,63
ST-002735,A2G8VYZY,Darcel Schlecht,Prospecting,Engaging,2017-03-13,10
ST-002736,A2G8VYZY,Darcel Schlecht,Engaging,Won,2017-03-17,4
ST-002737,F5I33E1I,Elease Gluck,Prospecting,Engaging,2017-03-13,26
ST-002738,Y9B94N72,Garret Kinder,Prospecting,Engaging,2017-03-13,5
ST-002739,Y9B94N72,Garret Kinder,Engaging,Won,2017-05-03,51
ST-002740,34MBPHRL,Hayden Neloms,Prospecting,Engaging,2017-03-13,16
ST-002741,34MBPHRL,Hayden Neloms,Engaging,Won,2017-06-17,96
ST-002742,K73K8IQ3,Kary Hendrixson,Prospecting,Engaging,2017-03-13,6
ST-002743,K73K8IQ3,Kary Hendrixson,Engaging,Won,2017-05-22,70
ST-002744,8L5WBK75,Kary Hendrixson,Prospecting,Engaging,2017-03-13,27
ST-002745,8L5WBK75,Kary Hendrixson,Engaging,Won,2017-03-30,17
ST-002746,Z1RN8D42,Kary Hendrixson,Prospecting,Engaging,2017-03-13,23
ST-002747,Z1RN8D42,Kary Hendrixson,Engaging,Won,2017-06-02,81
ST-002748,4IT33RBO,Markita Hansen,Prospecting,Engaging,2017-03-13,25
ST-002749,JV1NCDKP,Moses Frase,Prospecting,Engaging,2017-03-13,30
ST-002750,JV1NCDKP,Moses Frase,Engaging,Won,2017-05-11,59
ST-002751,ECCVMNUZ,Rosalina Dieter,Prospecting,Engaging,2017-03-13,6
ST-002752,ECCVMNUZ,Rosalina Dieter,Engaging,Won,2017-05-20,68
ST-002753,A3GVFKYP,Zane Levy,Prospecting,Engaging,2017-03-13,17
ST-002754,A3GVFKYP,Zane Levy,Engaging,Won,2017-06-27,106
ST-002755,COTHR6F7,Zane Levy,Prospecting,Engaging,2017-03-13,8
ST-002756,COTHR6F7,Zane Levy,Engaging,Won,2017-05-22,70
ST-002757,7VKQWIXD,Boris Faz,Prospecting,Engaging,2017-03-14,25
ST-002758,3OAEEV0S,Cassey Cress,Prospecting,Engaging,2017-03-14,12
ST-002759,3OAEEV0S,Cassey Cress,Engaging,Won,2017-03-21,7
ST-002760,RTH5O6ZW,Cassey Cress,Prospecting,Engaging,2017-03-14,3
ST-002761,RTH5O6ZW,Cassey Cress,Engaging,Won,2017-06-13,91
ST-002762,V74O6XQT,Daniell Hammack,Prospecting,Engaging,2017-03-14,4
ST-002763,GH6U8WWN,Daniell Hammack,Prospecting,Engaging,2017-03-14,13
ST-002764,GH6U8WWN,Daniell Hammack,Engaging,Won,2017-03-19,5
ST-002765,GVNI96XB,Darcel Schlecht,Prospecting,Engaging,2017-03-14,28
ST-002766,GVNI96XB,Darcel Schlecht,Engaging,Won,2017-06-20,98
ST-002767,KC324LPK,Darcel Schlecht,Prospecting,Engaging,2017-03-14,4
ST-002768,KC324LPK,Darcel Schlecht,Engaging,Won,2017-05-22,69
ST-002769,2Y2R082L,Darcel Schlecht,Prospecting,Engaging,2017-03-14,12
ST-002770,2Y2R082L,Darcel Schlecht,Engaging,Won,2017-05-06,53
ST-002771,HALGOQ5D,Donn Cantrell,Prospecting,Engaging,2017-03-14,14
ST-002772,HALGOQ5D,Donn Cantrell,Engaging,Won,2017-05-30,77
ST-002773,1R38Y0C1,Elease Gluck,Prospecting,Engaging,2017-03-14,14
ST-002774,1R38Y0C1,Elease Gluck,Engaging,Won,2017-03-20,6
ST-002775,3QQW8VJ2,Garret Kinder,Prospecting,Engaging,2017-03-14,16
ST-002776,3QQW8VJ2,Garret Kinder,Engaging,Won,2017-06-06,84
ST-002777,8JS4BWQ7,Gladys Colclough,Prospecting,Engaging,2017-03-14,7
ST-002778,8JS4BWQ7,Gladys Colclough,Engaging,Won,2017-03-24,10
ST-002779,78TOITP2,Gladys Colclough,Prospecting,Engaging,2017-03-14,10
ST-002780,78TOITP2,Gladys Colclough,Engaging,Won,2017-05-18,65
ST-002781,MRCYKUX4,Hayden Neloms,Prospecting,Engaging,2017-03-14,19
ST-002782,3PVNGGBX,Markita Hansen,Prospecting,Engaging,2017-03-14,16
ST-002783,MN6E59H6,Markita Hansen,Prospecting,Engaging,2017-03-14,21
ST-002784,BSA76OL5,Marty Freudenburg,Prospecting,Engaging,2017-03-14,24
ST-002785,BSA76OL5,Marty Freudenburg,Engaging,Lost,2017-05-17,64
ST-002786,YHNBSXPN,Maureen Marcano,Prospecting,Engaging,2017-03-14,28
ST-002787,YHNBSXPN,Maureen Marcano,Engaging,Won,2017-03-25,11
ST-002788,TW6D3KT4,Maureen Marcano,Prospecting,Engaging,2017-03-14,8
ST-002789,TW6D3KT4,Maureen Marcano,Engaging,Won,2017-05-12,59
ST-002790,Z8RI8RLU,Moses Frase,Prospecting,Engaging,2017-03-14,8
ST-002791,Z8RI8RLU,Moses Frase,Engaging,Won,2017-06-03,81
ST-002792,FT0L8HZZ,Moses Frase,Prospecting,Engaging,2017-03-14,8
ST-002793,FT0L8HZZ,Moses Frase,Engaging,Won,2017-03-16,2
ST-002794,AW0GW33Q,Reed Clapper,Prospecting,Engaging,2017-03-14,5
ST-002795,AW0GW33Q,Reed Clapper,Engaging,Lost,2017-06-11,89
ST-002796,IJLPV177,Rosalina Dieter,Prospecting,Engaging,2017-03-14,22
ST-002797,IJLPV177,Rosalina Dieter,Engaging,Lost,2017-03-30,16
ST-002798,9UVKASFY,Vicki Laflamme,Prospecting,Engaging,2017-03-14,30
ST-002799,9UVKASFY,Vicki Laflamme,Engaging,Lost,2017-05-27,74
ST-002800,KKSMEP2A,Vicki Laflamme,Prospecting,Engaging,2017-03-14,15
ST-002801,KKSMEP2A,Vicki Laflamme,Engaging,Lost,2017-06-21,99
ST-002802,E96ZTKHC,Vicki Laflamme,Prospecting,Engaging,2017-03-14,22
ST-002803,E96ZTKHC,Vicki Laflamme,Engaging,Won,2017-03-17,3
ST-002804,RZ08GKZY,Zane Levy,Prospecting,Engaging,2017-03-14,24
ST-002805,RZ08GKZY,Zane Levy,Engaging,Won,2017-05-22,69
ST-002806,EK0ZZHKT,Cassey Cress,Prospecting,Engaging,2017-03-15,10
ST-002807,EK0ZZHKT,Cassey Cress,Engaging,Lost,2017-06-24,101
ST-002808,9U6RAS0M,Cassey Cress,Prospecting,Engaging,2017-03-15,18
ST-002809,9U6RAS0M,Cassey Cress,Engaging,Won,2017-03-31,16
ST-002810,3S31RHE5,Cassey Cress,Prospecting,Engaging,2017-03-15,21
ST-002811,3S31RHE5,Cassey Cress,Engaging,Won,2017-05-18,64
ST-002812,GOM8T4Y4,Darcel Schlecht,Prospecting,Engaging,2017-03-15,7
ST-002813,GOM8T4Y4,Darcel Schlecht,Engaging,Won,2017-05-09,55
ST-002814,7Z5AVSH6,Darcel Schlecht,Prospecting,Engaging,2017-03-15,10
ST-002815,7Z5AVSH6,Darcel Schlecht,Engaging,Won,2017-06-21,98
ST-002816,E7OPE1O8,Darcel Schlecht,Prospecting,Engaging,2017-03-15,17
ST-002817,E7OPE1O8,Darcel Schlecht,Engaging,Won,2017-03-20,5
ST-002818,647E6ED0,Darcel Schlecht,Prospecting,Engaging,2017-03-15,23
ST-002819,647E6ED0,Darcel Schlecht,Engaging,Won,2017-06-05,82
ST-002820,V4XHHFO3,Elease Gluck,Prospecting,Engaging,2017-03-15,11
ST-002821,PEX6S873,Elease Gluck,Prospecting,Engaging,2017-03-15,17
ST-002822,PEX6S873,Elease Gluck,Engaging,Lost,2017-05-19,65
ST-002823,M9OTPNII,Garret Kinder,Prospecting,Engaging,2017-03-15,11
ST-002824,M9OTPNII,Garret Kinder,Engaging,Won,2017-05-20,66
ST-002825,EZRICI17,Gladys Colclough,Prospecting,Engaging,2017-03-15,24
ST-002826,EZRICI17,Gladys Colclough,Engaging,Lost,2017-06-28,105
ST-002827,7PXJ92C5,Kary Hendrixson,Prospecting,Engaging,2017-03-15,3
ST-002828,BAXENBTS,Kary Hendrixson,Prospecting,Engaging,2017-03-15,28
ST-002829,BAXENBTS,Kary Hendrixson,Engaging,Lost,2017-05-06,52
ST-002830,086279IX,Kary Hendrixson,Prospecting,Engaging,2017-03-15,17
ST-002831,086279IX,Kary Hendrixson,Engaging,Won,2017-06-14,91
ST-002832,6EEC9HQQ,Kary Hendrixson,Prospecting,Engaging,2017-03-15,12
ST-002833,6EEC9HQQ,Kary Hendrixson,Engaging,Won,2017-05-21,67
ST-002834,MHN0SWM2,Lajuana Vencill,Prospecting,Engaging,2017-03-15,24
ST-002835,MHN0SWM2,Lajuana Vencill,Engaging,Won,2017-06-21,98
ST-002836,8SKE4TT5,Maureen Marcano,Prospecting,Engaging,2017-03-15,20
ST-002837,8SKE4TT5,Maureen Marcano,Engaging,Lost,2017-05-30,76
ST-002838,IGELOJ42,Moses Frase,Prospecting,Engaging,2017-03-15,8
ST-002839,IGELOJ42,Moses Frase,Engaging,Won,2017-06-03,80
ST-002840,0LMA8GMJ,Rosie Papadopoulos,Prospecting,Engaging,2017-03-15,5
ST-002841,0LMA8GMJ,Rosie Papadopoulos,Engaging,Won,2017-05-10,56
ST-002842,E40RN3MN,Versie Hillebrand,Prospecting,Engaging,2017-03-15,17
ST-002843,E40RN3MN,Versie Hillebrand,Engaging,Won,2017-03-25,10
ST-002844,093R7PK9,Vicki Laflamme,Prospecting,Engaging,2017-03-15,14
ST-002845,093R7PK9,Vicki Laflamme,Engaging,Won,2017-06-11,88
ST-002846,I8A9OXP2,Violet Mclelland,Prospecting,Engaging,2017-03-15,21
ST-002847,I8A9OXP2,Violet Mclelland,Engaging,Won,2017-06-25,102
ST-002848,7IFEKEMG,Violet Mclelland,Prospecting,Engaging,2017-03-15,12
ST-002849,7IFEKEMG,Violet Mclelland,Engaging,Won,2017-06-06,83
ST-002850,4XZ4RY1N,Wilburn Farren,Prospecting,Engaging,2017-03-15,23
ST-002851,K2KK9SW2,Anna Snelling,Prospecting,Engaging,2017-03-16,16
ST-002852,K2KK9SW2,Anna Snelling,Engaging,Won,2017-05-02,47
ST-002853,Z0RLNFVY,Boris Faz,Prospecting,Engaging,2017-03-16,25
ST-002854,8SIG4C8X,Boris Faz,Prospecting,Engaging,2017-03-16,11
ST-002855,8SIG4C8X,Boris Faz,Engaging,Won,2017-06-06,82
ST-002856,K4ETVW4H,Boris Faz,Prospecting,Engaging,2017-03-16,17
ST-002857,K4ETVW4H,Boris Faz,Engaging,Won,2017-05-12,57
ST-002858,YA2NDY1H,Cassey Cress,Prospecting,Engaging,2017-03-16,30
ST-002859,YA2NDY1H,Cassey Cress,Engaging,Won,2017-05-17,62
ST-002860,G6DYTQQE,Corliss Cosme,Prospecting,Engaging,2017-03-16,12
ST-002861,G6DYTQQE,Corliss Cosme,Engaging,Won,2017-06-01,77
ST-002862,RQULJHTU,Daniell Hammack,Prospecting,Engaging,2017-03-16,9
ST-002863,RZZ9K7UN,Daniell Hammack,Prospecting,Engaging,2017-03-16,15
ST-002864,RZZ9K7UN,Daniell Hammack,Engaging,Won,2017-06-29,105
ST-002865,3918OU6O,Darcel Schlecht,Prospecting,Engaging,2017-03-16,30
ST-002866,3918OU6O,Darcel Schlecht,Engaging,Lost,2017-05-02,47
ST-002867,YZ9ZKK3P,Hayden Neloms,Prospecting,Engaging,2017-03-16,18
ST-002868,YZ9ZKK3P,Hayden Neloms,Engaging,Won,2017-05-08,53
ST-002869,GK1NH8G7,Kami Bicknell,Prospecting,Engaging,2017-03-16,6
ST-002870,OPCLCCQH,Kami Bicknell,Prospecting,Engaging,2017-03-16,10
ST-002871,E1921PBZ,Kary Hendrixson,Prospecting,Engaging,2017-03-16,15
ST-002872,E1921PBZ,Kary Hendrixson,Engaging,Won,2017-05-23,68
ST-002873,0E761F02,Kary Hendrixson,Prospecting,Engaging,2017-03-16,21
ST-002874,0E761F02,Kary Hendrixson,Engaging,Won,2017-05-02,47
ST-002875,HDBNC8W1,Lajuana Vencill,Prospecting,Engaging,2017-03-16,14
ST-002876,HDBNC8W1,Lajuana Vencill,Engaging,Won,2017-06-11,87
ST-002877,WFCEPHD3,Markita Hansen,Prospecting,Engaging,2017-03-16,21
ST-002878,KP6NOWM7,Markita Hansen,Prospecting,Engaging,2017-03-16,12
ST-002879,KP6NOWM7,Markita Hansen,Engaging,Won,2017-06-03,79
ST-002880,HPYLUU5P,Maureen Marcano,Prospecting,Engaging,2017-03-16,25
ST-002881,HPYLUU5P,Maureen Marcano,Engaging,Won,2017-06-26,102
ST-002882,I7AH5FW0,Moses Frase,Prospecting,Engaging,2017-03-16,12
ST-002883,I7AH5FW0,Moses Frase,Engaging,Lost,2017-05-23,68
ST-002884,RSFYKC1F,Moses Frase,Prospecting,Engaging,2017-03-16,3
ST-002885,RSFYKC1F,Moses Frase,Engaging,Won,2017-06-25,101
ST-002886,RMW0TRSZ,Rosalina Dieter,Prospecting,Engaging,2017-03-16,29
ST-002887,RMW0TRSZ,Rosalina Dieter,Engaging,Lost,2017-05-20,65
ST-002888,GNENBXRW,Rosalina Dieter,Prospecting,Engaging,2017-03-16,24
ST-002889,GNENBXRW,Rosalina Dieter,Engaging,Lost,2017-05-17,62
ST-002890,L20NI94X,Rosalina Dieter,Prospecting,Engaging,2017-03-16,15
ST-002891,L20NI94X,Rosalina Dieter,Engaging,Lost,2017-06-05,81
ST-002892,AF7XJNED,Rosie Papadopoulos,Prospecting,Engaging,2017-03-16,11
ST-002893,CG65AS6X,Vicki Laflamme,Prospecting,Engaging,2017-03-16,3
ST-002894,CG65AS6X,Vicki Laflamme,Engaging,Won,2017-03-29,13
ST-002895,9XV6GX8D,Zane Levy,Prospecting,Engaging,2017-03-16,21
ST-002896,9XV6GX8D,Zane Levy,Engaging,Won,2017-06-07,83
ST-002897,IDIMBX0N,Anna Snelling,Prospecting,Engaging,2017-03-17,30
ST-002898,IDIMBX0N,Anna Snelling,Engaging,Won,2017-03-26,9
ST-002899,W75XU368,Cassey Cress,Prospecting,Engaging,2017-03-17,24
ST-002900,W75XU368,Cassey Cress,Engaging,Won,2017-06-17,92
ST-002901,WIY2Q0Q5,Cassey Cress,Prospecting,Engaging,2017-03-17,27
ST-002902,WIY2Q0Q5,Cassey Cress,Engaging,Won,2017-05-17,61
ST-002903,EJDHOY6M,Corliss Cosme,Prospecting,Engaging,2017-03-17,26
ST-002904,DF1011UT,Corliss Cosme,Prospecting,Engaging,2017-03-17,4
ST-002905,7V1FQBL9,Corliss Cosme,Prospecting,Engaging,2017-03-17,22
ST-002906,7V1FQBL9,Corliss Cosme,Engaging,Lost,2017-05-03,47
ST-002907,4PXSBQU8,Darcel Schlecht,Prospecting,Engaging,2017-03-17,26
ST-002908,4PXSBQU8,Darcel Schlecht,Engaging,Won,2017-05-27,71
ST-002909,QRKHWNRB,Elease Gluck,Prospecting,Engaging,2017-03-17,18
ST-002910,QRKHWNRB,Elease Gluck,Engaging,Won,2017-06-25,100
ST-002911,1YGNHE69,Garret Kinder,Prospecting,Engaging,2017-03-17,29
ST-002912,1YGNHE69,Garret Kinder,Engaging,Won,2017-05-18,62
ST-002913,IBS3H6Z4,Hayden Neloms,Prospecting,Engaging,2017-03-17,12
ST-002914,TAEUD0HP,Hayden Neloms,Prospecting,Engaging,2017-03-17,27
ST-002915,TAEUD0HP,Hayden Neloms,Engaging,Won,2017-06-10,85
ST-002916,04YGLJ3N,Kary Hendrixson,Prospecting,Engaging,2017-03-17,28
ST-002917,72TBO2HA,Kary Hendrixson,Prospecting,Engaging,2017-03-17,10
ST-002918,72TBO2HA,Kary Hendrixson,Engaging,Lost,2017-05-08,52
ST-002919,FCW4SAAP,Kary Hendrixson,Prospecting,Engaging,2017-03-17,22
ST-002920,FCW4SAAP,Kary Hendrixson,Engaging,Won,2017-06-11,86
ST-002921,DEH0MYSO,Kary Hendrixson,Prospecting,Engaging,2017-03-17,28
ST-002922,DEH0MYSO,Kary Hendrixson,Engaging,Won,2017-05-24,68
ST-002923,PEVJ6O6R,Reed Clapper,Prospecting,Engaging,2017-03-17,14
ST-002924,PEVJ6O6R,Reed Clapper,Engaging,Won,2017-03-27,10
ST-002925,T02CX0BY,Reed Clapper,Prospecting,Engaging,2017-03-17,10
ST-002926,T02CX0BY,Reed Clapper,Engaging,Won,2017-03-31,14
ST-002927,IN9S33CD,Rosalina Dieter,Prospecting,Engaging,2017-03-17,23
ST-002928,SSX3QRTB,Rosie Papadopoulos,Prospecting,Engaging,2017-03-17,9
ST-002929,SSX3QRTB,Rosie Papadopoulos,Engaging,Lost,2017-05-08,52
ST-002930,UBX7TMQG,Versie Hillebrand,Prospecting,Engaging,2017-03-17,22
ST-002931,UBX7TMQG,Versie Hillebrand,Engaging,Lost,2017-05-10,54
ST-002932,RR5AMWPQ,Versie Hillebrand,Prospecting,Engaging,2017-03-17,11
ST-002933,RR5AMWPQ,Versie Hillebrand,Engaging,Lost,2017-05-16,60
ST-002934,FHLNW3WH,Versie Hillebrand,Prospecting,Engaging,2017-03-17,24
ST-002935,FHLNW3WH,Versie Hillebrand,Engaging,Won,2017-06-21,96
ST-002936,1GT10YJD,Vicki Laflamme,Prospecting,Engaging,2017-03-17,27
ST-002937,4UZCVHEV,Violet Mclelland,Prospecting,Engaging,2017-03-17,26
ST-002938,DJH67UIZ,Violet Mclelland,Prospecting,Engaging,2017-03-17,27
ST-002939,7VGJ2B7O,Violet Mclelland,Prospecting,Engaging,2017-03-17,24
ST-002940,IAVMELUO,Wilburn Farren,Prospecting,Engaging,2017-03-17,24
ST-002941,IAVMELUO,Wilburn Farren,Engaging,Won,2017-05-30,74
ST-002942,PRMMZX9O,Zane Levy,Prospecting,Engaging,2017-03-17,29
ST-002943,PRMMZX9O,Zane Levy,Engaging,Won,2017-06-02,77
ST-002944,ZZFES7ID,Zane Levy,Prospecting,Engaging,2017-03-17,7
ST-002945,ZZFES7ID,Zane Levy,Engaging,Won,2017-06-05,80
ST-002946,G7PNQB9M,Anna Snelling,Prospecting,Engaging,2017-03-18,23
ST-002947,G7PNQB9M,Anna Snelling,Engaging,Lost,2017-05-25,68
ST-002948,Z0R5O2VW,Cassey Cress,Prospecting,Engaging,2017-03-18,6
ST-002949,Z0R5O2VW,Cassey Cress,Engaging,Lost,2017-05-24,67
ST-002950,VS0TWECS,Cassey Cress,Prospecting,Engaging,2017-03-18,23
ST-002951,VS0TWECS,Cassey Cress,Engaging,Won,2017-06-18,92
ST-002952,XN7EV14M,Cecily Lampkin,Prospecting,Engaging,2017-03-18,23
ST-002953,XN7EV14M,Cecily Lampkin,Engaging,Won,2017-05-09,52
ST-002954,P5BRH80Z,Cecily Lampkin,Prospecting,Engaging,2017-03-18,4
ST-002955,P5BRH80Z,Cecily Lampkin,Engaging,Won,2017-03-27,9
ST-002956,CQVDJR45,Darcel Schlecht,Prospecting,Engaging,2017-03-18,12
ST-002957,CQVDJR45,Darcel Schlecht,Engaging,Won,2017-06-12,86
ST-002958,QUFCX2MF,Elease Gluck,Prospecting,Engaging,2017-03-18,28
ST-002959,QUFCX2MF,Elease Gluck,Engaging,Lost,2017-05-27,70
ST-002960,RW13VT8T,Garret Kinder,Prospecting,Engaging,2017-03-18,17
ST-002961,RW13VT8T,Garret Kinder,Engaging,Won,2017-05-11,54
ST-002962,H2IOHZ8R,James Ascencio,Prospecting,Engaging,2017-03-18,4
ST-002963,5LJ47CVS,James Ascencio,Prospecting,Engaging,2017-03-18,21
ST-002964,5LJ47CVS,James Ascencio,Engaging,Lost,2017-06-22,96
ST-002965,87XTACKH,Jonathan Berthelot,Prospecting,Engaging,2017-03-18,14
ST-002966,87XTACKH,Jonathan Berthelot,Engaging,Won,2017-05-26,69
ST-002967,0Z2CQ0MQ,Kami Bicknell,Prospecting,Engaging,2017-03-18,26
ST-002968,0Z2CQ0MQ,Kami Bicknell,Engaging,Won,2017-03-28,10
ST-002969,4SK6YLB0,Kami Bicknell,Prospecting,Engaging,2017-03-18,7
ST-002970,4SK6YLB0,Kami Bicknell,Engaging,Won,2017-05-27,70
ST-002971,EVVX3PQ5,Kami Bicknell,Prospecting,Engaging,2017-03-18,5
ST-002972,EVVX3PQ5,Kami Bicknell,Engaging,Won,2017-05-04,47
ST-002973,9Y3JDP1B,Kami Bicknell,Prospecting,Engaging,2017-03-18,12
ST-002974,9Y3JDP1B,Kami Bicknell,Engaging,Won,2017-06-19,93
ST-002975,ACB3QZAY,Kary Hendrixson,Prospecting,Engaging,2017-03-18,13
ST-002976,ACB3QZAY,Kary Hendrixson,Engaging,Lost,2017-06-04,78
ST-002977,COWC9H9T,Markita Hansen,Prospecting,Engaging,2017-03-18,26
ST-002978,COWC9H9T,Markita Hansen,Engaging,Won,2017-03-31,13
ST-002979,ZTHMJWYZ,Markita Hansen,Prospecting,Engaging,2017-03-18,16
ST-002980,ZTHMJWYZ,Markita Hansen,Engaging,Won,2017-06-22,96
ST-002981,MMGWAWBA,Marty Freudenburg,Prospecting,Engaging,2017-03-18,8
ST-002982,MMGWAWBA,Marty Freudenburg,Engaging,Won,2017-06-02,76
ST-002983,8LPO6YCO,Marty Freudenburg,Prospecting,Engaging,2017-03-18,9
ST-002984,8LPO6YCO,Marty Freudenburg,Engaging,Won,2017-05-07,50
ST-002985,I7MDOGGU,Maureen Marcano,Prospecting,Engaging,2017-03-18,7
ST-002986,CDUIUYY2,Moses Frase,Prospecting,Engaging,2017-03-18,28
ST-002987,CDUIUYY2,Moses Frase,Engaging,Won,2017-06-11,85
ST-002988,10IY4PV4,Rosalina Dieter,Prospecting,Engaging,2017-03-18,20
ST-002989,A1TDRYHZ,Rosie Papadopoulos,Prospecting,Engaging,2017-03-18,14
ST-002990,2JY9SQ2L,Vicki Laflamme,Prospecting,Engaging,2017-03-18,19
ST-002991,9328IHHL,Wilburn Farren,Prospecting,Engaging,2017-03-18,19
ST-002992,9328IHHL,Wilburn Farren,Engaging,Won,2017-05-18,61
ST-002993,ZFB7CBR6,Zane Levy,Prospecting,Engaging,2017-03-18,11
ST-002994,ZFB7CBR6,Zane Levy,Engaging,Won,2017-05-13,56
ST-002995,3N3RAHXR,Cassey Cress,Prospecting,Engaging,2017-03-19,29
ST-002996,6RJE18RW,Cassey Cress,Prospecting,Engaging,2017-03-19,8
ST-002997,6RJE18RW,Cassey Cress,Engaging,Won,2017-03-24,5
ST-002998,GK86H0SK,Cassey Cress,Prospecting,Engaging,2017-03-19,11
ST-002999,GK86H0SK,Cassey Cress,Engaging,Won,2017-03-28,9
ST-003000,QXU90OP8,Corliss Cosme,Prospecting,Engaging,2017-03-19,29
ST-003001,QXU90OP8,Corliss Cosme,Engaging,Won,2017-03-22,3
ST-003002,NXXSU27K,Corliss Cosme,Prospecting,Engaging,2017-03-19,18
ST-003003,NXXSU27K,Corliss Cosme,Engaging,Won,2017-03-25,6
ST-003004,RACLHBXN,Daniell Hammack,Prospecting,Engaging,2017-03-19,28
ST-003005,06YL7WVJ,Darcel Schlecht,Prospecting,Engaging,2017-03-19,12
ST-003006,06YL7WVJ,Darcel Schlecht,Engaging,Won,2017-03-21,2
ST-003007,K4Y8R0FX,Darcel Schlecht,Prospecting,Engaging,2017-03-19,26
ST-003008,K4Y8R0FX,Darcel Schlecht,Engaging,Won,2017-06-04,77
ST-003009,F8O0IY28,Donn Cantrell,Prospecting,Engaging,2017-03-19,30
ST-003010,F8O0IY28,Donn Cantrell,Engaging,Won,2017-03-30,11
ST-003011,8T8J06EL,Gladys Colclough,Prospecting,Engaging,2017-03-19,13
ST-003012,8T8J06EL,Gladys Colclough,Engaging,Lost,2017-06-26,99
ST-003013,3AE6GW2D,Gladys Colclough,Prospecting,Engaging,2017-03-19,28
ST-003014,3AE6GW2D,Gladys Colclough,Engaging,Lost,2017-05-09,51
ST-003015,T0SEVT4K,Hayden Neloms,Prospecting,Engaging,2017-03-19,6
ST-003016,T0SEVT4K,Hayden Neloms,Engaging,Won,2017-06-16,89
ST-003017,36VPT9RZ,James Ascencio,Prospecting,Engaging,2017-03-19,17
ST-003018,36VPT9RZ,James Ascencio,Engaging,Won,2017-03-26,7
ST-003019,R2RL1Y49,Kami Bicknell,Prospecting,Engaging,2017-03-19,5
ST-003020,R2RL1Y49,Kami Bicknell,Engaging,Lost,2017-05-16,58
ST-003021,7Q7SA3EK,Kami Bicknell,Prospecting,Engaging,2017-03-19,7
ST-003022,7Q7SA3EK,Kami Bicknell,Engaging,Won,2017-06-07,80
ST-003023,THKCN7HU,Kary Hendrixson,Prospecting,Engaging,2017-03-19,27
ST-003024,6JI36HIE,Kary Hendrixson,Prospecting,Engaging,2017-03-19,10
ST-003025,6JI36HIE,Kary Hendrixson,Engaging,Lost,2017-06-23,96
ST-003026,B5CBSTM5,Kary Hendrixson,Prospecting,Engaging,2017-03-19,30
ST-003027,B5CBSTM5,Kary Hendrixson,Engaging,Won,2017-03-29,10
ST-003028,SNBYNW8H,Moses Frase,Prospecting,Engaging,2017-03-19,24
ST-003029,SNBYNW8H,Moses Frase,Engaging,Won,2017-06-23,96
ST-003030,IEN6RBZI,Reed Clapper,Prospecting,Engaging,2017-03-19,26
ST-003031,IEN6RBZI,Reed Clapper,Engaging,Won,2017-06-24,97
ST-003032,9P026O47,Versie Hillebrand,Prospecting,Engaging,2017-03-19,24
ST-003033,9P026O47,Versie Hillebrand,Engaging,Won,2017-05-27,69
ST-003034,AJLNEUVY,Versie Hillebrand,Prospecting,Engaging,2017-03-19,15
ST-003035,AJLNEUVY,Versie Hillebrand,Engaging,Won,2017-03-27,8
ST-003036,LJIAOC0Q,Violet Mclelland,Prospecting,Engaging,2017-03-19,30
ST-003037,LJIAOC0Q,Violet Mclelland,Engaging,Won,2017-06-04,77
ST-003038,PD2198ZH,Zane Levy,Prospecting,Engaging,2017-03-19,28
ST-003039,2BYD4WQ7,Anna Snelling,Prospecting,Engaging,2017-03-20,20
ST-003040,2BYD4WQ7,Anna Snelling,Engaging,Lost,2017-05-19,60
ST-003041,HP6DSCMH,Boris Faz,Prospecting,Engaging,2017-03-20,14
ST-003042,HP6DSCMH,Boris Faz,Engaging,Won,2017-06-12,84
ST-003043,FM4S93O6,Cassey Cress,Prospecting,Engaging,2017-03-20,5
ST-003044,FM4S93O6,Cassey Cress,Engaging,Lost,2017-05-23,64
ST-003045,ALHQU8W8,Corliss Cosme,Prospecting,Engaging,2017-03-20,28
ST-003046,GGPSSI5Q,Daniell Hammack,Prospecting,Engaging,2017-03-20,15
ST-003047,GGPSSI5Q,Daniell Hammack,Engaging,Won,2017-06-02,74
ST-003048,4D95LU0H,Darcel Schlecht,Prospecting,Engaging,2017-03-20,3
ST-003049,4D95LU0H,Darcel Schlecht,Engaging,Won,2017-06-24,96
ST-003050,KA79LTFF,Darcel Schlecht,Prospecting,Engaging,2017-03-20,11
ST-003051,KA79LTFF,Darcel Schlecht,Engaging,Won,2017-03-30,10
ST-003052,OBBVVO9O,Elease Gluck,Prospecting,Engaging,2017-03-20,20
ST-003053,OBBVVO9O,Elease Gluck,Engaging,Lost,2017-05-27,68
ST-003054,83HX5CIJ,Kami Bicknell,Prospecting,Engaging,2017-03-20,6
ST-003055,83HX5CIJ,Kami Bicknell,Engaging,Lost,2017-03-23,3
ST-003056,SGV1FR3O,Kami Bicknell,Prospecting,Engaging,2017-03-20,17
ST-003057,SGV1FR3O,Kami Bicknell,Engaging,Won,2017-06-23,95
ST-003058,TJ6U9HZ3,Kary Hendrixson,Prospecting,Engaging,2017-03-20,14
ST-003059,TJ6U9HZ3,Kary Hendrixson,Engaging,Won,2017-06-24,96
ST-003060,K72CEXGZ,Maureen Marcano,Prospecting,Engaging,2017-03-20,24
ST-003061,1N99TLIA,Maureen Marcano,Prospecting,Engaging,2017-03-20,26
ST-003062,1N99TLIA,Maureen Marcano,Engaging,Lost,2017-06-02,74
ST-003063,JYE2QFGE,Niesha Huffines,Prospecting,Engaging,2017-03-20,24
ST-003064,JYE2QFGE,Niesha Huffines,Engaging,Won,2017-05-06,47
ST-003065,IEOMRMWW,Reed Clapper,Prospecting,Engaging,2017-03-20,11
ST-003066,IEOMRMWW,Reed Clapper,Engaging,Lost,2017-06-28,100
ST-003067,ZW7N89K3,Rosalina Dieter,Prospecting,Engaging,2017-03-20,21
ST-003068,ZW7N89K3,Rosalina Dieter,Engaging,Lost,2017-05-18,59
ST-003069,MIU04JC2,Versie Hillebrand,Prospecting,Engaging,2017-03-20,15
ST-003070,MIU04JC2,Versie Hillebrand,Engaging,Lost,2017-06-21,93
ST-003071,VF2OKZY5,Vicki Laflamme,Prospecting,Engaging,2017-03-20,29
ST-003072,VF2OKZY5,Vicki Laflamme,Engaging,Lost,2017-06-12,84
ST-003073,QSBKLWSW,Violet Mclelland,Prospecting,Engaging,2017-03-20,23
ST-003074,QSBKLWSW,Violet Mclelland,Engaging,Won,2017-06-29,101
ST-003075,0GTJE2VQ,Wilburn Farren,Prospecting,Engaging,2017-03-20,14
ST-003076,0GTJE2VQ,Wilburn Farren,Engaging,Won,2017-06-14,86
ST-003077,H91G4MYP,Zane Levy,Prospecting,Engaging,2017-03-20,6
ST-003078,H91G4MYP,Zane Levy,Engaging,Won,2017-05-22,63
ST-003079,DDBH2FPP,Anna Snelling,Prospecting,Engaging,2017-03-21,24
ST-003080,DDBH2FPP,Anna Snelling,Engaging,Won,2017-06-16,87
ST-003081,P1SGQODJ,Boris Faz,Prospecting,Engaging,2017-03-21,10
ST-003082,N8F2PFQP,Boris Faz,Prospecting,Engaging,2017-03-21,18
ST-003083,N8F2PFQP,Boris Faz,Engaging,Won,2017-04-03,13
ST-003084,WELHHO3U,Cecily Lampkin,Prospecting,Engaging,2017-03-21,3
ST-003085,WELHHO3U,Cecily Lampkin,Engaging,Won,2017-03-30,9
ST-003086,CUAYGT78,Daniell Hammack,Prospecting,Engaging,2017-03-21,22
ST-003087,CUAYGT78,Daniell Hammack,Engaging,Lost,2017-06-26,97
ST-003088,9KDR9PQX,Garret Kinder,Prospecting,Engaging,2017-03-21,20
ST-003089,9KDR9PQX,Garret Kinder,Engaging,Lost,2017-04-01,11
ST-003090,8A5HA974,Jonathan Berthelot,Prospecting,Engaging,2017-03-21,13
ST-003091,8A5HA974,Jonathan Berthelot,Engaging,Lost,2017-04-01,11
ST-003092,M1L0IWB6,Jonathan Berthelot,Prospecting,Engaging,2017-03-21,22
ST-003093,M1L0IWB6,Jonathan Berthelot,Engaging,Won,2017-05-11,51
ST-003094,I2U6MKUT,Reed Clapper,Prospecting,Engaging,2017-03-21,10
ST-003095,I2U6MKUT,Reed Clapper,Engaging,Won,2017-05-29,69
ST-003096,5C8HCDXT,Wilburn Farren,Prospecting,Engaging,2017-03-21,23
ST-003097,RK6UFTI8,Wilburn Farren,Prospecting,Engaging,2017-03-21,5
ST-003098,RK6UFTI8,Wilburn Farren,Engaging,Lost,2017-03-26,5
ST-003099,ECOU1XXZ,Anna Snelling,Prospecting,Engaging,2017-03-22,23
ST-003100,ECOU1XXZ,Anna Snelling,Engaging,Won,2017-05-30,69
ST-003101,9FPDDSIJ,Cassey Cress,Prospecting,Engaging,2017-03-22,29
ST-003102,4RDJBBB6,Daniell Hammack,Prospecting,Engaging,2017-03-22,17
ST-003103,OTDDPHWJ,Darcel Schlecht,Prospecting,Engaging,2017-03-22,25
ST-003104,OTDDPHWJ,Darcel Schlecht,Engaging,Lost,2017-05-28,67
ST-003105,20N9WSRC,Darcel Schlecht,Prospecting,Engaging,2017-03-22,12
ST-003106,20N9WSRC,Darcel Schlecht,Engaging,Lost,2017-05-23,62
ST-003107,IJ4GXGCU,Darcel Schlecht,Prospecting,Engaging,2017-03-22,23
ST-003108,IJ4GXGCU,Darcel Schlecht,Engaging,Won,2017-03-30,8
ST-003109,GZCWM6GK,Elease Gluck,Prospecting,Engaging,2017-03-22,16
ST-003110,U0G8KIPB,Gladys Colclough,Prospecting,Engaging,2017-03-22,6
ST-003111,U0G8KIPB,Gladys Colclough,Engaging,Won,2017-06-21,91
ST-003112,2YVVZN5L,Jonathan Berthelot,Prospecting,Engaging,2017-03-22,7
ST-003113,2YVVZN5L,Jonathan Berthelot,Engaging,Lost,2017-05-03,42
ST-003114,3JUL12VK,Kami Bicknell,Prospecting,Engaging,2017-03-22,4
ST-003115,TGW7OYMD,Kami Bicknell,Prospecting,Engaging,2017-03-22,4
ST-003116,TGW7OYMD,Kami Bicknell,Engaging,Won,2017-06-25,95
ST-003117,XJ9RQU4K,Lajuana Vencill,Prospecting,Engaging,2017-03-22,12
ST-003118,XJ9RQU4K,Lajuana Vencill,Engaging,Won,2017-06-14,84
ST-003119,9Y85N0W5,Markita Hansen,Prospecting,Engaging,2017-03-22,18
ST-003120,4TRMURKI,Niesha Huffines,Prospecting,Engaging,2017-03-22,6
ST-003121,4TRMURKI,Niesha Huffines,Engaging,Lost,2017-06-18,88
ST-003122,TJXY9DQG,Reed Clapper,Prospecting,Engaging,2017-03-22,6
ST-003123,TJXY9DQG,Reed Clapper,Engaging,Won,2017-06-10,80
ST-003124,DV9ZB9KL,Versie Hillebrand,Prospecting,Engaging,2017-03-22,10
ST-003125,DV9ZB9KL,Versie Hillebrand,Engaging,Lost,2017-03-27,5
ST-003126,J712QVSG,Versie Hillebrand,Prospecting,Engaging,2017-03-22,20
ST-003127,J712QVSG,Versie Hillebrand,Engaging,Won,2017-03-26,4
ST-003128,LCBVIPRA,Vicki Laflamme,Prospecting,Engaging,2017-03-22,7
ST-003129,LCBVIPRA,Vicki Laflamme,Engaging,Won,2017-06-29,99
ST-003130,8GE7FY98,Violet Mclelland,Prospecting,Engaging,2017-03-22,15
ST-003131,88R08IL1,Violet Mclelland,Prospecting,Engaging,2017-03-22,17
ST-003132,88R08IL1,Violet Mclelland,Engaging,Lost,2017-04-01,10
ST-003133,4U9D1IZ5,Zane Levy,Prospecting,Engaging,2017-03-22,14
ST-003134,WNMF0OHM,Anna Snelling,Prospecting,Engaging,2017-03-23,24
ST-003135,WNMF0OHM,Anna Snelling,Engaging,Won,2017-04-01,9
ST-003136,I0D1O3GX,Boris Faz,Prospecting,Engaging,2017-03-23,26
ST-003137,I0D1O3GX,Boris Faz,Engaging,Lost,2017-04-01,9
ST-003138,PO158L29,Cassey Cress,Prospecting,Engaging,2017-03-23,25
ST-003139,7LNGJB3S,Cassey Cress,Prospecting,Engaging,2017-03-23,20
ST-003140,7LNGJB3S,Cassey Cress,Engaging,Won,2017-04-01,9
ST-003141,AVD2WQZY,Corliss Cosme,Prospecting,Engaging,2017-03-23,16
ST-003142,AVD2WQZY,Corliss Cosme,Engaging,Lost,2017-06-11,80
ST-003143,UD9V38LV,Donn Cantrell,Prospecting,Engaging,2017-03-23,21
ST-003144,UD9V38LV,Donn Cantrell,Engaging,Lost,2017-05-19,57
ST-003145,JMTO8BPQ,Gladys Colclough,Prospecting,Engaging,2017-03-23,26
ST-003146,JMTO8BPQ,Gladys Colclough,Engaging,Lost,2017-04-03,11
ST-003147,06YBVWXZ,Kami Bicknell,Prospecting,Engaging,2017-03-23,26
ST-003148,06YBVWXZ,Kami Bicknell,Engaging,Lost,2017-04-03,11
ST-003149,ODGKZEVV,Kary Hendrixson,Prospecting,Engaging,2017-03-23,7
ST-003150,1VCAS7FL,Lajuana Vencill,Prospecting,Engaging,2017-03-23,16
ST-003151,1VCAS7FL,Lajuana Vencill,Engaging,Lost,2017-04-05,13
ST-003152,G2TASA8C,Lajuana Vencill,Prospecting,Engaging,2017-03-23,23
ST-003153,G2TASA8C,Lajuana Vencill,Engaging,Lost,2017-06-15,84
ST-003154,CRW2CCMB,Markita Hansen,Prospecting,Engaging,2017-03-23,6
ST-003155,CRW2CCMB,Markita Hansen,Engaging,Won,2017-06-05,74
ST-003156,7FER10E1,Markita Hansen,Prospecting,Engaging,2017-03-23,29
ST-003157,7FER10E1,Markita Hansen,Engaging,Won,2017-06-08,77
ST-003158,K96NUCWR,Moses Frase,Prospecting,Engaging,2017-03-23,18
ST-003159,K96NUCWR,Moses Frase,Engaging,Lost,2017-04-01,9
ST-003160,SE609QTE,Versie Hillebrand,Prospecting,Engaging,2017-03-23,22
ST-003161,SE609QTE,Versie Hillebrand,Engaging,Won,2017-05-05,43
ST-003162,CT9XECID,Versie Hillebrand,Prospecting,Engaging,2017-03-23,16
ST-003163,CT9XECID,Versie Hillebrand,Engaging,Won,2017-04-01,9
ST-003164,SUO8VZQ8,Vicki Laflamme,Prospecting,Engaging,2017-03-23,11
ST-003165,SUO8VZQ8,Vicki Laflamme,Engaging,Won,2017-06-14,83
ST-003166,9LX9MAPU,Violet Mclelland,Prospecting,Engaging,2017-03-23,4
ST-003167,9LX9MAPU,Violet Mclelland,Engaging,Won,2017-04-01,9
ST-003168,PHP5V833,Anna Snelling,Prospecting,Engaging,2017-03-24,25
ST-003169,PHP5V833,Anna Snelling,Engaging,Lost,2017-05-18,55
ST-003170,7XEB6TFB,Anna Snelling,Prospecting,Engaging,2017-03-24,14
ST-003171,7XEB6TFB,Anna Snelling,Engaging,Won,2017-06-06,74
ST-003172,KV9LW061,Anna Snelling,Prospecting,Engaging,2017-03-24,9
ST-003173,KV9LW061,Anna Snelling,Engaging,Won,2017-04-04,11
ST-003174,M41NS5DN,Cassey Cress,Prospecting,Engaging,2017-03-24,17
ST-003175,QIHWKCFK,Cassey Cress,Prospecting,Engaging,2017-03-24,17
ST-003176,8RZ1A49O,Cecily Lampkin,Prospecting,Engaging,2017-03-24,10
ST-003177,8RZ1A49O,Cecily Lampkin,Engaging,Won,2017-03-31,7
ST-003178,GEJLL5L3,Corliss Cosme,Prospecting,Engaging,2017-03-24,30
ST-003179,V4EKF9RF,Corliss Cosme,Prospecting,Engaging,2017-03-24,14
ST-003180,V4EKF9RF,Corliss Cosme,Engaging,Won,2017-03-31,7
ST-003181,VJ1EK4A3,Daniell Hammack,Prospecting,Engaging,2017-03-24,6
ST-003182,VJ1EK4A3,Daniell Hammack,Engaging,Won,2017-04-02,9
ST-003183,65B8HSTW,Daniell Hammack,Prospecting,Engaging,2017-03-24,24
ST-003184,65B8HSTW,Daniell Hammack,Engaging,Won,2017-04-02,9
ST-003185,KIJB458K,Darcel Schlecht,Prospecting,Engaging,2017-03-24,14
ST-003186,KIJB458K,Darcel Schlecht,Engaging,Lost,2017-04-03,10
ST-003187,8PHJ7N4E,Darcel Schlecht,Prospecting,Engaging,2017-03-24,20
ST-003188,8PHJ7N4E,Darcel Schlecht,Engaging,Won,2017-05-15,52
ST-003189,EDAJ0YEW,Darcel Schlecht,Prospecting,Engaging,2017-03-24,23
ST-003190,EDAJ0YEW,Darcel Schlecht,Engaging,Won,2017-03-30,6
ST-003191,KMB8TJ0I,Hayden Neloms,Prospecting,Engaging,2017-03-24,14
ST-003192,9X5HUUJ5,James Ascencio,Prospecting,Engaging,2017-03-24,4
ST-003193,9X5HUUJ5,James Ascencio,Engaging,Lost,2017-04-02,9
ST-003194,CR6ZLEWC,Kary Hendrixson,Prospecting,Engaging,2017-03-24,15
ST-003195,21S1ETXM,Kary Hendrixson,Prospecting,Engaging,2017-03-24,11
ST-003196,21S1ETXM,Kary Hendrixson,Engaging,Lost,2017-04-03,10
ST-003197,54JFGNXN,Lajuana Vencill,Prospecting,Engaging,2017-03-24,9
ST-003198,54JFGNXN,Lajuana Vencill,Engaging,Won,2017-05-27,64
ST-003199,WLXPA3LB,Lajuana Vencill,Prospecting,Engaging,2017-03-24,6
ST-003200,WLXPA3LB,Lajuana Vencill,Engaging,Won,2017-06-30,98
ST-003201,3WQMBMSN,Marty Freudenburg,Prospecting,Engaging,2017-03-24,30
ST-003202,3WQMBMSN,Marty Freudenburg,Engaging,Won,2017-06-30,98
ST-003203,XIKWT7HM,Marty Freudenburg,Prospecting,Engaging,2017-03-24,29
ST-003204,XIKWT7HM,Marty Freudenburg,Engaging,Won,2017-03-26,2
ST-003205,J9QQVBQX,Maureen Marcano,Prospecting,Engaging,2017-03-24,17
ST-003206,J9QQVBQX,Maureen Marcano,Engaging,Lost,2017-04-01,8
ST-003207,I51MJ7PP,Maureen Marcano,Prospecting,Engaging,2017-03-24,5
ST-003208,I51MJ7PP,Maureen Marcano,Engaging,Won,2017-06-30,98
ST-003209,V690FQG4,Maureen Marcano,Prospecting,Engaging,2017-03-24,24
ST-003210,V690FQG4,Maureen Marcano,Engaging,Won,2017-05-26,63
ST-003211,OSB9S3PI,Moses Frase,Prospecting,Engaging,2017-03-24,9
ST-003212,OSB9S3PI,Moses Frase,Engaging,Lost,2017-05-23,60
ST-003213,JWRSTAU8,Moses Frase,Prospecting,Engaging,2017-03-24,23
ST-003214,JWRSTAU8,Moses Frase,Engaging,Won,2017-06-12,80
ST-003215,YYAZ4JBY,Reed Clapper,Prospecting,Engaging,2017-03-24,23
ST-003216,YYAZ4JBY,Reed Clapper,Engaging,Won,2017-04-03,10
ST-003217,8SEGAAT7,Versie Hillebrand,Prospecting,Engaging,2017-03-24,22
ST-003218,8SEGAAT7,Versie Hillebrand,Engaging,Lost,2017-04-03,10
ST-003219,4L36DJTM,Versie Hillebrand,Prospecting,Engaging,2017-03-24,3
ST-003220,4L36DJTM,Versie Hillebrand,Engaging,Won,2017-04-02,9
ST-003221,YB20NWM1,Vicki Laflamme,Prospecting,Engaging,2017-03-24,4
ST-003222,7Z3S4XV9,Vicki Laflamme,Prospecting,Engaging,2017-03-24,28
ST-003223,7Z3S4XV9,Vicki Laflamme,Engaging,Lost,2017-04-03,10
ST-003224,SQOW8W0G,Violet Mclelland,Prospecting,Engaging,2017-03-24,13
ST-003225,SQOW8W0G,Violet Mclelland,Engaging,Lost,2017-05-05,42
ST-003226,W3LGBNI2,Violet Mclelland,Prospecting,Engaging,2017-03-24,10
ST-003227,W3LGBNI2,Violet Mclelland,Engaging,Lost,2017-04-06,13
ST-003228,J2B3UZXA,Violet Mclelland,Prospecting,Engaging,2017-03-24,7
ST-003229,J2B3UZXA,Violet Mclelland,Engaging,Won,2017-03-26,2
ST-003230,43LFUTVM,Zane Levy,Prospecting,Engaging,2017-03-24,28
ST-003231,VH78FLDN,Zane Levy,Prospecting,Engaging,2017-03-24,21
ST-003232,VH78FLDN,Zane Levy,Engaging,Lost,2017-04-03,10
ST-003233,KZKMLY96,Zane Levy,Prospecting,Engaging,2017-03-24,9
ST-003234,KZKMLY96,Zane Levy,Engaging,Won,2017-03-29,5
ST-003235,9BGKQZ3H,Anna Snelling,Prospecting,Engaging,2017-03-25,5
ST-003236,9BGKQZ3H,Anna Snelling,Engaging,Lost,2017-04-03,9
ST-003237,H6NJKV4F,Boris Faz,Prospecting,Engaging,2017-03-25,29
ST-003238,H6NJKV4F,Boris Faz,Engaging,Won,2017-05-20,56
ST-003239,CMS1HUGL,Cassey Cress,Prospecting,Engaging,2017-03-25,27
ST-003240,6R6S91WE,Daniell Hammack,Prospecting,Engaging,2017-03-25,20
ST-003241,L69Q015M,Daniell Hammack,Prospecting,Engaging,2017-03-25,9
ST-003242,L69Q015M,Daniell Hammack,Engaging,Won,2017-05-19,55
ST-003243,RX3F3VIU,Darcel Schlecht,Prospecting,Engaging,2017-03-25,21
ST-003244,RX3F3VIU,Darcel Schlecht,Engaging,Lost,2017-04-02,8
ST-003245,R5I9AAFG,Elease Gluck,Prospecting,Engaging,2017-03-25,9
ST-003246,R5I9AAFG,Elease Gluck,Engaging,Lost,2017-05-25,61
ST-003247,JQ3HJFNA,Garret Kinder,Prospecting,Engaging,2017-03-25,29
ST-003248,JQ3HJFNA,Garret Kinder,Engaging,Won,2017-03-28,3
ST-003249,XCC1C1GG,Gladys Colclough,Prospecting,Engaging,2017-03-25,30
ST-003250,XCC1C1GG,Gladys Colclough,Engaging,Won,2017-04-03,9
ST-003251,WI1HQSIS,Gladys Colclough,Prospecting,Engaging,2017-03-25,10
ST-003252,WI1HQSIS,Gladys Colclough,Engaging,Won,2017-06-14,81
ST-003253,LCTI4CFV,Gladys Colclough,Prospecting,Engaging,2017-03-25,13
ST-003254,LCTI4CFV,Gladys Colclough,Engaging,Won,2017-06-16,83
ST-003255,3T64Z7DB,Kami Bicknell,Prospecting,Engaging,2017-03-25,27
ST-003256,3F2ZPCSL,Kary Hendrixson,Prospecting,Engaging,2017-03-25,7
ST-003257,8GMDSXYY,Markita Hansen,Prospecting,Engaging,2017-03-25,28
ST-003258,8GMDSXYY,Markita Hansen,Engaging,Won,2017-04-06,12
ST-003259,QLTDWAEM,Marty Freudenburg,Prospecting,Engaging,2017-03-25,22
ST-003260,QLTDWAEM,Marty Freudenburg,Engaging,Won,2017-06-19,86
ST-003261,XFB1VXQY,Maureen Marcano,Prospecting,Engaging,2017-03-25,3
ST-003262,UB8M6I5R,Maureen Marcano,Prospecting,Engaging,2017-03-25,11
ST-003263,UB8M6I5R,Maureen Marcano,Engaging,Won,2017-06-30,97
ST-003264,EBTJPEEY,Niesha Huffines,Prospecting,Engaging,2017-03-25,30
ST-003265,EBTJPEEY,Niesha Huffines,Engaging,Won,2017-05-31,67
ST-003266,ATW70WX1,Reed Clapper,Prospecting,Engaging,2017-03-25,7
ST-003267,ATW70WX1,Reed Clapper,Engaging,Lost,2017-04-05,11
ST-003268,9DBMY3OF,Vicki Laflamme,Prospecting,Engaging,2017-03-25,7
ST-003269,9DBMY3OF,Vicki Laflamme,Engaging,Lost,2017-04-04,10
ST-003270,HRV9DSYF,Vicki Laflamme,Prospecting,Engaging,2017-03-25,20
ST-003271,HRV9DSYF,Vicki Laflamme,Engaging,Won,2017-04-03,9
ST-003272,MNC7Q3JJ,Vicki Laflamme,Prospecting,Engaging,2017-03-25,11
ST-003273,MNC7Q3JJ,Vicki Laflamme,Engaging,Won,2017-06-21,88
ST-003274,TJ03NDNX,Violet Mclelland,Prospecting,Engaging,2017-03-25,28
ST-003275,E3WWC6FJ,Violet Mclelland,Prospecting,Engaging,2017-03-25,8
ST-003276,E3WWC6FJ,Violet Mclelland,Engaging,Won,2017-04-02,8
ST-003277,QKKZQJ46,Violet Mclelland,Prospecting,Engaging,2017-03-25,6
ST-003278,QKKZQJ46,Violet Mclelland,Engaging,Won,2017-06-16,83
ST-003279,VRYR5A81,Wilburn Farren,Prospecting,Engaging,2017-03-25,24
ST-003280,M52B4VC5,Anna Snelling,Prospecting,Engaging,2017-03-26,30
ST-003281,M52B4VC5,Anna Snelling,Engaging,Lost,2017-04-04,9
ST-003282,Z72Y3C3C,Anna Snelling,Prospecting,Engaging,2017-03-26,3
ST-003283,Z72Y3C3C,Anna Snelling,Engaging,Won,2017-04-04,9
ST-003284,FQPPZ9NQ,Cassey Cress,Prospecting,Engaging,2017-03-26,7
ST-003285,FQPPZ9NQ,Cassey Cress,Engaging,Won,2017-05-25,60
ST-003286,DUHS8KVY,Daniell Hammack,Prospecting,Engaging,2017-03-26,3
ST-003287,DUHS8KVY,Daniell Hammack,Engaging,Won,2017-04-05,10
ST-003288,M72CT8RN,Daniell Hammack,Prospecting,Engaging,2017-03-26,14
ST-003289,M72CT8RN,Daniell Hammack,Engaging,Won,2017-04-05,10
ST-003290,XBFTCRLN,Darcel Schlecht,Prospecting,Engaging,2017-03-26,28
ST-003291,XBFTCRLN,Darcel Schlecht,Engaging,Won,2017-04-04,9
ST-003292,3ZILMRQK,Donn Cantrell,Prospecting,Engaging,2017-03-26,28
ST-003293,3ZILMRQK,Donn Cantrell,Engaging,Lost,2017-05-28,63
ST-003294,FZ72CGOI,Garret Kinder,Prospecting,Engaging,2017-03-26,10
ST-003295,FZ72CGOI,Garret Kinder,Engaging,Lost,2017-06-25,91
ST-003296,72HZ4LDT,Garret Kinder,Prospecting,Engaging,2017-03-26,21
ST-003297,72HZ4LDT,Garret Kinder,Engaging,Won,2017-04-02,7
ST-003298,J6OQS0AU,Hayden Neloms,Prospecting,Engaging,2017-03-26,13
ST-003299,4X3LNCWH,Hayden Neloms,Prospecting,Engaging,2017-03-26,3
ST-003300,4X3LNCWH,Hayden Neloms,Engaging,Won,2017-04-04,9
ST-003301,97PFKCPG,James Ascencio,Prospecting,Engaging,2017-03-26,8
ST-003302,FB9M4FR7,James Ascencio,Prospecting,Engaging,2017-03-26,11
ST-003303,CMPFB2PS,Jonathan Berthelot,Prospecting,Engaging,2017-03-26,4
ST-003304,CMPFB2PS,Jonathan Berthelot,Engaging,Lost,2017-04-02,7
ST-003305,61HW4ELT,Kami Bicknell,Prospecting,Engaging,2017-03-26,7
ST-003306,61HW4ELT,Kami Bicknell,Engaging,Lost,2017-05-31,66
ST-003307,F481S8G3,Kami Bicknell,Prospecting,Engaging,2017-03-26,26
ST-003308,F481S8G3,Kami Bicknell,Engaging,Won,2017-05-22,57
ST-003309,5G4I94TF,Kary Hendrixson,Prospecting,Engaging,2017-03-26,16
ST-003310,677XNEFB,Markita Hansen,Prospecting,Engaging,2017-03-26,19
ST-003311,677XNEFB,Markita Hansen,Engaging,Won,2017-06-18,84
ST-003312,7L0S5EON,Marty Freudenburg,Prospecting,Engaging,2017-03-26,6
ST-003313,7L0S5EON,Marty Freudenburg,Engaging,Lost,2017-04-03,8
ST-003314,A3D8MRDX,Niesha Huffines,Prospecting,Engaging,2017-03-26,26
ST-003315,A3D8MRDX,Niesha Huffines,Engaging,Won,2017-05-12,47
ST-003316,YE6R6I1K,Reed Clapper,Prospecting,Engaging,2017-03-26,5
ST-003317,YE6R6I1K,Reed Clapper,Engaging,Won,2017-05-29,64
ST-003318,JXUXBANJ,Rosalina Dieter,Prospecting,Engaging,2017-03-26,18
ST-003319,JXUXBANJ,Rosalina Dieter,Engaging,Won,2017-04-05,10
ST-003320,UWPUJESS,Versie Hillebrand,Prospecting,Engaging,2017-03-26,17
ST-003321,UWPUJESS,Versie Hillebrand,Engaging,Lost,2017-05-25,60
ST-003322,HSTXUOVW,Vicki Laflamme,Prospecting,Engaging,2017-03-26,27
ST-003323,HSTXUOVW,Vicki Laflamme,Engaging,Lost,2017-05-06,41
ST-003324,2ZT298DY,Zane Levy,Prospecting,Engaging,2017-03-26,14
ST-003325,2ZT298DY,Zane Levy,Engaging,Lost,2017-04-04,9
ST-003326,Z769EPTS,Zane Levy,Prospecting,Engaging,2017-03-26,19
ST-003327,Z769EPTS,Zane Levy,Engaging,Lost,2017-05-14,49
ST-003328,GOIVV4OG,Cecily Lampkin,Prospecting,Engaging,2017-03-27,21
ST-003329,GOIVV4OG,Cecily Lampkin,Engaging,Won,2017-05-29,63
ST-003330,CJOU1RYX,Daniell Hammack,Prospecting,Engaging,2017-03-27,6
ST-003331,CJOU1RYX,Daniell Hammack,Engaging,Won,2017-06-09,74
ST-003332,5OVTFUNQ,Darcel Schlecht,Prospecting,Engaging,2017-03-27,17
ST-003333,5OVTFUNQ,Darcel Schlecht,Engaging,Lost,2017-04-05,9
ST-003334,0RNYAI6O,Darcel Schlecht,Prospecting,Engaging,2017-03-27,19
ST-003335,0RNYAI6O,Darcel Schlecht,Engaging,Lost,2017-04-07,11
ST-003336,NSI9TMQ1,Garret Kinder,Prospecting,Engaging,2017-03-27,10
ST-003337,NSI9TMQ1,Garret Kinder,Engaging,Lost,2017-05-31,65
ST-003338,2QQD7411,James Ascencio,Prospecting,Engaging,2017-03-27,22
ST-003339,2QQD7411,James Ascencio,Engaging,Won,2017-05-25,59
ST-003340,XR57MBVC,James Ascencio,Prospecting,Engaging,2017-03-27,4
ST-003341,XR57MBVC,James Ascencio,Engaging,Won,2017-05-01,35
ST-003342,8BY9YRL9,Jonathan Berthelot,Prospecting,Engaging,2017-03-27,26
ST-003343,8BY9YRL9,Jonathan Berthelot,Engaging,Won,2017-06-26,91
ST-003344,7PWQUE7O,Markita Hansen,Prospecting,Engaging,2017-03-27,28
ST-003345,7PWQUE7O,Markita Hansen,Engaging,Lost,2017-04-02,6
ST-003346,ELCQKUQU,Markita Hansen,Prospecting,Engaging,2017-03-27,30
ST-003347,ELCQKUQU,Markita Hansen,Engaging,Lost,2017-04-06,10
ST-003348,CVPH0J04,Markita Hansen,Prospecting,Engaging,2017-03-27,24
ST-003349,CVPH0J04,Markita Hansen,Engaging,Won,2017-06-26,91
ST-003350,H8CLNRM2,Maureen Marcano,Prospecting,Engaging,2017-03-27,19
ST-003351,H8CLNRM2,Maureen Marcano,Engaging,Won,2017-05-26,60
ST-003352,MJBD6V39,Moses Frase,Prospecting,Engaging,2017-03-27,12
ST-003353,MJBD6V39,Moses Frase,Engaging,Lost,2017-05-01,35
ST-003354,GQQ01OO5,Reed Clapper,Prospecting,Engaging,2017-03-27,17
ST-003355,GQQ01OO5,Reed Clapper,Engaging,Lost,2017-05-15,49
ST-003356,B85LVFR1,Reed Clapper,Prospecting,Engaging,2017-03-27,23
ST-003357,B85LVFR1,Reed Clapper,Engaging,Won,2017-04-05,9
ST-003358,U8XA7JCO,Versie Hillebrand,Prospecting,Engaging,2017-03-27,3
ST-003359,U8XA7JCO,Versie Hillebrand,Engaging,Won,2017-06-28,93
ST-003360,0QPZIIPF,Vicki Laflamme,Prospecting,Engaging,2017-03-27,4
ST-003361,2GR73FEV,Zane Levy,Prospecting,Engaging,2017-03-27,18
ST-003362,2GR73FEV,Zane Levy,Engaging,Lost,2017-04-03,7
ST-003363,AV4ZPXE3,Zane Levy,Prospecting,Engaging,2017-03-27,30
ST-003364,AV4ZPXE3,Zane Levy,Engaging,Won,2017-04-03,7
ST-003365,X8QV83G1,Anna Snelling,Prospecting,Engaging,2017-03-28,15
ST-003366,X8QV83G1,Anna Snelling,Engaging,Lost,2017-04-08,11
ST-003367,T1ZYZ70B,Anna Snelling,Prospecting,Engaging,2017-03-28,16
ST-003368,T1ZYZ70B,Anna Snelling,Engaging,Lost,2017-06-08,72
ST-003369,RO6QLRCX,Cassey Cress,Prospecting,Engaging,2017-03-28,24
ST-003370,RO6QLRCX,Cassey Cress,Engaging,Won,2017-05-30,63
ST-003371,6FT804V9,Cecily Lampkin,Prospecting,Engaging,2017-03-28,6
ST-003372,6FT804V9,Cecily Lampkin,Engaging,Lost,2017-04-06,9
ST-003373,SKTAI2GS,Cecily Lampkin,Prospecting,Engaging,2017-03-28,18
ST-003374,SKTAI2GS,Cecily Lampkin,Engaging,Won,2017-04-08,11
ST-003375,YIGSYPWD,Corliss Cosme,Prospecting,Engaging,2017-03-28,25
ST-003376,YIGSYPWD,Corliss Cosme,Engaging,Lost,2017-04-07,10
ST-003377,9IP0C0IR,Corliss Cosme,Prospecting,Engaging,2017-03-28,17
ST-003378,9IP0C0IR,Corliss Cosme,Engaging,Lost,2017-05-28,61
ST-003379,E06J9PDT,Darcel Schlecht,Prospecting,Engaging,2017-03-28,5
ST-003380,E06J9PDT,Darcel Schlecht,Engaging,Lost,2017-04-06,9
ST-003381,3OLESA9M,Darcel Schlecht,Prospecting,Engaging,2017-03-28,5
ST-003382,3OLESA9M,Darcel Schlecht,Engaging,Lost,2017-04-03,6
ST-003383,3O7PIS8O,Darcel Schlecht,Prospecting,Engaging,2017-03-28,13
ST-003384,3O7PIS8O,Darcel Schlecht,Engaging,Won,2017-04-09,12
ST-003385,FAV4HHP4,Donn Cantrell,Prospecting,Engaging,2017-03-28,22
ST-003386,FAV4HHP4,Donn Cantrell,Engaging,Won,2017-06-03,67
ST-003387,LOMFB71Q,Gladys Colclough,Prospecting,Engaging,2017-03-28,7
ST-003388,LOMFB71Q,Gladys Colclough,Engaging,Lost,2017-04-03,6
ST-003389,C334XDK8,Hayden Neloms,Prospecting,Engaging,2017-03-28,5
ST-003390,C334XDK8,Hayden Neloms,Engaging,Won,2017-04-08,11
ST-003391,R707GGNA,James Ascencio,Prospecting,Engaging,2017-03-28,7
ST-003392,R707GGNA,James Ascencio,Engaging,Won,2017-06-26,90
ST-003393,EP81D4IN,James Ascencio,Prospecting,Engaging,2017-03-28,11
ST-003394,EP81D4IN,James Ascencio,Engaging,Won,2017-06-25,89
ST-003395,UWZ7DFKY,Lajuana Vencill,Prospecting,Engaging,2017-03-28,22
ST-003396,UWZ7DFKY,Lajuana Vencill,Engaging,Won,2017-06-06,70
ST-003397,7SH51ME1,Markita Hansen,Prospecting,Engaging,2017-03-28,23
ST-003398,7SH51ME1,Markita Hansen,Engaging,Won,2017-06-27,91
ST-003399,DFFEQ87N,Maureen Marcano,Prospecting,Engaging,2017-03-28,21
ST-003400,QPH1YUAN,Maureen Marcano,Prospecting,Engaging,2017-03-28,20
ST-003401,QPH1YUAN,Maureen Marcano,Engaging,Lost,2017-04-04,7
ST-003402,7PV7V1RP,Maureen Marcano,Prospecting,Engaging,2017-03-28,25
ST-003403,7PV7V1RP,Maureen Marcano,Engaging,Lost,2017-05-26,59
ST-003404,C2WEF4XH,Maureen Marcano,Prospecting,Engaging,2017-03-28,13
ST-003405,C2WEF4XH,Maureen Marcano,Engaging,Won,2017-05-15,48
ST-003406,5G645WYV,Moses Frase,Prospecting,Engaging,2017-03-28,15
ST-003407,5G645WYV,Moses Frase,Engaging,Won,2017-04-07,10
ST-003408,5M3Z5DS4,Niesha Huffines,Prospecting,Engaging,2017-03-28,22
ST-003409,5M3Z5DS4,Niesha Huffines,Engaging,Won,2017-04-05,8
ST-003410,CR20TBUT,Rosalina Dieter,Prospecting,Engaging,2017-03-28,19
ST-003411,CR20TBUT,Rosalina Dieter,Engaging,Won,2017-04-02,5
ST-003412,M5E8U8HP,Rosie Papadopoulos,Prospecting,Engaging,2017-03-28,12
ST-003413,M5E8U8HP,Rosie Papadopoulos,Engaging,Won,2017-05-29,62
ST-003414,BXK5HGEY,Vicki Laflamme,Prospecting,Engaging,2017-03-28,17
ST-003415,XXUGTDX7,Vicki Laflamme,Prospecting,Engaging,2017-03-28,19
ST-003416,LWXHKI88,Vicki Laflamme,Prospecting,Engaging,2017-03-28,22
ST-003417,9VEB4KWV,Violet Mclelland,Prospecting,Engaging,2017-03-28,16
ST-003418,9VEB4KWV,Violet Mclelland,Engaging,Lost,2017-04-07,10
ST-003419,9S7VQ79A,Zane Levy,Prospecting,Engaging,2017-03-28,6
ST-003420,9S7VQ79A,Zane Levy,Engaging,Won,2017-03-30,2
ST-003421,1MQFYGEE,Cecily Lampkin,Prospecting,Engaging,2017-03-29,28
ST-003422,1MQFYGEE,Cecily Lampkin,Engaging,Won,2017-06-03,66
ST-003423,4G10PCOZ,Daniell Hammack,Prospecting,Engaging,2017-03-29,25
ST-003424,4G10PCOZ,Daniell Hammack,Engaging,Lost,2017-04-02,4
ST-003425,DLZYL69K,Daniell Hammack,Prospecting,Engaging,2017-03-29,6
ST-003426,DLZYL69K,Daniell Hammack,Engaging,Won,2017-06-02,65
ST-003427,KYQ50DTU,Darcel Schlecht,Prospecting,Engaging,2017-03-29,30
ST-003428,KYQ50DTU,Darcel Schlecht,Engaging,Lost,2017-04-06,8
ST-003429,FRIVBOOA,Darcel Schlecht,Prospecting,Engaging,2017-03-29,23
ST-003430,FRIVBOOA,Darcel Schlecht,Engaging,Won,2017-06-16,79
ST-003431,7ASDRLM5,Donn Cantrell,Prospecting,Engaging,2017-03-29,23
ST-003432,7ASDRLM5,Donn Cantrell,Engaging,Won,2017-05-11,43
ST-003433,0HB6OUIN,Gladys Colclough,Prospecting,Engaging,2017-03-29,27
ST-003434,0HB6OUIN,Gladys Colclough,Engaging,Lost,2017-05-20,52
ST-003435,UWK0KA56,Gladys Colclough,Prospecting,Engaging,2017-03-29,20
ST-003436,UWK0KA56,Gladys Colclough,Engaging,Lost,2017-04-05,7
ST-003437,CCVCBR83,Jonathan Berthelot,Prospecting,Engaging,2017-03-29,26
ST-003438,CCVCBR83,Jonathan Berthelot,Engaging,Won,2017-04-05,7
ST-003439,I6U62W0R,Kami Bicknell,Prospecting,Engaging,2017-03-29,30
ST-003440,SV2VJ3VH,Kami Bicknell,Prospecting,Engaging,2017-03-29,9
ST-003441,SV2VJ3VH,Kami Bicknell,Engaging,Lost,2017-05-05,37
ST-003442,ASL3FJZP,Kami Bicknell,Prospecting,Engaging,2017-03-29,16
ST-003443,ASL3FJZP,Kami Bicknell,Engaging,Won,2017-04-07,9
ST-003444,EB89ONZN,Kary Hendrixson,Prospecting,Engaging,2017-03-29,17
ST-003445,0S4K915N,Kary Hendrixson,Prospecting,Engaging,2017-03-29,10
ST-003446,0S4K915N,Kary Hendrixson,Engaging,Lost,2017-05-20,52
ST-003447,8IJOC37Z,Kary Hendrixson,Prospecting,Engaging,2017-03-29,16
ST-003448,8IJOC37Z,Kary Hendrixson,Engaging,Won,2017-06-28,91
ST-003449,28BIO7F9,Marty Freudenburg,Prospecting,Engaging,2017-03-29,13
ST-003450,28BIO7F9,Marty Freudenburg,Engaging,Won,2017-06-02,65
ST-003451,9B5T5QTA,Maureen Marcano,Prospecting,Engaging,2017-03-29,29
ST-003452,9B5T5QTA,Maureen Marcano,Engaging,Lost,2017-04-04,6
ST-003453,9ZDFLOKA,Maureen Marcano,Prospecting,Engaging,2017-03-29,17
ST-003454,9ZDFLOKA,Maureen Marcano,Engaging,Won,2017-04-07,9
ST-003455,8FXUNDUS,Moses Frase,Prospecting,Engaging,2017-03-29,15
ST-003456,8FXUNDUS,Moses Frase,Engaging,Won,2017-05-26,58
ST-003457,MLC5KY2R,Rosalina Dieter,Prospecting,Engaging,2017-03-29,16
ST-003458,MLC5KY2R,Rosalina Dieter,Engaging,Lost,2017-06-11,74
ST-003459,98YPUABG,Vicki Laflamme,Prospecting,Engaging,2017-03-29,26
ST-003460,98YPUABG,Vicki Laflamme,Engaging,Lost,2017-04-06,8
ST-003461,181X64EU,Vicki Laflamme,Prospecting,Engaging,2017-03-29,6
ST-003462,181X64EU,Vicki Laflamme,Engaging,Won,2017-04-09,11
ST-003463,XLKL4EI0,Wilburn Farren,Prospecting,Engaging,2017-03-29,13
ST-003464,XLKL4EI0,Wilburn Farren,Engaging,Lost,2017-04-10,12
ST-003465,5RUF6451,Wilburn Farren,Prospecting,Engaging,2017-03-29,16
ST-003466,5RUF6451,Wilburn Farren,Engaging,Won,2017-04-04,6
ST-003467,G67668KN,Zane Levy,Prospecting,Engaging,2017-03-29,13
ST-003468,G67668KN,Zane Levy,Engaging,Lost,2017-05-16,48
ST-003469,4SAUJMOI,Boris Faz,Prospecting,Engaging,2017-03-30,24
ST-003470,4SAUJMOI,Boris Faz,Engaging,Lost,2017-04-01,2
ST-003471,B2H3P25L,Boris Faz,Prospecting,Engaging,2017-03-30,11
ST-003472,B2H3P25L,Boris Faz,Engaging,Lost,2017-04-07,8
ST-003473,DF19VWL4,Cassey Cress,Prospecting,Engaging,2017-03-30,14
ST-003474,DF19VWL4,Cassey Cress,Engaging,Won,2017-04-06,7
ST-003475,ZIZXHX09,Cassey Cress,Prospecting,Engaging,2017-03-30,7
ST-003476,ZIZXHX09,Cassey Cress,Engaging,Won,2017-04-07,8
ST-003477,70GGNRPB,Cecily Lampkin,Prospecting,Engaging,2017-03-30,24
ST-003478,70GGNRPB,Cecily Lampkin,Engaging,Lost,2017-04-11,12
ST-003479,0VYX8TN3,Cecily Lampkin,Prospecting,Engaging,2017-03-30,18
ST-003480,0VYX8TN3,Cecily Lampkin,Engaging,Lost,2017-04-09,10
ST-003481,JPJ3A9T8,Cecily Lampkin,Prospecting,Engaging,2017-03-30,5
ST-003482,JPJ3A9T8,Cecily Lampkin,Engaging,Won,2017-05-19,50
ST-003483,1A86ZD0B,Corliss Cosme,Prospecting,Engaging,2017-03-30,5
ST-003484,1A86ZD0B,Corliss Cosme,Engaging,Won,2017-06-26,88
ST-003485,PMQ4M2UX,Daniell Hammack,Prospecting,Engaging,2017-03-30,29
ST-003486,PMQ4M2UX,Daniell Hammack,Engaging,Lost,2017-04-07,8
ST-003487,OFQCCQ6I,Daniell Hammack,Prospecting,Engaging,2017-03-30,5
ST-003488,OFQCCQ6I,Daniell Hammack,Engaging,Won,2017-06-23,85
ST-003489,3Z2BQVQ7,Darcel Schlecht,Prospecting,Engaging,2017-03-30,5
ST-003490,3Z2BQVQ7,Darcel Schlecht,Engaging,Lost,2017-04-01,2
ST-003491,57FO8KSQ,Darcel Schlecht,Prospecting,Engaging,2017-03-30,16
ST-003492,57FO8KSQ,Darcel Schlecht,Engaging,Lost,2017-04-07,8
ST-003493,3VQOFPW7,Darcel Schlecht,Prospecting,Engaging,2017-03-30,6
ST-003494,3VQOFPW7,Darcel Schlecht,Engaging,Lost,2017-05-17,48
ST-003495,HMKFBTYR,Darcel Schlecht,Prospecting,Engaging,2017-03-30,26
ST-003496,HMKFBTYR,Darcel Schlecht,Engaging,Won,2017-06-20,82
ST-003497,RMO3I92N,Donn Cantrell,Prospecting,Engaging,2017-03-30,26
ST-003498,RMO3I92N,Donn Cantrell,Engaging,Lost,2017-04-11,12
ST-003499,2AV40FHB,Donn Cantrell,Prospecting,Engaging,2017-03-30,14
ST-003500,2AV40FHB,Donn Cantrell,Engaging,Lost,2017-04-01,2
ST-003501,OUR875IK,Donn Cantrell,Prospecting,Engaging,2017-03-30,28
ST-003502,OUR875IK,Donn Cantrell,Engaging,Won,2017-04-06,7
ST-003503,LUFY70BU,Elease Gluck,Prospecting,Engaging,2017-03-30,7
ST-003504,LUFY70BU,Elease Gluck,Engaging,Lost,2017-04-04,5
ST-003505,1OUHMFJV,Garret Kinder,Prospecting,Engaging,2017-03-30,20
ST-003506,1OUHMFJV,Garret Kinder,Engaging,Won,2017-05-31,62
ST-003507,GMNQUFQZ,Kami Bicknell,Prospecting,Engaging,2017-03-30,4
ST-003508,GMNQUFQZ,Kami Bicknell,Engaging,Won,2017-04-01,2
ST-003509,YWF7W7H8,Lajuana Vencill,Prospecting,Engaging,2017-03-30,21
ST-003510,YWF7W7H8,Lajuana Vencill,Engaging,Won,2017-04-07,8
ST-003511,120BESB3,Markita Hansen,Prospecting,Engaging,2017-03-30,20
ST-003512,120BESB3,Markita Hansen,Engaging,Lost,2017-04-09,10
ST-003513,HPSSENGT,Marty Freudenburg,Prospecting,Engaging,2017-03-30,20
ST-003514,HPSSENGT,Marty Freudenburg,Engaging,Lost,2017-04-06,7
ST-003515,8TXOC3S3,Moses Frase,Prospecting,Engaging,2017-03-30,13
ST-003516,8TXOC3S3,Moses Frase,Engaging,Lost,2017-04-11,12
ST-003517,N55VF08D,Moses Frase,Prospecting,Engaging,2017-03-30,24
ST-003518,N55VF08D,Moses Frase,Engaging,Won,2017-05-20,51
ST-003519,265SZR01,Rosalina Dieter,Prospecting,Engaging,2017-03-30,6
ST-003520,265SZR01,Rosalina Dieter,Engaging,Won,2017-06-19,81
ST-003521,NFMCPYOV,Rosie Papadopoulos,Prospecting,Engaging,2017-03-30,16
ST-003522,NKO2JRRS,Rosie Papadopoulos,Prospecting,Engaging,2017-03-30,14
ST-003523,NKO2JRRS,Rosie Papadopoulos,Engaging,Won,2017-04-08,9
ST-003524,WW3NDCO2,Rosie Papadopoulos,Prospecting,Engaging,2017-03-30,30
ST-003525,WW3NDCO2,Rosie Papadopoulos,Engaging,Won,2017-04-08,9
ST-003526,DGPI60HG,Versie Hillebrand,Prospecting,Engaging,2017-03-30,24
ST-003527,DGPI60HG,Versie Hillebrand,Engaging,Won,2017-06-09,71
ST-003528,06DUY829,Versie Hillebrand,Prospecting,Engaging,2017-03-30,27
ST-003529,06DUY829,Versie Hillebrand,Engaging,Won,2017-04-08,9
ST-003530,2VDN72EP,Vicki Laflamme,Prospecting,Engaging,2017-03-30,16
ST-003531,HOG5OE78,Vicki Laflamme,Prospecting,Engaging,2017-03-30,30
ST-003532,HOG5OE78,Vicki Laflamme,Engaging,Lost,2017-04-08,9
ST-003533,PLM5WEY4,Vicki Laflamme,Prospecting,Engaging,2017-03-30,26
ST-003534,PLM5WEY4,Vicki Laflamme,Engaging,Won,2017-04-06,7
ST-003535,Z9QZKUV5,Zane Levy,Prospecting,Engaging,2017-03-30,4
ST-003536,EWQVZB85,Zane Levy,Prospecting,Engaging,2017-03-30,12
ST-003537,EWQVZB85,Zane Levy,Engaging,Won,2017-04-10,11
ST-003538,SFFFNT6B,Anna Snelling,Prospecting,Engaging,2017-03-31,22
ST-003539,SFFFNT6B,Anna Snelling,Engaging,Lost,2017-04-07,7
ST-003540,99AAJPQN,Anna Snelling,Prospecting,Engaging,2017-03-31,12
ST-003541,99AAJPQN,Anna Snelling,Engaging,Won,2017-06-15,76
ST-003542,JW2FHT1G,Anna Snelling,Prospecting,Engaging,2017-03-31,14
ST-003543,JW2FHT1G,Anna Snelling,Engaging,Won,2017-04-08,8
ST-003544,08KE6ZQN,Boris Faz,Prospecting,Engaging,2017-03-31,6
ST-003545,08KE6ZQN,Boris Faz,Engaging,Won,2017-04-01,1
ST-003546,WW1WV7IT,Cassey Cress,Prospecting,Engaging,2017-03-31,21
ST-003547,0WVCRCOU,Cassey Cress,Prospecting,Engaging,2017-03-31,19
ST-003548,0WVCRCOU,Cassey Cress,Engaging,Lost,2017-04-01,1
ST-003549,V5QIL0HU,Cassey Cress,Prospecting,Engaging,2017-03-31,9
ST-003550,V5QIL0HU,Cassey Cress,Engaging,Lost,2017-04-07,7
ST-003551,T0VJ4AMX,Corliss Cosme,Prospecting,Engaging,2017-03-31,7
ST-003552,WLS5J30E,Elease Gluck,Prospecting,Engaging,2017-03-31,24
ST-003553,F52YEFJ8,Gladys Colclough,Prospecting,Engaging,2017-03-31,18
ST-003554,F52YEFJ8,Gladys Colclough,Engaging,Lost,2017-04-02,2
ST-003555,OZDJFUHH,Hayden Neloms,Prospecting,Engaging,2017-03-31,10
ST-003556,OZDJFUHH,Hayden Neloms,Engaging,Won,2017-04-09,9
ST-003557,BUPUP2TV,Hayden Neloms,Prospecting,Engaging,2017-03-31,30
ST-003558,BUPUP2TV,Hayden Neloms,Engaging,Won,2017-06-04,65
ST-003559,HTQO5XIW,James Ascencio,Prospecting,Engaging,2017-03-31,6
ST-003560,HTQO5XIW,James Ascencio,Engaging,Won,2017-04-08,8
ST-003561,XCBKZWDX,Kami Bicknell,Prospecting,Engaging,2017-03-31,14
ST-003562,XCBKZWDX,Kami Bicknell,Engaging,Lost,2017-06-20,81
ST-003563,W7F056RK,Kami Bicknell,Prospecting,Engaging,2017-03-31,30
ST-003564,W7F056RK,Kami Bicknell,Engaging,Won,2017-04-01,1
ST-003565,LIQZNH9U,Kary Hendrixson,Prospecting,Engaging,2017-03-31,20
ST-003566,P9LE92UR,Kary Hendrixson,Prospecting,Engaging,2017-03-31,14
ST-003567,9LZICBEV,Kary Hendrixson,Prospecting,Engaging,2017-03-31,6
ST-003568,9LZICBEV,Kary Hendrixson,Engaging,Lost,2017-04-01,1
ST-003569,YAKIMBKC,Kary Hendrixson,Prospecting,Engaging,2017-03-31,27
ST-003570,YAKIMBKC,Kary Hendrixson,Engaging,Won,2017-04-02,2
ST-003571,FHU2WQ2K,Kary Hendrixson,Prospecting,Engaging,2017-03-31,11
ST-003572,FHU2WQ2K,Kary Hendrixson,Engaging,Won,2017-04-01,1
ST-003573,VF651O1V,Markita Hansen,Prospecting,Engaging,2017-03-31,21
ST-003574,VF651O1V,Markita Hansen,Engaging,Lost,2017-04-12,12
ST-003575,ISHAZTWG,Maureen Marcano,Prospecting,Engaging,2017-03-31,10
ST-003576,ISHAZTWG,Maureen Marcano,Engaging,Lost,2017-04-12,12
ST-003577,0XIPT9AX,Maureen Marcano,Prospecting,Engaging,2017-03-31,28
ST-003578,0XIPT9AX,Maureen Marcano,Engaging,Won,2017-04-10,10
ST-003579,UURLD9W8,Maureen Marcano,Prospecting,Engaging,2017-03-31,16
ST-003580,UURLD9W8,Maureen Marcano,Engaging,Won,2017-04-11,11
ST-003581,Y975VCYM,Reed Clapper,Prospecting,Engaging,2017-03-31,30
ST-003582,Y975VCYM,Reed Clapper,Engaging,Lost,2017-04-12,12
ST-003583,OPYWK3XE,Rosalina Dieter,Prospecting,Engaging,2017-03-31,20
ST-003584,OPYWK3XE,Rosalina Dieter,Engaging,Lost,2017-04-05,5
ST-003585,2VTBUOXA,Rosalina Dieter,Prospecting,Engaging,2017-03-31,27
ST-003586,2VTBUOXA,Rosalina Dieter,Engaging,Lost,2017-05-30,60
ST-003587,6YEF304L,Rosalina Dieter,Prospecting,Engaging,2017-03-31,29
ST-003588,6YEF304L,Rosalina Dieter,Engaging,Won,2017-04-07,7
ST-003589,6AALZVSE,Rosalina Dieter,Prospecting,Engaging,2017-03-31,22
ST-003590,6AALZVSE,Rosalina Dieter,Engaging,Won,2017-04-02,2
ST-003591,JF9CTPPZ,Versie Hillebrand,Prospecting,Engaging,2017-03-31,22
ST-003592,JF9CTPPZ,Versie Hillebrand,Engaging,Won,2017-06-30,91
ST-003593,LAH7932Y,Versie Hillebrand,Prospecting,Engaging,2017-03-31,24
ST-003594,LAH7932Y,Versie Hillebrand,Engaging,Won,2017-05-17,47
ST-003595,DOGKQHQP,Vicki Laflamme,Prospecting,Engaging,2017-03-31,23
ST-003596,CLOSEH5L,Vicki Laflamme,Prospecting,Engaging,2017-03-31,20
ST-003597,CLOSEH5L,Vicki Laflamme,Engaging,Lost,2017-04-09,9
ST-003598,ZT6XPQR0,Vicki Laflamme,Prospecting,Engaging,2017-03-31,3
ST-003599,ZT6XPQR0,Vicki Laflamme,Engaging,Won,2017-06-28,89
ST-003600,MUHI7FIM,Vicki Laflamme,Prospecting,Engaging,2017-03-31,22
ST-003601,MUHI7FIM,Vicki Laflamme,Engaging,Won,2017-04-12,12
ST-003602,G3SJ8X1K,Violet Mclelland,Prospecting,Engaging,2017-03-31,24
ST-003603,1WSLRC69,Zane Levy,Prospecting,Engaging,2017-03-31,29
ST-003604,1WSLRC69,Zane Levy,Engaging,Won,2017-04-06,6
ST-003605,ZZJ4I52J,Anna Snelling,Prospecting,Engaging,2017-04-01,25
ST-003606,ZZJ4I52J,Anna Snelling,Engaging,Won,2017-05-05,34
ST-003607,IGVGV1O5,Boris Faz,Prospecting,Engaging,2017-04-01,11
ST-003608,IGVGV1O5,Boris Faz,Engaging,Lost,2017-04-12,11
ST-003609,JW4Q5F4Z,Cassey Cress,Prospecting,Engaging,2017-04-01,3
ST-003610,O5OCDKVH,Corliss Cosme,Prospecting,Engaging,2017-04-01,8
ST-003611,O5OCDKVH,Corliss Cosme,Engaging,Lost,2017-04-11,10
ST-003612,KKRJ6TBY,Daniell Hammack,Prospecting,Engaging,2017-04-01,11
ST-003613,TNUCQKW6,Daniell Hammack,Prospecting,Engaging,2017-04-01,25
ST-003614,TNUCQKW6,Daniell Hammack,Engaging,Lost,2017-04-03,2
ST-003615,T4NRIY5R,Darcel Schlecht,Prospecting,Engaging,2017-04-01,27
ST-003616,T4NRIY5R,Darcel Schlecht,Engaging,Won,2017-04-08,7
ST-003617,5PA21ZHE,Darcel Schlecht,Prospecting,Engaging,2017-04-01,12
ST-003618,5PA21ZHE,Darcel Schlecht,Engaging,Won,2017-04-10,9
ST-003619,MCR8YCCY,Darcel Schlecht,Prospecting,Engaging,2017-04-01,13
ST-003620,MCR8YCCY,Darcel Schlecht,Engaging,Won,2017-06-17,77
ST-003621,N4PVP6C0,Donn Cantrell,Prospecting,Engaging,2017-04-01,14
ST-003622,N4PVP6C0,Donn Cantrell,Engaging,Lost,2017-04-03,2
ST-003623,8INCUUGJ,Elease Gluck,Prospecting,Engaging,2017-04-01,3
ST-003624,8INCUUGJ,Elease Gluck,Engaging,Won,2017-06-22,82
ST-003625,CKSNW8DU,Gladys Colclough,Prospecting,Engaging,2017-04-01,8
ST-003626,CKSNW8DU,Gladys Colclough,Engaging,Lost,2017-04-11,10
ST-003627,MIY4MF3R,Hayden Neloms,Prospecting,Engaging,2017-04-01,30
ST-003628,JFB4WY8C,Jonathan Berthelot,Prospecting,Engaging,2017-04-01,7
ST-003629,JFB4WY8C,Jonathan Berthelot,Engaging,Won,2017-04-08,7
ST-003630,BP7JRV1O,Jonathan Berthelot,Prospecting,Engaging,2017-04-01,21
ST-003631,BP7JRV1O,Jonathan Berthelot,Engaging,Won,2017-06-05,65
ST-003632,OREPAY0O,Kami Bicknell,Prospecting,Engaging,2017-04-01,24
ST-003633,OREPAY0O,Kami Bicknell,Engaging,Won,2017-06-22,82
ST-003634,YLK0MRJ3,Kary Hendrixson,Prospecting,Engaging,2017-04-01,15
ST-003635,XBSZ29VJ,Kary Hendrixson,Prospecting,Engaging,2017-04-01,5
ST-003636,XBSZ29VJ,Kary Hendrixson,Engaging,Won,2017-05-24,53
ST-003637,8BRN98H6,Lajuana Vencill,Prospecting,Engaging,2017-04-01,7
ST-003638,8BRN98H6,Lajuana Vencill,Engaging,Lost,2017-04-10,9
ST-003639,VZS17M7X,Markita Hansen,Prospecting,Engaging,2017-04-01,26
ST-003640,VZS17M7X,Markita Hansen,Engaging,Won,2017-04-06,5
ST-003641,49USIHDH,Marty Freudenburg,Prospecting,Engaging,2017-04-01,23
ST-003642,49USIHDH,Marty Freudenburg,Engaging,Lost,2017-04-10,9
ST-003643,A89TBOY5,Moses Frase,Prospecting,Engaging,2017-04-01,3
ST-003644,A89TBOY5,Moses Frase,Engaging,Lost,2017-04-06,5
ST-003645,26XU4887,Niesha Huffines,Prospecting,Engaging,2017-04-01,5
ST-003646,26XU4887,Niesha Huffines,Engaging,Won,2017-04-10,9
ST-003647,QQTQFG9A,Reed Clapper,Prospecting,Engaging,2017-04-01,26
ST-003648,QQTQFG9A,Reed Clapper,Engaging,Lost,2017-04-04,3
ST-003649,7O00H1TC,Reed Clapper,Prospecting,Engaging,2017-04-01,19
ST-003650,7O00H1TC,Reed Clapper,Engaging,Lost,2017-04-02,1
ST-003651,LGTIXQ46,Rosalina Dieter,Prospecting,Engaging,2017-04-01,9
ST-003652,LGTIXQ46,Rosalina Dieter,Engaging,Won,2017-04-07,6
ST-003653,H6I16U57,Rosie Papadopoulos,Prospecting,Engaging,2017-04-01,15
ST-003654,KJBYGG1S,Rosie Papadopoulos,Prospecting,Engaging,2017-04-01,16
ST-003655,KJBYGG1S,Rosie Papadopoulos,Engaging,Won,2017-05-12,41
ST-003656,IXBUR07V,Versie Hillebrand,Prospecting,Engaging,2017-04-01,17
ST-003657,IXBUR07V,Versie Hillebrand,Engaging,Lost,2017-04-13,12
ST-003658,B6UWHOD4,Versie Hillebrand,Prospecting,Engaging,2017-04-01,13
ST-003659,B6UWHOD4,Versie Hillebrand,Engaging,Won,2017-04-02,1
ST-003660,20CVXRTX,Vicki Laflamme,Prospecting,Engaging,2017-04-01,8
ST-003661,FJ6QV5XK,Vicki Laflamme,Prospecting,Engaging,2017-04-01,14
ST-003662,FJ6QV5XK,Vicki Laflamme,Engaging,Lost,2017-04-09,8
ST-003663,4DUMR5WD,Wilburn Farren,Prospecting,Engaging,2017-04-01,12
ST-003664,4DUMR5WD,Wilburn Farren,Engaging,Lost,2017-04-09,8
ST-003665,AW3L4BTT,Zane Levy,Prospecting,Engaging,2017-04-01,26
ST-003666,AW3L4BTT,Zane Levy,Engaging,Lost,2017-04-02,1
ST-003667,RH805ELL,Zane Levy,Prospecting,Engaging,2017-04-01,13
ST-003668,RH805ELL,Zane Levy,Engaging,Won,2017-06-29,89
ST-003669,7RI58VF7,Anna Snelling,Prospecting,Engaging,2017-04-02,27
ST-003670,7RI58VF7,Anna Snelling,Engaging,Won,2017-06-20,79
ST-003671,VK9KN5PT,Boris Faz,Prospecting,Engaging,2017-04-02,21
ST-003672,R15SXOZA,Boris Faz,Prospecting,Engaging,2017-04-02,22
ST-003673,R15SXOZA,Boris Faz,Engaging,Lost,2017-06-24,83
ST-003674,H00Y9555,Cecily Lampkin,Prospecting,Engaging,2017-04-02,5
ST-003675,H00Y9555,Cecily Lampkin,Engaging,Won,2017-04-10,8
ST-003676,RJYMI03Q,Corliss Cosme,Prospecting,Engaging,2017-04-02,4
ST-003677,RJYMI03Q,Corliss Cosme,Engaging,Won,2017-05-28,56
ST-003678,5PJJCTJ9,Darcel Schlecht,Prospecting,Engaging,2017-04-02,7
ST-003679,5PJJCTJ9,Darcel Schlecht,Engaging,Won,2017-04-11,9
ST-003680,J60KKQ4B,Elease Gluck,Prospecting,Engaging,2017-04-02,8
ST-003681,J60KKQ4B,Elease Gluck,Engaging,Won,2017-04-08,6
ST-003682,X2QRD0DC,Garret Kinder,Prospecting,Engaging,2017-04-02,27
ST-003683,X2QRD0DC,Garret Kinder,Engaging,Won,2017-04-09,7
ST-003684,4KIZ9WJ0,Gladys Colclough,Prospecting,Engaging,2017-04-02,22
ST-003685,4KIZ9WJ0,Gladys Colclough,Engaging,Lost,2017-04-03,1
ST-003686,6RQCLF28,Gladys Colclough,Prospecting,Engaging,2017-04-02,4
ST-003687,6RQCLF28,Gladys Colclough,Engaging,Won,2017-04-11,9
ST-003688,DQ7GS2BN,James Ascencio,Prospecting,Engaging,2017-04-02,24
ST-003689,T8WC5X1B,James Ascencio,Prospecting,Engaging,2017-04-02,5
ST-003690,T8WC5X1B,James Ascencio,Engaging,Lost,2017-04-14,12
ST-003691,HO6M5P37,James Ascencio,Prospecting,Engaging,2017-04-02,11
ST-003692,HO6M5P37,James Ascencio,Engaging,Won,2017-04-09,7
ST-003693,D5VY17OP,Kami Bicknell,Prospecting,Engaging,2017-04-02,17
ST-003694,0J21WQH1,Kami Bicknell,Prospecting,Engaging,2017-04-02,24
ST-003695,0J21WQH1,Kami Bicknell,Engaging,Lost,2017-04-14,12
ST-003696,N88UFF5K,Kary Hendrixson,Prospecting,Engaging,2017-04-02,16
ST-003697,N88UFF5K,Kary Hendrixson,Engaging,Lost,2017-04-03,1
ST-003698,OV08QE7X,Kary Hendrixson,Prospecting,Engaging,2017-04-02,18
ST-003699,OV08QE7X,Kary Hendrixson,Engaging,Won,2017-04-10,8
ST-003700,WJLJIWYS,Kary Hendrixson,Prospecting,Engaging,2017-04-02,22
ST-003701,WJLJIWYS,Kary Hendrixson,Engaging,Won,2017-05-20,48
ST-003702,BED55OSG,Markita Hansen,Prospecting,Engaging,2017-04-02,17
ST-003703,QJ25CASO,Markita Hansen,Prospecting,Engaging,2017-04-02,16
ST-003704,QJ25CASO,Markita Hansen,Engaging,Lost,2017-05-15,43
ST-003705,GJQXUDI3,Marty Freudenburg,Prospecting,Engaging,2017-04-02,11
ST-003706,GJQXUDI3,Marty Freudenburg,Engaging,Won,2017-04-11,9
ST-003707,OOGOZGGV,Maureen Marcano,Prospecting,Engaging,2017-04-02,9
ST-003708,OOGOZGGV,Maureen Marcano,Engaging,Won,2017-04-04,2
ST-003709,C9XJ9KHD,Maureen Marcano,Prospecting,Engaging,2017-04-02,27
ST-003710,C9XJ9KHD,Maureen Marcano,Engaging,Won,2017-06-22,81
ST-003711,IWAKTMEB,Reed Clapper,Prospecting,Engaging,2017-04-02,19
ST-003712,IWAKTMEB,Reed Clapper,Engaging,Lost,2017-04-10,8
ST-003713,AKT5EF0X,Reed Clapper,Prospecting,Engaging,2017-04-02,6
ST-003714,AKT5EF0X,Reed Clapper,Engaging,Won,2017-08-04,124
ST-003715,89064N0X,Rosie Papadopoulos,Prospecting,Engaging,2017-04-02,14
ST-003716,89064N0X,Rosie Papadopoulos,Engaging,Lost,2017-04-07,5
ST-003717,V7YVW4U0,Rosie Papadopoulos,Prospecting,Engaging,2017-04-02,16
ST-003718,V7YVW4U0,Rosie Papadopoulos,Engaging,Won,2017-04-12,10
ST-003719,TBJ99S41,Versie Hillebrand,Prospecting,Engaging,2017-04-02,6
ST-003720,TBJ99S41,Versie Hillebrand,Engaging,Lost,2017-04-12,10
ST-003721,QWLH0WD8,Zane Levy,Prospecting,Engaging,2017-04-02,12
ST-003722,QWLH0WD8,Zane Levy,Engaging,Won,2017-06-13,72
ST-003723,JZTX4MXK,Zane Levy,Prospecting,Engaging,2017-04-02,24
ST-003724,JZTX4MXK,Zane Levy,Engaging,Won,2017-04-03,1
ST-003725,4AHNCJ2Y,Anna Snelling,Prospecting,Engaging,2017-04-03,24
ST-003726,4AHNCJ2Y,Anna Snelling,Engaging,Won,2017-06-27,85
ST-003727,H5VBBEVI,Cassey Cress,Prospecting,Engaging,2017-04-03,21
ST-003728,MB7G8DWS,Cassey Cress,Prospecting,Engaging,2017-04-03,18
ST-003729,JK75NQBD,Cassey Cress,Prospecting,Engaging,2017-04-03,19
ST-003730,JK75NQBD,Cassey Cress,Engaging,Won,2017-05-20,47
ST-003731,U1BDEL90,Corliss Cosme,Prospecting,Engaging,2017-04-03,24
ST-003732,U1BDEL90,Corliss Cosme,Engaging,Won,2017-04-10,7
ST-003733,A9C9YCSN,Darcel Schlecht,Prospecting,Engaging,2017-04-03,12
ST-003734,A9C9YCSN,Darcel Schlecht,Engaging,Won,2017-04-09,6
ST-003735,524GC3WL,Darcel Schlecht,Prospecting,Engaging,2017-04-03,4
ST-003736,524GC3WL,Darcel Schlecht,Engaging,Won,2017-04-13,10
ST-003737,T4ZW6SS4,Donn Cantrell,Prospecting,Engaging,2017-04-03,10
ST-003738,T4ZW6SS4,Donn Cantrell,Engaging,Lost,2017-04-15,12
ST-003739,FH4VP5CL,Donn Cantrell,Prospecting,Engaging,2017-04-03,15
ST-003740,FH4VP5CL,Donn Cantrell,Engaging,Won,2017-06-26,84
ST-003741,K9MMOXUC,Donn Cantrell,Prospecting,Engaging,2017-04-03,22
ST-003742,K9MMOXUC,Donn Cantrell,Engaging,Won,2017-04-14,11
ST-003743,2HS1C21I,Elease Gluck,Prospecting,Engaging,2017-04-03,4
ST-003744,LV5SEMZQ,Elease Gluck,Prospecting,Engaging,2017-04-03,3
ST-003745,LV5SEMZQ,Elease Gluck,Engaging,Won,2017-04-07,4
ST-003746,50B2JN7F,Gladys Colclough,Prospecting,Engaging,2017-04-03,9
ST-003747,50B2JN7F,Gladys Colclough,Engaging,Lost,2017-04-10,7
ST-003748,JXS3KFKM,Gladys Colclough,Prospecting,Engaging,2017-04-03,12
ST-003749,JXS3KFKM,Gladys Colclough,Engaging,Won,2017-04-05,2
ST-003750,QODSAVWU,Gladys Colclough,Prospecting,Engaging,2017-04-03,9
ST-003751,QODSAVWU,Gladys Colclough,Engaging,Won,2017-04-04,1
ST-003752,Q2BB73WT,Hayden Neloms,Prospecting,Engaging,2017-04-03,27
ST-003753,UH3P961U,James Ascencio,Prospecting,Engaging,2017-04-03,7
ST-003754,UH3P961U,James Ascencio,Engaging,Lost,2017-04-04,1
ST-003755,3BQTRX5Y,Kami Bicknell,Prospecting,Engaging,2017-04-03,27
ST-003756,3BQTRX5Y,Kami Bicknell,Engaging,Lost,2017-05-26,53
ST-003757,YTL8VNGT,Kami Bicknell,Prospecting,Engaging,2017-04-03,11
ST-003758,YTL8VNGT,Kami Bicknell,Engaging,Won,2017-04-12,9
ST-003759,BL4SKUCN,Lajuana Vencill,Prospecting,Engaging,2017-04-03,12
ST-003760,BL4SKUCN,Lajuana Vencill,Engaging,Lost,2017-04-11,8
ST-003761,8TRT2HNF,Markita Hansen,Prospecting,Engaging,2017-04-03,13
ST-003762,ZLN48IIP,Markita Hansen,Prospecting,Engaging,2017-04-03,6
ST-003763,W355HYRD,Reed Clapper,Prospecting,Engaging,2017-04-03,3
ST-003764,W355HYRD,Reed Clapper,Engaging,Lost,2017-04-05,2
ST-003765,5UE0TE1R,Reed Clapper,Prospecting,Engaging,2017-04-03,18
ST-003766,5UE0TE1R,Reed Clapper,Engaging,Won,2017-04-14,11
ST-003767,RFNRVNXJ,Rosie Papadopoulos,Prospecting,Engaging,2017-04-03,26
ST-003768,RFNRVNXJ,Rosie Papadopoulos,Engaging,Won,2017-05-20,47
ST-003769,UTZDDOU7,Versie Hillebrand,Prospecting,Engaging,2017-04-03,16
ST-003770,UTZDDOU7,Versie Hillebrand,Engaging,Lost,2017-04-14,11
ST-003771,HVT28XPH,Vicki Laflamme,Prospecting,Engaging,2017-04-03,8
ST-003772,2ZXKC707,Vicki Laflamme,Prospecting,Engaging,2017-04-03,7
ST-003773,2ZXKC707,Vicki Laflamme,Engaging,Lost,2017-04-11,8
ST-003774,VNCFE4LQ,Vicki Laflamme,Prospecting,Engaging,2017-04-03,15
ST-003775,VNCFE4LQ,Vicki Laflamme,Engaging,Won,2017-04-15,12
ST-003776,VM0MHPAO,Wilburn Farren,Prospecting,Engaging,2017-04-03,20
ST-003777,28QWFYSP,Wilburn Farren,Prospecting,Engaging,2017-04-03,25
ST-003778,28QWFYSP,Wilburn Farren,Engaging,Lost,2017-04-05,2
ST-003779,VIV0OXU6,Anna Snelling,Prospecting,Engaging,2017-04-04,10
ST-003780,VIV0OXU6,Anna Snelling,Engaging,Won,2017-04-11,7
ST-003781,KVF0HK8S,Anna Snelling,Prospecting,Engaging,2017-04-04,19
ST-003782,KVF0HK8S,Anna Snelling,Engaging,Won,2017-04-12,8
ST-003783,JLT2LLR3,Boris Faz,Prospecting,Engaging,2017-04-04,20
ST-003784,JLT2LLR3,Boris Faz,Engaging,Won,2017-04-09,5
ST-003785,LXZD2PZD,Corliss Cosme,Prospecting,Engaging,2017-04-04,29
ST-003786,2LF1TSPZ,Corliss Cosme,Prospecting,Engaging,2017-04-04,24
ST-003787,2LF1TSPZ,Corliss Cosme,Engaging,Lost,2017-05-10,36
ST-003788,FBJHTF91,Corliss Cosme,Prospecting,Engaging,2017-04-04,28
ST-003789,FBJHTF91,Corliss Cosme,Engaging,Lost,2017-04-11,7
ST-003790,Z50GQV8I,Corliss Cosme,Prospecting,Engaging,2017-04-04,14
ST-003791,Z50GQV8I,Corliss Cosme,Engaging,Won,2017-04-11,7
ST-003792,O2CPAAF0,Corliss Cosme,Prospecting,Engaging,2017-04-04,5
ST-003793,O2CPAAF0,Corliss Cosme,Engaging,Won,2017-06-26,83
ST-003794,CEOTU8PX,Darcel Schlecht,Prospecting,Engaging,2017-04-04,15
ST-003795,CEOTU8PX,Darcel Schlecht,Engaging,Lost,2017-04-15,11
ST-003796,2S3DHZFO,Darcel Schlecht,Prospecting,Engaging,2017-04-04,30
ST-003797,2S3DHZFO,Darcel Schlecht,Engaging,Lost,2017-06-21,78
ST-003798,ZE1ZKD7Q,Darcel Schlecht,Prospecting,Engaging,2017-04-04,26
ST-003799,ZE1ZKD7Q,Darcel Schlecht,Engaging,Lost,2017-04-12,8
ST-003800,Y9XOOWHS,Darcel Schlecht,Prospecting,Engaging,2017-04-04,4
ST-003801,Y9XOOWHS,Darcel Schlecht,Engaging,Won,2017-06-18,75
ST-003802,5FIGO7XN,Donn Cantrell,Prospecting,Engaging,2017-04-04,16
ST-003803,5FIGO7XN,Donn Cantrell,Engaging,Lost,2017-04-15,11
ST-003804,EFO8XWXE,Donn Cantrell,Prospecting,Engaging,2017-04-04,3
ST-003805,EFO8XWXE,Donn Cantrell,Engaging,Won,2017-05-25,51
ST-003806,BPOTQCFG,Elease Gluck,Prospecting,Engaging,2017-04-04,17
ST-003807,62R8ERQ0,Elease Gluck,Prospecting,Engaging,2017-04-04,5
ST-003808,62R8ERQ0,Elease Gluck,Engaging,Lost,2017-04-10,6
ST-003809,HYCELUAD,Garret Kinder,Prospecting,Engaging,2017-04-04,30
ST-003810,HYCELUAD,Garret Kinder,Engaging,Won,2017-06-20,77
ST-003811,MJZP9WYC,Hayden Neloms,Prospecting,Engaging,2017-04-04,13
ST-003812,MJZP9WYC,Hayden Neloms,Engaging,Lost,2017-04-08,4
ST-003813,JNYS6BIJ,James Ascencio,Prospecting,Engaging,2017-04-04,21
ST-003814,JNYS6BIJ,James Ascencio,Engaging,Lost,2017-04-11,7
ST-003815,LUT9KYJA,James Ascencio,Prospecting,Engaging,2017-04-04,16
ST-003816,LUT9KYJA,James Ascencio,Engaging,Won,2017-06-06,63
ST-003817,DIWC1AHU,Jonathan Berthelot,Prospecting,Engaging,2017-04-04,21
ST-003818,DIWC1AHU,Jonathan Berthelot,Engaging,Lost,2017-04-06,2
ST-003819,ILYP3YGW,Jonathan Berthelot,Prospecting,Engaging,2017-04-04,15
ST-003820,ILYP3YGW,Jonathan Berthelot,Engaging,Won,2017-04-06,2
ST-003821,0XC4DR3F,Jonathan Berthelot,Prospecting,Engaging,2017-04-04,25
ST-003822,0XC4DR3F,Jonathan Berthelot,Engaging,Won,2017-04-10,6
ST-003823,3ZM8BJQO,Kami Bicknell,Prospecting,Engaging,2017-04-04,23
ST-003824,3ZM8BJQO,Kami Bicknell,Engaging,Won,2017-05-31,57
ST-003825,AM5J5QPK,Kami Bicknell,Prospecting,Engaging,2017-04-04,16
ST-003826,AM5J5QPK,Kami Bicknell,Engaging,Won,2017-04-06,2
ST-003827,DRFUPEOU,Kary Hendrixson,Prospecting,Engaging,2017-04-04,12
ST-003828,DRFUPEOU,Kary Hendrixson,Engaging,Lost,2017-05-10,36
ST-003829,I19TOSXS,Lajuana Vencill,Prospecting,Engaging,2017-04-04,6
ST-003830,I19TOSXS,Lajuana Vencill,Engaging,Lost,2017-04-06,2
ST-003831,DWO4HD34,Lajuana Vencill,Prospecting,Engaging,2017-04-04,15
ST-003832,DWO4HD34,Lajuana Vencill,Engaging,Lost,2017-04-15,11
ST-003833,4YH4JR1Q,Lajuana Vencill,Prospecting,Engaging,2017-04-04,3
ST-003834,4YH4JR1Q,Lajuana Vencill,Engaging,Won,2017-05-31,57
ST-003835,XM4VD3NN,Markita Hansen,Prospecting,Engaging,2017-04-04,13
ST-003836,NUA0OE6Z,Markita Hansen,Prospecting,Engaging,2017-04-04,8
ST-003837,NUA0OE6Z,Markita Hansen,Engaging,Won,2017-06-03,60
ST-003838,GDOHDB6U,Markita Hansen,Prospecting,Engaging,2017-04-04,28
ST-003839,GDOHDB6U,Markita Hansen,Engaging,Won,2017-04-08,4
ST-003840,I58DG1XE,Markita Hansen,Prospecting,Engaging,2017-04-04,22
ST-003841,I58DG1XE,Markita Hansen,Engaging,Won,2017-06-10,67
ST-003842,YA3O04NX,Marty Freudenburg,Prospecting,Engaging,2017-04-04,17
ST-003843,YA3O04NX,Marty Freudenburg,Engaging,Won,2017-06-05,62
ST-003844,D62905BC,Maureen Marcano,Prospecting,Engaging,2017-04-04,29
ST-003845,C2X9D7JO,Maureen Marcano,Prospecting,Engaging,2017-04-04,25
ST-003846,C2X9D7JO,Maureen Marcano,Engaging,Won,2017-04-11,7
ST-003847,SBLP2LJB,Niesha Huffines,Prospecting,Engaging,2017-04-04,14
ST-003848,SBLP2LJB,Niesha Huffines,Engaging,Won,2017-06-11,68
ST-003849,3CWKBXEN,Reed Clapper,Prospecting,Engaging,2017-04-04,5
ST-003850,3CWKBXEN,Reed Clapper,Engaging,Lost,2017-04-13,9
ST-003851,ZG82F4GH,Reed Clapper,Prospecting,Engaging,2017-04-04,16
ST-003852,ZG82F4GH,Reed Clapper,Engaging,Lost,2017-04-09,5
ST-003853,64KS4KGN,Versie Hillebrand,Prospecting,Engaging,2017-04-04,30
ST-003854,64KS4KGN,Versie Hillebrand,Engaging,Won,2017-04-06,2
ST-003855,637HKAFD,Zane Levy,Prospecting,Engaging,2017-04-04,6
ST-003856,637HKAFD,Zane Levy,Engaging,Won,2017-06-29,86
ST-003857,U9E3G8UT,Anna Snelling,Prospecting,Engaging,2017-04-05,10
ST-003858,U9E3G8UT,Anna Snelling,Engaging,Lost,2017-04-06,1
ST-003859,FB1AO8SL,Anna Snelling,Prospecting,Engaging,2017-04-05,16
ST-003860,FB1AO8SL,Anna Snelling,Engaging,Won,2017-04-14,9
ST-003861,79LGX9EX,Cassey Cress,Prospecting,Engaging,2017-04-05,21
ST-003862,79LGX9EX,Cassey Cress,Engaging,Won,2017-06-30,86
ST-003863,LOAYKUEO,Cecily Lampkin,Prospecting,Engaging,2017-04-05,15
ST-003864,LOAYKUEO,Cecily Lampkin,Engaging,Lost,2017-04-10,5
ST-003865,EM4XNIPW,Corliss Cosme,Prospecting,Engaging,2017-04-05,19
ST-003866,EM4XNIPW,Corliss Cosme,Engaging,Lost,2017-04-07,2
ST-003867,E6WG7J0I,Corliss Cosme,Prospecting,Engaging,2017-04-05,5
ST-003868,E6WG7J0I,Corliss Cosme,Engaging,Won,2017-04-10,5
ST-003869,37FL55S0,Darcel Schlecht,Prospecting,Engaging,2017-04-05,15
ST-003870,37FL55S0,Darcel Schlecht,Engaging,Won,2017-04-06,1
ST-003871,RSXFS096,Donn Cantrell,Prospecting,Engaging,2017-04-05,30
ST-003872,RSXFS096,Donn Cantrell,Engaging,Lost,2017-08-07,124
ST-003873,5QSU8PQU,Donn Cantrell,Prospecting,Engaging,2017-04-05,12
ST-003874,5QSU8PQU,Donn Cantrell,Engaging,Won,2017-06-19,75
ST-003875,N58V2ML8,Donn Cantrell,Prospecting,Engaging,2017-04-05,26
ST-003876,N58V2ML8,Donn Cantrell,Engaging,Won,2017-04-14,9
ST-003877,SFI9TVH3,Gladys Colclough,Prospecting,Engaging,2017-04-05,13
ST-003878,SFI9TVH3,Gladys Colclough,Engaging,Lost,2017-04-07,2
ST-003879,0G65AQVC,James Ascencio,Prospecting,Engaging,2017-04-05,10
ST-003880,0G65AQVC,James Ascencio,Engaging,Lost,2017-05-30,55
ST-003881,F91QWQ1G,James Ascencio,Prospecting,Engaging,2017-04-05,13
ST-003882,F91QWQ1G,James Ascencio,Engaging,Lost,2017-04-07,2
ST-003883,XEP9GSSY,Jonathan Berthelot,Prospecting,Engaging,2017-04-05,27
ST-003884,XEP9GSSY,Jonathan Berthelot,Engaging,Lost,2017-08-07,124
ST-003885,0000I7AO,Jonathan Berthelot,Prospecting,Engaging,2017-04-05,8
ST-003886,0000I7AO,Jonathan Berthelot,Engaging,Won,2017-05-12,37
ST-003887,A0VM9Q5M,Kary Hendrixson,Prospecting,Engaging,2017-04-05,5
ST-003888,A0VM9Q5M,Kary Hendrixson,Engaging,Lost,2017-04-15,10
ST-003889,P9SDPJJO,Kary Hendrixson,Prospecting,Engaging,2017-04-05,19
ST-003890,P9SDPJJO,Kary Hendrixson,Engaging,Won,2017-04-06,1
ST-003891,NW6OPA4M,Kary Hendrixson,Prospecting,Engaging,2017-04-05,23
ST-003892,NW6OPA4M,Kary Hendrixson,Engaging,Won,2017-05-21,46
ST-003893,ZZQB2NPD,Lajuana Vencill,Prospecting,Engaging,2017-04-05,6
ST-003894,ZZQB2NPD,Lajuana Vencill,Engaging,Won,2017-06-19,75
ST-003895,9ILB20UV,Markita Hansen,Prospecting,Engaging,2017-04-05,19
ST-003896,KG5JIU81,Markita Hansen,Prospecting,Engaging,2017-04-05,19
ST-003897,KG5JIU81,Markita Hansen,Engaging,Lost,2017-04-07,2
ST-003898,4XGA0K6N,Markita Hansen,Prospecting,Engaging,2017-04-05,9
ST-003899,4XGA0K6N,Markita Hansen,Engaging,Won,2017-06-22,78
ST-003900,MV1LBCP5,Reed Clapper,Prospecting,Engaging,2017-04-05,27
ST-003901,MV1LBCP5,Reed Clapper,Engaging,Lost,2017-04-06,1
ST-003902,UIFIWKNI,Reed Clapper,Prospecting,Engaging,2017-04-05,14
ST-003903,UIFIWKNI,Reed Clapper,Engaging,Won,2017-08-02,119
ST-003904,MBGVOGCY,Reed Clapper,Prospecting,Engaging,2017-04-05,14
ST-003905,MBGVOGCY,Reed Clapper,Engaging,Won,2017-04-12,7
ST-003906,2WQ5FUPR,Reed Clapper,Prospecting,Engaging,2017-04-05,26
ST-003907,2WQ5FUPR,Reed Clapper,Engaging,Won,2017-08-02,119
ST-003908,DA6LGJ66,Rosalina Dieter,Prospecting,Engaging,2017-04-05,29
ST-003909,DA6LGJ66,Rosalina Dieter,Engaging,Won,2017-06-19,75
ST-003910,OJSYLHMZ,Vicki Laflamme,Prospecting,Engaging,2017-04-05,23
ST-003911,OJSYLHMZ,Vicki Laflamme,Engaging,Won,2017-06-28,84
ST-003912,QO6CI3P4,Violet Mclelland,Prospecting,Engaging,2017-04-05,29
ST-003913,QO6CI3P4,Violet Mclelland,Engaging,Won,2017-04-07,2
ST-003914,PNO7D8PD,Zane Levy,Prospecting,Engaging,2017-04-05,7
ST-003915,HJP5X1MT,Anna Snelling,Prospecting,Engaging,2017-04-06,10
ST-003916,HJP5X1MT,Anna Snelling,Engaging,Won,2017-06-09,64
ST-003917,JO4MF90Q,Cassey Cress,Prospecting,Engaging,2017-04-06,6
ST-003918,JO4MF90Q,Cassey Cress,Engaging,Lost,2017-04-15,9
ST-003919,RX95UPUC,Cassey Cress,Prospecting,Engaging,2017-04-06,7
ST-003920,RX95UPUC,Cassey Cress,Engaging,Lost,2017-05-30,54
ST-003921,2GV66JA7,Daniell Hammack,Prospecting,Engaging,2017-04-06,11
ST-003922,0SMQAD34,Darcel Schlecht,Prospecting,Engaging,2017-04-06,9
ST-003923,0SMQAD34,Darcel Schlecht,Engaging,Lost,2017-04-08,2
ST-003924,THMEDL51,Darcel Schlecht,Prospecting,Engaging,2017-04-06,8
ST-003925,THMEDL51,Darcel Schlecht,Engaging,Won,2017-04-14,8
ST-003926,94B4785B,Donn Cantrell,Prospecting,Engaging,2017-04-06,22
ST-003927,94B4785B,Donn Cantrell,Engaging,Won,2017-04-15,9
ST-003928,AKMV6WN5,Elease Gluck,Prospecting,Engaging,2017-04-06,7
ST-003929,HPIKEMB9,Elease Gluck,Prospecting,Engaging,2017-04-06,27
ST-003930,SLN6HHLD,Gladys Colclough,Prospecting,Engaging,2017-04-06,27
ST-003931,SLN6HHLD,Gladys Colclough,Engaging,Lost,2017-04-16,10
ST-003932,MU3PM8ON,Gladys Colclough,Prospecting,Engaging,2017-04-06,23
ST-003933,MU3PM8ON,Gladys Colclough,Engaging,Lost,2017-04-13,7
ST-003934,U0E0XHK9,Hayden Neloms,Prospecting,Engaging,2017-04-06,5
ST-003935,E6GVZ30Q,James Ascencio,Prospecting,Engaging,2017-04-06,8
ST-003936,E6GVZ30Q,James Ascencio,Engaging,Won,2017-05-21,45
ST-003937,8254HM4E,Kami Bicknell,Prospecting,Engaging,2017-04-06,27
ST-003938,QVWM8LUB,Kary Hendrixson,Prospecting,Engaging,2017-04-06,23
ST-003939,QVWM8LUB,Kary Hendrixson,Engaging,Lost,2017-08-06,122
ST-003940,7C2HU8OC,Kary Hendrixson,Prospecting,Engaging,2017-04-06,18
ST-003941,7C2HU8OC,Kary Hendrixson,Engaging,Lost,2017-04-16,10
ST-003942,74P8ZFDD,Kary Hendrixson,Prospecting,Engaging,2017-04-06,17
ST-003943,74P8ZFDD,Kary Hendrixson,Engaging,Won,2017-04-07,1
ST-003944,MB3376Q1,Kary Hendrixson,Prospecting,Engaging,2017-04-06,27
ST-003945,MB3376Q1,Kary Hendrixson,Engaging,Won,2017-04-12,6
ST-003946,RSAGMF10,Lajuana Vencill,Prospecting,Engaging,2017-04-06,21
ST-003947,RSAGMF10,Lajuana Vencill,Engaging,Lost,2017-04-14,8
ST-003948,3N6VGWVS,Lajuana Vencill,Prospecting,Engaging,2017-04-06,27
ST-003949,3N6VGWVS,Lajuana Vencill,Engaging,Won,2017-05-30,54
ST-003950,KG61YJ92,Moses Frase,Prospecting,Engaging,2017-04-06,21
ST-003951,KG61YJ92,Moses Frase,Engaging,Won,2017-06-24,79
ST-003952,Z4A1R9CJ,Moses Frase,Prospecting,Engaging,2017-04-06,17
ST-003953,Z4A1R9CJ,Moses Frase,Engaging,Won,2017-05-22,46
ST-003954,I6ZWBDU6,Moses Frase,Prospecting,Engaging,2017-04-06,24
ST-003955,I6ZWBDU6,Moses Frase,Engaging,Won,2017-06-12,67
ST-003956,3DB2J8UR,Niesha Huffines,Prospecting,Engaging,2017-04-06,21
ST-003957,3DB2J8UR,Niesha Huffines,Engaging,Lost,2017-04-16,10
ST-003958,6ER2KL7X,Vicki Laflamme,Prospecting,Engaging,2017-04-06,23
ST-003959,6ER2KL7X,Vicki Laflamme,Engaging,Lost,2017-04-14,8
ST-003960,CBTC7BHL,Vicki Laflamme,Prospecting,Engaging,2017-04-06,23
ST-003961,CBTC7BHL,Vicki Laflamme,Engaging,Won,2017-05-04,28
ST-003962,93JCG10L,Zane Levy,Prospecting,Engaging,2017-04-06,22
ST-003963,93JCG10L,Zane Levy,Engaging,Won,2017-04-12,6
ST-003964,X9BUD48V,Anna Snelling,Prospecting,Engaging,2017-04-07,13
ST-003965,X9BUD48V,Anna Snelling,Engaging,Won,2017-04-08,1
ST-003966,QCNOCX0P,Boris Faz,Prospecting,Engaging,2017-04-07,30
ST-003967,TQLJOZBP,Boris Faz,Prospecting,Engaging,2017-04-07,23
ST-003968,TQLJOZBP,Boris Faz,Engaging,Won,2017-04-15,8
ST-003969,9IE6GBXM,Cassey Cress,Prospecting,Engaging,2017-04-07,13
ST-003970,9IE6GBXM,Cassey Cress,Engaging,Lost,2017-05-14,37
ST-003971,M9V8824W,Corliss Cosme,Prospecting,Engaging,2017-04-07,7
ST-003972,BG2656VA,Corliss Cosme,Prospecting,Engaging,2017-04-07,17
ST-003973,BG2656VA,Corliss Cosme,Engaging,Won,2017-04-15,8
ST-003974,JXBUN5MY,Daniell Hammack,Prospecting,Engaging,2017-04-07,5
ST-003975,JXBUN5MY,Daniell Hammack,Engaging,Lost,2017-04-15,8
ST-003976,7TJEHAED,Darcel Schlecht,Prospecting,Engaging,2017-04-07,18
ST-003977,7TJEHAED,Darcel Schlecht,Engaging,Won,2017-04-15,8
ST-003978,QPOE9V6Y,Donn Cantrell,Prospecting,Engaging,2017-04-07,17
ST-003979,QPOE9V6Y,Donn Cantrell,Engaging,Lost,2017-04-17,10
ST-003980,ULJM9JGL,Donn Cantrell,Prospecting,Engaging,2017-04-07,23
ST-003981,ULJM9JGL,Donn Cantrell,Engaging,Lost,2017-04-15,8
ST-003982,PYY9M6Q4,Donn Cantrell,Prospecting,Engaging,2017-04-07,12
ST-003983,PYY9M6Q4,Donn Cantrell,Engaging,Won,2017-04-13,6
ST-003984,WAF692K8,Elease Gluck,Prospecting,Engaging,2017-04-07,28
ST-003985,WAF692K8,Elease Gluck,Engaging,Won,2017-06-24,78
ST-003986,0UDLH6I3,Garret Kinder,Prospecting,Engaging,2017-04-07,11
ST-003987,0UDLH6I3,Garret Kinder,Engaging,Lost,2017-04-15,8
ST-003988,WUGE2QUO,Gladys Colclough,Prospecting,Engaging,2017-04-07,21
ST-003989,WUGE2QUO,Gladys Colclough,Engaging,Lost,2017-04-18,11
ST-003990,XBLA9VO6,James Ascencio,Prospecting,Engaging,2017-04-07,4
ST-003991,XBLA9VO6,James Ascencio,Engaging,Won,2017-05-18,41
ST-003992,QL7H3WQZ,Jonathan Berthelot,Prospecting,Engaging,2017-04-07,14
ST-003993,QL7H3WQZ,Jonathan Berthelot,Engaging,Won,2017-04-09,2
ST-003994,DXBLA2BS,Jonathan Berthelot,Prospecting,Engaging,2017-04-07,19
ST-003995,DXBLA2BS,Jonathan Berthelot,Engaging,Won,2017-04-17,10
ST-003996,EYW0QD8A,Jonathan Berthelot,Prospecting,Engaging,2017-04-07,5
ST-003997,EYW0QD8A,Jonathan Berthelot,Engaging,Won,2017-06-27,81
ST-003998,NXWNJ7U5,Kami Bicknell,Prospecting,Engaging,2017-04-07,12
ST-003999,NXWNJ7U5,Kami Bicknell,Engaging,Lost,2017-05-12,35
ST-004000,8LVFBGN4,Kami Bicknell,Prospecting,Engaging,2017-04-07,17
ST-004001,8LVFBGN4,Kami Bicknell,Engaging,Lost,2017-04-16,9
ST-004002,UUGY3W44,Kary Hendrixson,Prospecting,Engaging,2017-04-07,17
ST-004003,BHHDOY2E,Kary Hendrixson,Prospecting,Engaging,2017-04-07,4
ST-004004,SUQNORF2,Lajuana Vencill,Prospecting,Engaging,2017-04-07,4
ST-004005,SUQNORF2,Lajuana Vencill,Engaging,Lost,2017-04-16,9
ST-004006,3M03SX77,Markita Hansen,Prospecting,Engaging,2017-04-07,14
ST-004007,3M03SX77,Markita Hansen,Engaging,Won,2017-04-13,6
ST-004008,C7Y0UUIN,Markita Hansen,Prospecting,Engaging,2017-04-07,29
ST-004009,C7Y0UUIN,Markita Hansen,Engaging,Won,2017-05-27,50
ST-004010,DI6H5ERU,Maureen Marcano,Prospecting,Engaging,2017-04-07,12
ST-004011,DI6H5ERU,Maureen Marcano,Engaging,Won,2017-04-08,1
ST-004012,SQZ293C0,Moses Frase,Prospecting,Engaging,2017-04-07,5
ST-004013,SQZ293C0,Moses Frase,Engaging,Won,2017-04-13,6
ST-004014,2SGRE4VE,Niesha Huffines,Prospecting,Engaging,2017-04-07,23
ST-004015,2SGRE4VE,Niesha Huffines,Engaging,Lost,2017-04-16,9
ST-004016,AMKR98V4,Versie Hillebrand,Prospecting,Engaging,2017-04-07,30
ST-004017,AMKR98V4,Versie Hillebrand,Engaging,Lost,2017-06-13,67
ST-004018,DESFU690,Versie Hillebrand,Prospecting,Engaging,2017-04-07,30
ST-004019,DESFU690,Versie Hillebrand,Engaging,Lost,2017-04-09,2
ST-004020,V8HMIE7M,Versie Hillebrand,Prospecting,Engaging,2017-04-07,5
ST-004021,V8HMIE7M,Versie Hillebrand,Engaging,Lost,2017-05-30,53
ST-004022,91JBU17E,Versie Hillebrand,Prospecting,Engaging,2017-04-07,22
ST-004023,91JBU17E,Versie Hillebrand,Engaging,Lost,2017-04-12,5
ST-004024,XDECB9X2,Vicki Laflamme,Prospecting,Engaging,2017-04-07,22
ST-004025,4MMQZHCK,Vicki Laflamme,Prospecting,Engaging,2017-04-07,19
ST-004026,4MMQZHCK,Vicki Laflamme,Engaging,Lost,2017-04-16,9
ST-004027,RSKU2ZHM,Zane Levy,Prospecting,Engaging,2017-04-07,15
ST-004028,RSKU2ZHM,Zane Levy,Engaging,Lost,2017-04-13,6
ST-004029,8LTQ9ESQ,Anna Snelling,Prospecting,Engaging,2017-04-08,17
ST-004030,8LTQ9ESQ,Anna Snelling,Engaging,Lost,2017-04-15,7
ST-004031,EBBIJKLT,Anna Snelling,Prospecting,Engaging,2017-04-08,21
ST-004032,EBBIJKLT,Anna Snelling,Engaging,Won,2017-04-15,7
ST-004033,GL95LARP,Cassey Cress,Prospecting,Engaging,2017-04-08,20
ST-004034,8RIKWACO,Corliss Cosme,Prospecting,Engaging,2017-04-08,28
ST-004035,8RIKWACO,Corliss Cosme,Engaging,Won,2017-05-27,49
ST-004036,FM505XD5,Daniell Hammack,Prospecting,Engaging,2017-04-08,26
ST-004037,U3394VAL,Darcel Schlecht,Prospecting,Engaging,2017-04-08,4
ST-004038,U3394VAL,Darcel Schlecht,Engaging,Lost,2017-04-18,10
ST-004039,G58AHYTW,Darcel Schlecht,Prospecting,Engaging,2017-04-08,17
ST-004040,G58AHYTW,Darcel Schlecht,Engaging,Lost,2017-04-14,6
ST-004041,KK7L97V7,Darcel Schlecht,Prospecting,Engaging,2017-04-08,28
ST-004042,KK7L97V7,Darcel Schlecht,Engaging,Won,2017-04-09,1
ST-004043,GWRPJWRO,Donn Cantrell,Prospecting,Engaging,2017-04-08,21
ST-004044,GWRPJWRO,Donn Cantrell,Engaging,Lost,2017-04-16,8
ST-004045,GNKFTK7J,Donn Cantrell,Prospecting,Engaging,2017-04-08,23
ST-004046,GNKFTK7J,Donn Cantrell,Engaging,Won,2017-06-14,67
ST-004047,UEL6CAP9,Garret Kinder,Prospecting,Engaging,2017-04-08,9
ST-004048,UEL6CAP9,Garret Kinder,Engaging,Lost,2017-04-16,8
ST-004049,2FEA30KT,Hayden Neloms,Prospecting,Engaging,2017-04-08,13
ST-004050,2FEA30KT,Hayden Neloms,Engaging,Won,2017-05-25,47
ST-004051,P2VXL7MO,Hayden Neloms,Prospecting,Engaging,2017-04-08,22
ST-004052,P2VXL7MO,Hayden Neloms,Engaging,Won,2017-04-10,2
ST-004053,YT7QY06V,Hayden Neloms,Prospecting,Engaging,2017-04-08,18
ST-004054,YT7QY06V,Hayden Neloms,Engaging,Won,2017-04-14,6
ST-004055,L66MAMK5,Kami Bicknell,Prospecting,Engaging,2017-04-08,19
ST-004056,L66MAMK5,Kami Bicknell,Engaging,Won,2017-04-17,9
ST-004057,RGYBSSEK,Lajuana Vencill,Prospecting,Engaging,2017-04-08,7
ST-004058,RGYBSSEK,Lajuana Vencill,Engaging,Won,2017-04-17,9
ST-004059,J6F10SFK,Markita Hansen,Prospecting,Engaging,2017-04-08,4
ST-004060,5KC9ZGBX,Maureen Marcano,Prospecting,Engaging,2017-04-08,17
ST-004061,5KC9ZGBX,Maureen Marcano,Engaging,Won,2017-04-12,4
ST-004062,AYIPNQFR,Moses Frase,Prospecting,Engaging,2017-04-08,6
ST-004063,AYIPNQFR,Moses Frase,Engaging,Lost,2017-04-10,2
ST-004064,Q1MP64HG,Reed Clapper,Prospecting,Engaging,2017-04-08,28
ST-004065,Q1MP64HG,Reed Clapper,Engaging,Won,2017-06-11,64
ST-004066,XGD6BFD6,Rosie Papadopoulos,Prospecting,Engaging,2017-04-08,29
ST-004067,XGD6BFD6,Rosie Papadopoulos,Engaging,Won,2017-04-09,1
ST-004068,1IH166HI,Versie Hillebrand,Prospecting,Engaging,2017-04-08,13
ST-004069,1IH166HI,Versie Hillebrand,Engaging,Lost,2017-05-27,49
ST-004070,U4IJO6SL,Vicki Laflamme,Prospecting,Engaging,2017-04-08,25
ST-004071,BK85705L,Vicki Laflamme,Prospecting,Engaging,2017-04-08,5
ST-004072,BK85705L,Vicki Laflamme,Engaging,Won,2017-06-10,63
ST-004073,77MKNCO3,Vicki Laflamme,Prospecting,Engaging,2017-04-08,19
ST-004074,77MKNCO3,Vicki Laflamme,Engaging,Won,2017-04-16,8
ST-004075,OB7TAJOZ,Zane Levy,Prospecting,Engaging,2017-04-08,23
ST-004076,OB7TAJOZ,Zane Levy,Engaging,Lost,2017-04-09,1
ST-004077,DU0E2LMZ,Zane Levy,Prospecting,Engaging,2017-04-08,8
ST-004078,DU0E2LMZ,Zane Levy,Engaging,Lost,2017-04-13,5
ST-004079,1B4CL153,Zane Levy,Prospecting,Engaging,2017-04-08,4
ST-004080,1B4CL153,Zane Levy,Engaging,Won,2017-04-17,9
ST-004081,93X2W24Q,Anna Snelling,Prospecting,Engaging,2017-04-09,10
ST-004082,93X2W24Q,Anna Snelling,Engaging,Won,2017-06-02,54
ST-004083,U0E9CRX5,Boris Faz,Prospecting,Engaging,2017-04-09,25
ST-004084,U0E9CRX5,Boris Faz,Engaging,Lost,2017-04-18,9
ST-004085,I7KV29LC,Cassey Cress,Prospecting,Engaging,2017-04-09,17
ST-004086,I7KV29LC,Cassey Cress,Engaging,Won,2017-04-20,11
ST-004087,NNM6GN1J,Cassey Cress,Prospecting,Engaging,2017-04-09,17
ST-004088,NNM6GN1J,Cassey Cress,Engaging,Won,2017-04-16,7
ST-004089,D1UDLFVY,Cecily Lampkin,Prospecting,Engaging,2017-04-09,19
ST-004090,D1UDLFVY,Cecily Lampkin,Engaging,Lost,2017-04-10,1
ST-004091,M8WP93D4,Cecily Lampkin,Prospecting,Engaging,2017-04-09,19
ST-004092,M8WP93D4,Cecily Lampkin,Engaging,Lost,2017-04-18,9
ST-004093,3GPAFD3X,Cecily Lampkin,Prospecting,Engaging,2017-04-09,22
ST-004094,3GPAFD3X,Cecily Lampkin,Engaging,Lost,2017-04-20,11
ST-004095,PVLGUIEN,Corliss Cosme,Prospecting,Engaging,2017-04-09,8
ST-004096,XUQ7RS1Q,Daniell Hammack,Prospecting,Engaging,2017-04-09,14
ST-004097,XUQ7RS1Q,Daniell Hammack,Engaging,Lost,2017-05-30,51
ST-004098,UFGI9P05,Darcel Schlecht,Prospecting,Engaging,2017-04-09,14
ST-004099,UFGI9P05,Darcel Schlecht,Engaging,Won,2017-04-18,9
ST-004100,RDQZ245F,Elease Gluck,Prospecting,Engaging,2017-04-09,12
ST-004101,RDQZ245F,Elease Gluck,Engaging,Won,2017-05-29,50
ST-004102,JA2CDNVM,Gladys Colclough,Prospecting,Engaging,2017-04-09,15
ST-004103,JA2CDNVM,Gladys Colclough,Engaging,Won,2017-04-14,5
ST-004104,R0XAJA2I,Hayden Neloms,Prospecting,Engaging,2017-04-09,16
ST-004105,R0XAJA2I,Hayden Neloms,Engaging,Won,2017-04-17,8
ST-004106,BU1B6PHK,Kami Bicknell,Prospecting,Engaging,2017-04-09,27
ST-004107,BU1B6PHK,Kami Bicknell,Engaging,Won,2017-04-10,1
ST-004108,C3918FWQ,Kary Hendrixson,Prospecting,Engaging,2017-04-09,13
ST-004109,C3918FWQ,Kary Hendrixson,Engaging,Lost,2017-08-12,125
ST-004110,8GBXTWXE,Kary Hendrixson,Prospecting,Engaging,2017-04-09,24
ST-004111,8GBXTWXE,Kary Hendrixson,Engaging,Lost,2017-04-16,7
ST-004112,Z29AX2KB,Kary Hendrixson,Prospecting,Engaging,2017-04-09,22
ST-004113,Z29AX2KB,Kary Hendrixson,Engaging,Won,2017-06-20,72
ST-004114,E733YMVH,Marty Freudenburg,Prospecting,Engaging,2017-04-09,4
ST-004115,E733YMVH,Marty Freudenburg,Engaging,Won,2017-04-10,1
ST-004116,Y35ES8UY,Moses Frase,Prospecting,Engaging,2017-04-09,28
ST-004117,Y35ES8UY,Moses Frase,Engaging,Lost,2017-04-16,7
ST-004118,QDRYCR05,Niesha Huffines,Prospecting,Engaging,2017-04-09,23
ST-004119,QDRYCR05,Niesha Huffines,Engaging,Won,2017-04-10,1
ST-004120,TYWS7KJR,Reed Clapper,Prospecting,Engaging,2017-04-09,23
ST-004121,TYWS7KJR,Reed Clapper,Engaging,Won,2017-04-16,7
ST-004122,X22G55Y5,Rosie Papadopoulos,Prospecting,Engaging,2017-04-09,13
ST-004123,X22G55Y5,Rosie Papadopoulos,Engaging,Won,2017-06-18,70
ST-004124,X7FZMKZW,Versie Hillebrand,Prospecting,Engaging,2017-04-09,5
ST-004125,X7FZMKZW,Versie Hillebrand,Engaging,Lost,2017-04-21,12
ST-004126,72WE0PUH,Vicki Laflamme,Prospecting,Engaging,2017-04-09,13
ST-004127,72WE0PUH,Vicki Laflamme,Engaging,Won,2017-06-16,68
ST-004128,45B6VA2Y,Violet Mclelland,Prospecting,Engaging,2017-04-09,6
ST-004129,SKBDCYV5,Zane Levy,Prospecting,Engaging,2017-04-09,20
ST-004130,HLGGWYP1,Zane Levy,Prospecting,Engaging,2017-04-09,24
ST-004131,HLGGWYP1,Zane Levy,Engaging,Lost,2017-04-15,6
ST-004132,RU3OP2BA,Zane Levy,Prospecting,Engaging,2017-04-09,15
ST-004133,RU3OP2BA,Zane Levy,Engaging,Won,2017-06-26,78
ST-004134,YXOM4S7G,Anna Snelling,Prospecting,Engaging,2017-04-10,12
ST-004135,YXOM4S7G,Anna Snelling,Engaging,Lost,2017-04-11,1
ST-004136,JPH5WS60,Boris Faz,Prospecting,Engaging,2017-04-10,11
ST-004137,JPH5WS60,Boris Faz,Engaging,Lost,2017-04-11,1
ST-004138,O1TDG6YN,Cassey Cress,Prospecting,Engaging,2017-04-10,26
ST-004139,O1TDG6YN,Cassey Cress,Engaging,Lost,2017-04-17,7
ST-004140,4INFXLM5,Cecily Lampkin,Prospecting,Engaging,2017-04-10,30
ST-004141,4INFXLM5,Cecily Lampkin,Engaging,Lost,2017-04-20,10
ST-004142,LIZMTGH2,Cecily Lampkin,Prospecting,Engaging,2017-04-10,24
ST-004143,LIZMTGH2,Cecily Lampkin,Engaging,Won,2017-04-18,8
ST-004144,04LU4OPA,Daniell Hammack,Prospecting,Engaging,2017-04-10,22
ST-004145,04LU4OPA,Daniell Hammack,Engaging,Won,2017-06-11,62
ST-004146,T1I8GE75,Daniell Hammack,Prospecting,Engaging,2017-04-10,30
ST-004147,T1I8GE75,Daniell Hammack,Engaging,Won,2017-06-28,79
ST-004148,2HU581DM,Daniell Hammack,Prospecting,Engaging,2017-04-10,7
ST-004149,2HU581DM,Daniell Hammack,Engaging,Won,2017-04-11,1
ST-004150,75S7S74S,Darcel Schlecht,Prospecting,Engaging,2017-04-10,13
ST-004151,75S7S74S,Darcel Schlecht,Engaging,Lost,2017-04-18,8
ST-004152,VTVF5TBV,Darcel Schlecht,Prospecting,Engaging,2017-04-10,5
ST-004153,VTVF5TBV,Darcel Schlecht,Engaging,Lost,2017-04-18,8
ST-004154,6AC2ATXU,Darcel Schlecht,Prospecting,Engaging,2017-04-10,21
ST-004155,6AC2ATXU,Darcel Schlecht,Engaging,Won,2017-04-16,6
ST-004156,F4J6AVPQ,Darcel Schlecht,Prospecting,Engaging,2017-04-10,24
ST-004157,F4J6AVPQ,Darcel Schlecht,Engaging,Won,2017-04-17,7
ST-004158,NFTSU7RW,Darcel Schlecht,Prospecting,Engaging,2017-04-10,7
ST-004159,NFTSU7RW,Darcel Schlecht,Engaging,Won,2017-04-17,7
ST-004160,NCUXZU3S,Darcel Schlecht,Prospecting,Engaging,2017-04-10,14
ST-004161,NCUXZU3S,Darcel Schlecht,Engaging,Won,2017-04-20,10
ST-004162,YGNVLLUR,Gladys Colclough,Prospecting,Engaging,2017-04-10,12
ST-004163,YGNVLLUR,Gladys Colclough,Engaging,Lost,2017-04-20,10
ST-004164,XQ0N9T87,Hayden Neloms,Prospecting,Engaging,2017-04-10,23
ST-004165,O08NQM1J,James Ascencio,Prospecting,Engaging,2017-04-10,25
ST-004166,O08NQM1J,James Ascencio,Engaging,Lost,2017-04-11,1
ST-004167,5OJ4IRW4,Jonathan Berthelot,Prospecting,Engaging,2017-04-10,24
ST-004168,5OJ4IRW4,Jonathan Berthelot,Engaging,Won,2017-06-27,78
ST-004169,ZLY8SZXO,Kami Bicknell,Prospecting,Engaging,2017-04-10,15
ST-004170,ZLY8SZXO,Kami Bicknell,Engaging,Won,2017-04-16,6
ST-004171,DCC85LZO,Kami Bicknell,Prospecting,Engaging,2017-04-10,7
ST-004172,DCC85LZO,Kami Bicknell,Engaging,Won,2017-04-13,3
ST-004173,ZVWUL0LL,Kary Hendrixson,Prospecting,Engaging,2017-04-10,22
ST-004174,ZVWUL0LL,Kary Hendrixson,Engaging,Lost,2017-04-12,2
ST-004175,4R5LIB5F,Kary Hendrixson,Prospecting,Engaging,2017-04-10,25
ST-004176,4R5LIB5F,Kary Hendrixson,Engaging,Lost,2017-06-13,64
ST-004177,P010EEZF,Lajuana Vencill,Prospecting,Engaging,2017-04-10,5
ST-004178,P010EEZF,Lajuana Vencill,Engaging,Lost,2017-04-12,2
ST-004179,7AL9GWK6,Lajuana Vencill,Prospecting,Engaging,2017-04-10,12
ST-004180,7AL9GWK6,Lajuana Vencill,Engaging,Won,2017-06-02,53
ST-004181,RHXY2M2W,Lajuana Vencill,Prospecting,Engaging,2017-04-10,20
ST-004182,RHXY2M2W,Lajuana Vencill,Engaging,Won,2017-04-18,8
ST-004183,IKU97NEU,Markita Hansen,Prospecting,Engaging,2017-04-10,15
ST-004184,R7SESFM0,Marty Freudenburg,Prospecting,Engaging,2017-04-10,23
ST-004185,R7SESFM0,Marty Freudenburg,Engaging,Lost,2017-04-21,11
ST-004186,X501NN9P,Marty Freudenburg,Prospecting,Engaging,2017-04-10,28
ST-004187,X501NN9P,Marty Freudenburg,Engaging,Won,2017-06-09,60
ST-004188,AUDYTWRK,Maureen Marcano,Prospecting,Engaging,2017-04-10,13
ST-004189,AUDYTWRK,Maureen Marcano,Engaging,Won,2017-06-26,77
ST-004190,EUKD4Z0V,Reed Clapper,Prospecting,Engaging,2017-04-10,29
ST-004191,EUKD4Z0V,Reed Clapper,Engaging,Lost,2017-04-16,6
ST-004192,KPUHKYWU,Reed Clapper,Prospecting,Engaging,2017-04-10,7
ST-004193,KPUHKYWU,Reed Clapper,Engaging,Won,2017-04-20,10
ST-004194,B0KF3NFK,Versie Hillebrand,Prospecting,Engaging,2017-04-10,24
ST-004195,B0KF3NFK,Versie Hillebrand,Engaging,Won,2017-04-18,8
ST-004196,70M5V003,Vicki Laflamme,Prospecting,Engaging,2017-04-10,25
ST-004197,70M5V003,Vicki Laflamme,Engaging,Lost,2017-04-18,8
ST-004198,456BP2X7,Zane Levy,Prospecting,Engaging,2017-04-10,29
ST-004199,OC66D0JA,Zane Levy,Prospecting,Engaging,2017-04-10,26
ST-004200,OC66D0JA,Zane Levy,Engaging,Won,2017-04-11,1
ST-004201,KE7SZLG7,Boris Faz,Prospecting,Engaging,2017-04-11,24
ST-004202,KE7SZLG7,Boris Faz,Engaging,Won,2017-06-11,61
ST-004203,XYZ39YT2,Cecily Lampkin,Prospecting,Engaging,2017-04-11,19
ST-004204,XYZ39YT2,Cecily Lampkin,Engaging,Lost,2017-04-19,8
ST-004205,O4LNS6IC,Daniell Hammack,Prospecting,Engaging,2017-04-11,5
ST-004206,O4LNS6IC,Daniell Hammack,Engaging,Won,2017-04-13,2
ST-004207,UKIM9XIZ,Darcel Schlecht,Prospecting,Engaging,2017-04-11,23
ST-004208,UKIM9XIZ,Darcel Schlecht,Engaging,Lost,2017-04-19,8
ST-004209,5Z0ACVAM,Darcel Schlecht,Prospecting,Engaging,2017-04-11,24
ST-004210,5Z0ACVAM,Darcel Schlecht,Engaging,Lost,2017-04-12,1
ST-004211,DIAR4IM7,Darcel Schlecht,Prospecting,Engaging,2017-04-11,16
ST-004212,DIAR4IM7,Darcel Schlecht,Engaging,Won,2017-04-18,7
ST-004213,30YWHJV8,Donn Cantrell,Prospecting,Engaging,2017-04-11,19
ST-004214,30YWHJV8,Donn Cantrell,Engaging,Lost,2017-04-18,7
ST-004215,ABXW1X4U,Elease Gluck,Prospecting,Engaging,2017-04-11,14
ST-004216,ABXW1X4U,Elease Gluck,Engaging,Lost,2017-06-22,72
ST-004217,SZ1H1L8I,Elease Gluck,Prospecting,Engaging,2017-04-11,3
ST-004218,SZ1H1L8I,Elease Gluck,Engaging,Won,2017-04-13,2
ST-004219,IR03B656,Gladys Colclough,Prospecting,Engaging,2017-04-11,14
ST-004220,IR03B656,Gladys Colclough,Engaging,Lost,2017-04-21,10
ST-004221,6NZROTHF,James Ascencio,Prospecting,Engaging,2017-04-11,12
ST-004222,6NZROTHF,James Ascencio,Engaging,Lost,2017-06-10,60
ST-004223,IFIIB8Y6,Kami Bicknell,Prospecting,Engaging,2017-04-11,8
ST-004224,IFIIB8Y6,Kami Bicknell,Engaging,Lost,2017-04-13,2
ST-004225,J58BUYQH,Kary Hendrixson,Prospecting,Engaging,2017-04-11,9
ST-004226,R2CS85YJ,Kary Hendrixson,Prospecting,Engaging,2017-04-11,13
ST-004227,R2CS85YJ,Kary Hendrixson,Engaging,Lost,2017-04-13,2
ST-004228,8EAINY61,Kary Hendrixson,Prospecting,Engaging,2017-04-11,27
ST-004229,8EAINY61,Kary Hendrixson,Engaging,Lost,2017-04-18,7
ST-004230,T23MHC9C,Kary Hendrixson,Prospecting,Engaging,2017-04-11,18
ST-004231,T23MHC9C,Kary Hendrixson,Engaging,Won,2017-04-18,7
ST-004232,D30QC4EE,Kary Hendrixson,Prospecting,Engaging,2017-04-11,9
ST-004233,D30QC4EE,Kary Hendrixson,Engaging,Won,2017-06-19,69
ST-004234,JHIX3ODA,Moses Frase,Prospecting,Engaging,2017-04-11,10
ST-004235,JHIX3ODA,Moses Frase,Engaging,Lost,2017-04-21,10
ST-004236,BPUE8GTU,Moses Frase,Prospecting,Engaging,2017-04-11,7
ST-004237,BPUE8GTU,Moses Frase,Engaging,Won,2017-06-06,56
ST-004238,2DOJKFNW,Niesha Huffines,Prospecting,Engaging,2017-04-11,7
ST-004239,2DOJKFNW,Niesha Huffines,Engaging,Lost,2017-04-12,1
ST-004240,0PSKGNYE,Niesha Huffines,Prospecting,Engaging,2017-04-11,5
ST-004241,0PSKGNYE,Niesha Huffines,Engaging,Won,2017-04-12,1
ST-004242,J75N0QYA,Niesha Huffines,Prospecting,Engaging,2017-04-11,12
ST-004243,J75N0QYA,Niesha Huffines,Engaging,Won,2017-04-13,2
ST-004244,SDS8SAZC,Rosalina Dieter,Prospecting,Engaging,2017-04-11,30
ST-004245,SDS8SAZC,Rosalina Dieter,Engaging,Won,2017-06-17,67
ST-004246,1426E8W6,Versie Hillebrand,Prospecting,Engaging,2017-04-11,28
ST-004247,1426E8W6,Versie Hillebrand,Engaging,Lost,2017-04-21,10
ST-004248,3BFBN8JW,Versie Hillebrand,Prospecting,Engaging,2017-04-11,6
ST-004249,3BFBN8JW,Versie Hillebrand,Engaging,Lost,2017-04-18,7
ST-004250,W1GERPB9,Vicki Laflamme,Prospecting,Engaging,2017-04-11,19
ST-004251,W1GERPB9,Vicki Laflamme,Engaging,Won,2017-06-21,71
ST-004252,FN1QX0BQ,Violet Mclelland,Prospecting,Engaging,2017-04-11,27
ST-004253,922DHXBA,Violet Mclelland,Prospecting,Engaging,2017-04-11,20
ST-004254,922DHXBA,Violet Mclelland,Engaging,Lost,2017-04-22,11
ST-004255,L36WU4AH,Violet Mclelland,Prospecting,Engaging,2017-04-11,29
ST-004256,L36WU4AH,Violet Mclelland,Engaging,Won,2017-04-12,1
ST-004257,2K8H292S,Anna Snelling,Prospecting,Engaging,2017-04-12,26
ST-004258,2K8H292S,Anna Snelling,Engaging,Lost,2017-04-18,6
ST-004259,7Y530NLJ,Boris Faz,Prospecting,Engaging,2017-04-12,19
ST-004260,XNHGOHPW,Boris Faz,Prospecting,Engaging,2017-04-12,4
ST-004261,XNHGOHPW,Boris Faz,Engaging,Won,2017-04-22,10
ST-004262,GAM8C5ET,Cassey Cress,Prospecting,Engaging,2017-04-12,24
ST-004263,GAM8C5ET,Cassey Cress,Engaging,Lost,2017-04-17,5
ST-004264,BHT7UEDJ,Cassey Cress,Prospecting,Engaging,2017-04-12,13
ST-004265,BHT7UEDJ,Cassey Cress,Engaging,Won,2017-04-19,7
ST-004266,7PAVX9CP,Cassey Cress,Prospecting,Engaging,2017-04-12,27
ST-004267,7PAVX9CP,Cassey Cress,Engaging,Won,2017-04-14,2
ST-004268,IVW8MQGN,Cecily Lampkin,Prospecting,Engaging,2017-04-12,22
ST-004269,IVW8MQGN,Cecily Lampkin,Engaging,Won,2017-04-20,8
ST-004270,CVFUMOK9,Corliss Cosme,Prospecting,Engaging,2017-04-12,7
ST-004271,1VHUPB8X,Darcel Schlecht,Prospecting,Engaging,2017-04-12,22
ST-004272,1VHUPB8X,Darcel Schlecht,Engaging,Lost,2017-04-14,2
ST-004273,G5FN7I7T,Darcel Schlecht,Prospecting,Engaging,2017-04-12,15
ST-004274,G5FN7I7T,Darcel Schlecht,Engaging,Lost,2017-06-28,77
ST-004275,OHVPXBSR,Donn Cantrell,Prospecting,Engaging,2017-04-12,7
ST-004276,OHVPXBSR,Donn Cantrell,Engaging,Won,2017-04-13,1
ST-004277,GHY9QZKG,Hayden Neloms,Prospecting,Engaging,2017-04-12,8
ST-004278,GHY9QZKG,Hayden Neloms,Engaging,Lost,2017-04-16,4
ST-004279,M9RGVU1F,Jonathan Berthelot,Prospecting,Engaging,2017-04-12,8
ST-004280,M9RGVU1F,Jonathan Berthelot,Engaging,Lost,2017-04-24,12
ST-004281,JBBJL4C2,Jonathan Berthelot,Prospecting,Engaging,2017-04-12,29
ST-004282,JBBJL4C2,Jonathan Berthelot,Engaging,Won,2017-06-23,72
ST-004283,HMI6RBK9,Jonathan Berthelot,Prospecting,Engaging,2017-04-12,25
ST-004284,HMI6RBK9,Jonathan Berthelot,Engaging,Won,2017-06-16,65
ST-004285,2EKGLB0Q,Kami Bicknell,Prospecting,Engaging,2017-04-12,27
ST-004286,2EKGLB0Q,Kami Bicknell,Engaging,Won,2017-04-13,1
ST-004287,NBYPJR21,Kami Bicknell,Prospecting,Engaging,2017-04-12,22
ST-004288,NBYPJR21,Kami Bicknell,Engaging,Won,2017-04-22,10
ST-004289,HYPZOTY8,Kami Bicknell,Prospecting,Engaging,2017-04-12,28
ST-004290,HYPZOTY8,Kami Bicknell,Engaging,Won,2017-04-19,7
ST-004291,31I0SB7T,Kami Bicknell,Prospecting,Engaging,2017-04-12,8
ST-004292,31I0SB7T,Kami Bicknell,Engaging,Won,2017-04-19,7
ST-004293,R0CLLIH9,Kary Hendrixson,Prospecting,Engaging,2017-04-12,26
ST-004294,UIDAJBAI,Kary Hendrixson,Prospecting,Engaging,2017-04-12,17
ST-004295,UIDAJBAI,Kary Hendrixson,Engaging,Lost,2017-04-13,1
ST-004296,VO3C2LE4,Kary Hendrixson,Prospecting,Engaging,2017-04-12,4
ST-004297,VO3C2LE4,Kary Hendrixson,Engaging,Lost,2017-04-16,4
ST-004298,UC7JT39Q,Markita Hansen,Prospecting,Engaging,2017-04-12,16
ST-004299,UC7JT39Q,Markita Hansen,Engaging,Lost,2017-04-13,1
ST-004300,F1LLBOUV,Marty Freudenburg,Prospecting,Engaging,2017-04-12,14
ST-004301,F1LLBOUV,Marty Freudenburg,Engaging,Lost,2017-04-13,1
ST-004302,7H9J8W50,Marty Freudenburg,Prospecting,Engaging,2017-04-12,24
ST-004303,7H9J8W50,Marty Freudenburg,Engaging,Lost,2017-04-14,2
ST-004304,8O03S3U3,Moses Frase,Prospecting,Engaging,2017-04-12,26
ST-004305,8O03S3U3,Moses Frase,Engaging,Lost,2017-04-22,10
ST-004306,TGQN6HTN,Reed Clapper,Prospecting,Engaging,2017-04-12,10
ST-004307,TGQN6HTN,Reed Clapper,Engaging,Won,2017-06-21,70
ST-004308,X8GGF9MG,Rosalina Dieter,Prospecting,Engaging,2017-04-12,17
ST-004309,CPJK2600,Versie Hillebrand,Prospecting,Engaging,2017-04-12,22
ST-004310,CPJK2600,Versie Hillebrand,Engaging,Lost,2017-04-19,7
ST-004311,3P7QQSVF,Vicki Laflamme,Prospecting,Engaging,2017-04-12,12
ST-004312,PGXIPGDM,Vicki Laflamme,Prospecting,Engaging,2017-04-12,27
ST-004313,TLXS1NB8,Vicki Laflamme,Prospecting,Engaging,2017-04-12,26
ST-004314,TLXS1NB8,Vicki Laflamme,Engaging,Lost,2017-04-19,7
ST-004315,TRR34NSR,Vicki Laflamme,Prospecting,Engaging,2017-04-12,28
ST-004316,TRR34NSR,Vicki Laflamme,Engaging,Won,2017-06-06,55
ST-004317,F2KINGVU,Vicki Laflamme,Prospecting,Engaging,2017-04-12,17
ST-004318,F2KINGVU,Vicki Laflamme,Engaging,Won,2017-04-23,11
ST-004319,Q169CIK6,Violet Mclelland,Prospecting,Engaging,2017-04-12,10
ST-004320,Q169CIK6,Violet Mclelland,Engaging,Lost,2017-04-18,6
ST-004321,1QWG9VM6,Zane Levy,Prospecting,Engaging,2017-04-12,20
ST-004322,1QWG9VM6,Zane Levy,Engaging,Won,2017-04-22,10
ST-004323,8OHCCD42,Anna Snelling,Prospecting,Engaging,2017-04-13,10
ST-004324,8OHCCD42,Anna Snelling,Engaging,Lost,2017-04-15,2
ST-004325,QBCK25DV,Anna Snelling,Prospecting,Engaging,2017-04-13,12
ST-004326,QBCK25DV,Anna Snelling,Engaging,Won,2017-04-15,2
ST-004327,8IEVY30X,Boris Faz,Prospecting,Engaging,2017-04-13,28
ST-004328,8IEVY30X,Boris Faz,Engaging,Won,2017-04-14,1
ST-004329,6444O6DK,Corliss Cosme,Prospecting,Engaging,2017-04-13,28
ST-004330,6444O6DK,Corliss Cosme,Engaging,Lost,2017-04-23,10
ST-004331,GNL7T2JP,Corliss Cosme,Prospecting,Engaging,2017-04-13,18
ST-004332,GNL7T2JP,Corliss Cosme,Engaging,Lost,2017-04-18,5
ST-004333,V9YR14KW,Daniell Hammack,Prospecting,Engaging,2017-04-13,29
ST-004334,V9YR14KW,Daniell Hammack,Engaging,Lost,2017-04-20,7
ST-004335,24LP4J8U,Daniell Hammack,Prospecting,Engaging,2017-04-13,9
ST-004336,24LP4J8U,Daniell Hammack,Engaging,Lost,2017-05-13,30
ST-004337,37LTMWB0,Darcel Schlecht,Prospecting,Engaging,2017-04-13,14
ST-004338,37LTMWB0,Darcel Schlecht,Engaging,Lost,2017-04-20,7
ST-004339,8BH9RNZI,Darcel Schlecht,Prospecting,Engaging,2017-04-13,24
ST-004340,8BH9RNZI,Darcel Schlecht,Engaging,Lost,2017-04-14,1
ST-004341,2ZU519Y6,Darcel Schlecht,Prospecting,Engaging,2017-04-13,21
ST-004342,2ZU519Y6,Darcel Schlecht,Engaging,Won,2017-04-19,6
ST-004343,ZESI2PFU,Darcel Schlecht,Prospecting,Engaging,2017-04-13,17
ST-004344,ZESI2PFU,Darcel Schlecht,Engaging,Won,2017-06-27,75
ST-004345,X8T4XLTY,Darcel Schlecht,Prospecting,Engaging,2017-04-13,17
ST-004346,X8T4XLTY,Darcel Schlecht,Engaging,Won,2017-04-23,10
ST-004347,OS2CD01K,Darcel Schlecht,Prospecting,Engaging,2017-04-13,27
ST-004348,OS2CD01K,Darcel Schlecht,Engaging,Won,2017-04-21,8
ST-004349,JNKDEAG9,Gladys Colclough,Prospecting,Engaging,2017-04-13,12
ST-004350,JNKDEAG9,Gladys Colclough,Engaging,Lost,2017-04-19,6
ST-004351,7MGVL7FC,Gladys Colclough,Prospecting,Engaging,2017-04-13,27
ST-004352,7MGVL7FC,Gladys Colclough,Engaging,Won,2017-04-22,9
ST-004353,IFJ2AE9R,Hayden Neloms,Prospecting,Engaging,2017-04-13,15
ST-004354,IFJ2AE9R,Hayden Neloms,Engaging,Lost,2017-04-20,7
ST-004355,HEDUIEUN,Hayden Neloms,Prospecting,Engaging,2017-04-13,19
ST-004356,HEDUIEUN,Hayden Neloms,Engaging,Won,2017-06-23,71
ST-004357,D3OST43E,James Ascencio,Prospecting,Engaging,2017-04-13,19
ST-004358,D3OST43E,James Ascencio,Engaging,Won,2017-04-20,7
ST-004359,Z7OH4GWO,Kami Bicknell,Prospecting,Engaging,2017-04-13,16
ST-004360,9537WTHG,Kami Bicknell,Prospecting,Engaging,2017-04-13,8
ST-004361,9537WTHG,Kami Bicknell,Engaging,Lost,2017-06-09,57
ST-004362,6PMHI9G4,Kami Bicknell,Prospecting,Engaging,2017-04-13,29
ST-004363,6PMHI9G4,Kami Bicknell,Engaging,Won,2017-04-22,9
ST-004364,H3ITKE4I,Kary Hendrixson,Prospecting,Engaging,2017-04-13,9
ST-004365,H3ITKE4I,Kary Hendrixson,Engaging,Lost,2017-04-19,6
ST-004366,4RPUMZ9M,Kary Hendrixson,Prospecting,Engaging,2017-04-13,28
ST-004367,4RPUMZ9M,Kary Hendrixson,Engaging,Lost,2017-04-21,8
ST-004368,U9RFE81I,Moses Frase,Prospecting,Engaging,2017-04-13,22
ST-004369,U9RFE81I,Moses Frase,Engaging,Lost,2017-08-16,125
ST-004370,4T2XENE2,Niesha Huffines,Prospecting,Engaging,2017-04-13,7
ST-004371,4T2XENE2,Niesha Huffines,Engaging,Lost,2017-06-16,64
ST-004372,LIFA0JYO,Versie Hillebrand,Prospecting,Engaging,2017-04-13,30
ST-004373,LIFA0JYO,Versie Hillebrand,Engaging,Lost,2017-05-26,43
ST-004374,JQ8V4I1K,Versie Hillebrand,Prospecting,Engaging,2017-04-13,11
ST-004375,JQ8V4I1K,Versie Hillebrand,Engaging,Won,2017-04-22,9
ST-004376,N5CCEEOY,Vicki Laflamme,Prospecting,Engaging,2017-04-13,4
ST-004377,N5CCEEOY,Vicki Laflamme,Engaging,Lost,2017-04-20,7
ST-004378,C0SNGBJU,Vicki Laflamme,Prospecting,Engaging,2017-04-13,23
ST-004379,C0SNGBJU,Vicki Laflamme,Engaging,Lost,2017-04-23,10
ST-004380,VN6JB8HU,Violet Mclelland,Prospecting,Engaging,2017-04-13,18
ST-004381,VN6JB8HU,Violet Mclelland,Engaging,Won,2017-06-10,58
ST-004382,JK4IB77I,Wilburn Farren,Prospecting,Engaging,2017-04-13,30
ST-004383,JK4IB77I,Wilburn Farren,Engaging,Lost,2017-04-26,13
ST-004384,81G840FM,Zane Levy,Prospecting,Engaging,2017-04-13,14
ST-004385,U5K2MZB6,Zane Levy,Prospecting,Engaging,2017-04-13,20
ST-004386,XMEYATKB,Cassey Cress,Prospecting,Engaging,2017-04-14,6
ST-004387,XMEYATKB,Cassey Cress,Engaging,Lost,2017-04-19,5
ST-004388,IUDDK8Q0,Cassey Cress,Prospecting,Engaging,2017-04-14,25
ST-004389,IUDDK8Q0,Cassey Cress,Engaging,Lost,2017-04-22,8
ST-004390,YQXAY03C,Cassey Cress,Prospecting,Engaging,2017-04-14,30
ST-004391,YQXAY03C,Cassey Cress,Engaging,Lost,2017-04-19,5
ST-004392,QKQ5N9Z1,Corliss Cosme,Prospecting,Engaging,2017-04-14,19
ST-004393,QKQ5N9Z1,Corliss Cosme,Engaging,Won,2017-04-23,9
ST-004394,RZRRMWTH,Daniell Hammack,Prospecting,Engaging,2017-04-14,30
ST-004395,RZRRMWTH,Daniell Hammack,Engaging,Lost,2017-04-20,6
ST-004396,JS9SCCJ3,Darcel Schlecht,Prospecting,Engaging,2017-04-14,6
ST-004397,JS9SCCJ3,Darcel Schlecht,Engaging,Lost,2017-04-15,1
ST-004398,WOBZWEPI,Darcel Schlecht,Prospecting,Engaging,2017-04-14,12
ST-004399,WOBZWEPI,Darcel Schlecht,Engaging,Lost,2017-04-16,2
ST-004400,HBIQF55L,Darcel Schlecht,Prospecting,Engaging,2017-04-14,5
ST-004401,HBIQF55L,Darcel Schlecht,Engaging,Won,2017-08-14,122
ST-004402,V5XB0UPL,Darcel Schlecht,Prospecting,Engaging,2017-04-14,27
ST-004403,V5XB0UPL,Darcel Schlecht,Engaging,Won,2017-06-02,49
ST-004404,QW9JMUTD,Darcel Schlecht,Prospecting,Engaging,2017-04-14,8
ST-004405,QW9JMUTD,Darcel Schlecht,Engaging,Won,2017-04-22,8
ST-004406,7ODLTF4W,Elease Gluck,Prospecting,Engaging,2017-04-14,11
ST-004407,7ODLTF4W,Elease Gluck,Engaging,Won,2017-04-16,2
ST-004408,RUCPPMPY,Elease Gluck,Prospecting,Engaging,2017-04-14,17
ST-004409,RUCPPMPY,Elease Gluck,Engaging,Won,2017-06-16,63
ST-004410,SJHD5TFA,Gladys Colclough,Prospecting,Engaging,2017-04-14,19
ST-004411,SJHD5TFA,Gladys Colclough,Engaging,Lost,2017-06-16,63
ST-004412,2B0QVPBT,Gladys Colclough,Prospecting,Engaging,2017-04-14,7
ST-004413,2B0QVPBT,Gladys Colclough,Engaging,Won,2017-04-15,1
ST-004414,YIZ1VQ3U,Hayden Neloms,Prospecting,Engaging,2017-04-14,29
ST-004415,YIZ1VQ3U,Hayden Neloms,Engaging,Lost,2017-04-15,1
ST-004416,FMNSL9TP,Hayden Neloms,Prospecting,Engaging,2017-04-14,16
ST-004417,FMNSL9TP,Hayden Neloms,Engaging,Won,2017-04-24,10
ST-004418,8ZU8D508,James Ascencio,Prospecting,Engaging,2017-04-14,5
ST-004419,8ZU8D508,James Ascencio,Engaging,Won,2017-05-29,45
ST-004420,NVDVFYGE,Jonathan Berthelot,Prospecting,Engaging,2017-04-14,10
ST-004421,NVDVFYGE,Jonathan Berthelot,Engaging,Won,2017-04-25,11
ST-004422,QQH0YV1W,Jonathan Berthelot,Prospecting,Engaging,2017-04-14,29
ST-004423,QQH0YV1W,Jonathan Berthelot,Engaging,Won,2017-04-24,10
ST-004424,ZVAZKWF3,Kami Bicknell,Prospecting,Engaging,2017-04-14,17
ST-004425,IUNX2OMX,Kami Bicknell,Prospecting,Engaging,2017-04-14,14
ST-004426,IUNX2OMX,Kami Bicknell,Engaging,Lost,2017-04-15,1
ST-004427,6WODV6KD,Kami Bicknell,Prospecting,Engaging,2017-04-14,3
ST-004428,6WODV6KD,Kami Bicknell,Engaging,Won,2017-04-21,7
ST-004429,6S2ABHZS,Markita Hansen,Prospecting,Engaging,2017-04-14,16
ST-004430,COM9RNBL,Markita Hansen,Prospecting,Engaging,2017-04-14,4
ST-004431,RTZFPWVN,Maureen Marcano,Prospecting,Engaging,2017-04-14,15
ST-004432,RTZFPWVN,Maureen Marcano,Engaging,Lost,2017-04-19,5
ST-004433,VYDCTUAU,Maureen Marcano,Prospecting,Engaging,2017-04-14,19
ST-004434,VYDCTUAU,Maureen Marcano,Engaging,Lost,2017-04-16,2
ST-004435,KYFONJP5,Rosie Papadopoulos,Prospecting,Engaging,2017-04-14,14
ST-004436,KYFONJP5,Rosie Papadopoulos,Engaging,Won,2017-06-16,63
ST-004437,ANXSK3QV,Vicki Laflamme,Prospecting,Engaging,2017-04-14,10
ST-004438,ANXSK3QV,Vicki Laflamme,Engaging,Won,2017-04-20,6
ST-004439,7I6OHUE4,Anna Snelling,Prospecting,Engaging,2017-04-15,15
ST-004440,7I6OHUE4,Anna Snelling,Engaging,Lost,2017-04-23,8
ST-004441,AY9NWO78,Anna Snelling,Prospecting,Engaging,2017-04-15,5
ST-004442,AY9NWO78,Anna Snelling,Engaging,Lost,2017-04-20,5
ST-004443,BEP06EN5,Anna Snelling,Prospecting,Engaging,2017-04-15,14
ST-004444,BEP06EN5,Anna Snelling,Engaging,Won,2017-04-16,1
ST-004445,8H95X3AP,Boris Faz,Prospecting,Engaging,2017-04-15,10
ST-004446,8H95X3AP,Boris Faz,Engaging,Won,2017-04-24,9
ST-004447,P7LVKDC9,Cecily Lampkin,Prospecting,Engaging,2017-04-15,3
ST-004448,P7LVKDC9,Cecily Lampkin,Engaging,Won,2017-06-27,73
ST-004449,QRVHBQSF,Donn Cantrell,Prospecting,Engaging,2017-04-15,13
ST-004450,QRVHBQSF,Donn Cantrell,Engaging,Won,2017-04-16,1
ST-004451,8KH8XJRE,Garret Kinder,Prospecting,Engaging,2017-04-15,6
ST-004452,8KH8XJRE,Garret Kinder,Engaging,Won,2017-05-01,16
ST-004453,YZ4AIQQR,Gladys Colclough,Prospecting,Engaging,2017-04-15,29
ST-004454,YZ4AIQQR,Gladys Colclough,Engaging,Lost,2017-04-16,1
ST-004455,R8CW1D6X,Gladys Colclough,Prospecting,Engaging,2017-04-15,25
ST-004456,R8CW1D6X,Gladys Colclough,Engaging,Lost,2017-06-12,58
ST-004457,68KYNPDQ,Hayden Neloms,Prospecting,Engaging,2017-04-15,23
ST-004458,68KYNPDQ,Hayden Neloms,Engaging,Lost,2017-04-24,9
ST-004459,K6M3EX4O,Kami Bicknell,Prospecting,Engaging,2017-04-15,13
ST-004460,9B0HGLRU,Kami Bicknell,Prospecting,Engaging,2017-04-15,28
ST-004461,9B0HGLRU,Kami Bicknell,Engaging,Lost,2017-04-21,6
ST-004462,LWPFQ1UA,Kary Hendrixson,Prospecting,Engaging,2017-04-15,7
ST-004463,TN59K8NP,Kary Hendrixson,Prospecting,Engaging,2017-04-15,7
ST-004464,TN59K8NP,Kary Hendrixson,Engaging,Lost,2017-08-07,114
ST-004465,3OBMD08T,Moses Frase,Prospecting,Engaging,2017-04-15,4
ST-004466,3OBMD08T,Moses Frase,Engaging,Lost,2017-04-17,2
ST-004467,5FWBETTO,Versie Hillebrand,Prospecting,Engaging,2017-04-15,12
ST-004468,5FWBETTO,Versie Hillebrand,Engaging,Won,2017-05-19,34
ST-004469,ANRCHVJM,Violet Mclelland,Prospecting,Engaging,2017-04-15,29
ST-004470,UDTQF84C,Violet Mclelland,Prospecting,Engaging,2017-04-15,18
ST-004471,UDTQF84C,Violet Mclelland,Engaging,Lost,2017-04-17,2
ST-004472,35IRGXY3,Zane Levy,Prospecting,Engaging,2017-04-15,25
ST-004473,35IRGXY3,Zane Levy,Engaging,Won,2017-05-23,38
ST-004474,YHRVQVPV,Zane Levy,Prospecting,Engaging,2017-04-15,29
ST-004475,YHRVQVPV,Zane Levy,Engaging,Won,2017-04-20,5
ST-004476,0PGJNCD7,Anna Snelling,Prospecting,Engaging,2017-04-16,7
ST-004477,0PGJNCD7,Anna Snelling,Engaging,Won,2017-06-23,68
ST-004478,7X7YIWJO,Anna Snelling,Prospecting,Engaging,2017-04-16,27
ST-004479,7X7YIWJO,Anna Snelling,Engaging,Won,2017-08-03,109
ST-004480,2IO3IJPO,Cassey Cress,Prospecting,Engaging,2017-04-16,25
ST-004481,2IO3IJPO,Cassey Cress,Engaging,Won,2017-04-27,11
ST-004482,WCSJBX3N,Cecily Lampkin,Prospecting,Engaging,2017-04-16,18
ST-004483,WCSJBX3N,Cecily Lampkin,Engaging,Lost,2017-06-28,73
ST-004484,FCNYDFK3,Daniell Hammack,Prospecting,Engaging,2017-04-16,17
ST-004485,FCNYDFK3,Daniell Hammack,Engaging,Won,2017-06-06,51
ST-004486,3Y26MZHI,Daniell Hammack,Prospecting,Engaging,2017-04-16,22
ST-004487,3Y26MZHI,Daniell Hammack,Engaging,Won,2017-04-17,1
ST-004488,P0BMLVSL,Darcel Schlecht,Prospecting,Engaging,2017-04-16,3
ST-004489,P0BMLVSL,Darcel Schlecht,Engaging,Won,2017-08-09,115
ST-004490,QK5BW61U,Donn Cantrell,Prospecting,Engaging,2017-04-16,5
ST-004491,QK5BW61U,Donn Cantrell,Engaging,Won,2017-08-05,111
ST-004492,J3SZACNW,Garret Kinder,Prospecting,Engaging,2017-04-16,3
ST-004493,J3SZACNW,Garret Kinder,Engaging,Lost,2017-04-22,6
ST-004494,5SNTPPOV,Garret Kinder,Prospecting,Engaging,2017-04-16,11
ST-004495,5SNTPPOV,Garret Kinder,Engaging,Lost,2017-04-18,2
ST-004496,D7F2AWWW,Garret Kinder,Prospecting,Engaging,2017-04-16,9
ST-004497,D7F2AWWW,Garret Kinder,Engaging,Won,2017-04-23,7
ST-004498,FUL5V96O,Gladys Colclough,Prospecting,Engaging,2017-04-16,29
ST-004499,FUL5V96O,Gladys Colclough,Engaging,Won,2017-04-22,6
ST-004500,BWIWI1PC,Hayden Neloms,Prospecting,Engaging,2017-04-16,7
ST-004501,BWIWI1PC,Hayden Neloms,Engaging,Lost,2017-04-22,6
ST-004502,GYBIACTC,Jonathan Berthelot,Prospecting,Engaging,2017-04-16,20
ST-004503,GYBIACTC,Jonathan Berthelot,Engaging,Won,2017-04-24,8
ST-004504,VD6BP6T2,Jonathan Berthelot,Prospecting,Engaging,2017-04-16,26
ST-004505,VD6BP6T2,Jonathan Berthelot,Engaging,Won,2017-04-23,7
ST-004506,10AEGW41,Kary Hendrixson,Prospecting,Engaging,2017-04-16,22
ST-004507,QA9XE19H,Kary Hendrixson,Prospecting,Engaging,2017-04-16,19
ST-004508,QA9XE19H,Kary Hendrixson,Engaging,Lost,2017-04-23,7
ST-004509,8ZYPSX66,Maureen Marcano,Prospecting,Engaging,2017-04-16,16
ST-004510,8ZYPSX66,Maureen Marcano,Engaging,Won,2017-04-28,12
ST-004511,0AN86YDG,Maureen Marcano,Prospecting,Engaging,2017-04-16,6
ST-004512,0AN86YDG,Maureen Marcano,Engaging,Won,2017-04-24,8
ST-004513,VKXZ36VE,Moses Frase,Prospecting,Engaging,2017-04-16,27
ST-004514,VKXZ36VE,Moses Frase,Engaging,Lost,2017-04-18,2
ST-004515,OJYFSZ2O,Versie Hillebrand,Prospecting,Engaging,2017-04-16,12
ST-004516,OJYFSZ2O,Versie Hillebrand,Engaging,Lost,2017-04-17,1
ST-004517,6G6ZCKSB,Vicki Laflamme,Prospecting,Engaging,2017-04-16,10
ST-004518,YGL1F8K1,Vicki Laflamme,Prospecting,Engaging,2017-04-16,12
ST-004519,YGL1F8K1,Vicki Laflamme,Engaging,Won,2017-05-04,18
ST-004520,C1WGTTYF,Violet Mclelland,Prospecting,Engaging,2017-04-16,6
ST-004521,C1WGTTYF,Violet Mclelland,Engaging,Lost,2017-05-03,17
ST-004522,1OZWGQK9,Zane Levy,Prospecting,Engaging,2017-04-16,4
ST-004523,1OZWGQK9,Zane Levy,Engaging,Lost,2017-04-25,9
ST-004524,EXICVP8C,Anna Snelling,Prospecting,Engaging,2017-04-17,10
ST-004525,EXICVP8C,Anna Snelling,Engaging,Won,2017-04-26,9
ST-004526,DLXFY70W,Anna Snelling,Prospecting,Engaging,2017-04-17,16
ST-004527,DLXFY70W,Anna Snelling,Engaging,Won,2017-04-24,7
ST-004528,GO7UM9AV,Boris Faz,Prospecting,Engaging,2017-04-17,23
ST-004529,GO7UM9AV,Boris Faz,Engaging,Lost,2017-04-19,2
ST-004530,F5ITRBMX,Boris Faz,Prospecting,Engaging,2017-04-17,28
ST-004531,F5ITRBMX,Boris Faz,Engaging,Won,2017-08-04,109
ST-004532,8KFFRJSS,Cecily Lampkin,Prospecting,Engaging,2017-04-17,22
ST-004533,8KFFRJSS,Cecily Lampkin,Engaging,Lost,2017-04-19,2
ST-004534,38VRB2P1,Corliss Cosme,Prospecting,Engaging,2017-04-17,17
ST-004535,38VRB2P1,Corliss Cosme,Engaging,Lost,2017-04-18,1
ST-004536,9CGD5QSZ,Corliss Cosme,Prospecting,Engaging,2017-04-17,5
ST-004537,9CGD5QSZ,Corliss Cosme,Engaging,Lost,2017-04-21,4
ST-004538,UPZRAO84,Corliss Cosme,Prospecting,Engaging,2017-04-17,6
ST-004539,UPZRAO84,Corliss Cosme,Engaging,Won,2017-06-01,45
ST-004540,BPCWRG9P,Daniell Hammack,Prospecting,Engaging,2017-04-17,29
ST-004541,BPCWRG9P,Daniell Hammack,Engaging,Won,2017-04-20,3
ST-004542,JE5085VJ,Daniell Hammack,Prospecting,Engaging,2017-04-17,18
ST-004543,JE5085VJ,Daniell Hammack,Engaging,Won,2017-06-27,71
ST-004544,P5MLWDXX,Daniell Hammack,Prospecting,Engaging,2017-04-17,22
ST-004545,P5MLWDXX,Daniell Hammack,Engaging,Won,2017-06-19,63
ST-004546,IJ7AUTVC,Darcel Schlecht,Prospecting,Engaging,2017-04-17,20
ST-004547,IJ7AUTVC,Darcel Schlecht,Engaging,Lost,2017-04-18,1
ST-004548,84T104O7,Darcel Schlecht,Prospecting,Engaging,2017-04-17,3
ST-004549,84T104O7,Darcel Schlecht,Engaging,Won,2017-04-25,8
ST-004550,0GXXCA37,Darcel Schlecht,Prospecting,Engaging,2017-04-17,23
ST-004551,0GXXCA37,Darcel Schlecht,Engaging,Won,2017-05-01,14
ST-004552,GACPNKGI,Elease Gluck,Prospecting,Engaging,2017-04-17,19
ST-004553,9PCWAYWC,Elease Gluck,Prospecting,Engaging,2017-04-17,21
ST-004554,9PCWAYWC,Elease Gluck,Engaging,Lost,2017-04-18,1
ST-004555,OJ0C7S3T,Gladys Colclough,Prospecting,Engaging,2017-04-17,10
ST-004556,OJ0C7S3T,Gladys Colclough,Engaging,Won,2017-04-24,7
ST-004557,3VMC6PGJ,Hayden Neloms,Prospecting,Engaging,2017-04-17,25
ST-004558,3VMC6PGJ,Hayden Neloms,Engaging,Lost,2017-04-25,8
ST-004559,E2MWXGNG,Hayden Neloms,Prospecting,Engaging,2017-04-17,7
ST-004560,E2MWXGNG,Hayden Neloms,Engaging,Lost,2017-04-19,2
ST-004561,E4082SMQ,James Ascencio,Prospecting,Engaging,2017-04-17,12
ST-004562,QZ2E9TSL,James Ascencio,Prospecting,Engaging,2017-04-17,16
ST-004563,QZ2E9TSL,James Ascencio,Engaging,Lost,2017-08-12,117
ST-004564,L3AYCTGW,James Ascencio,Prospecting,Engaging,2017-04-17,3
ST-004565,L3AYCTGW,James Ascencio,Engaging,Won,2017-04-24,7
ST-004566,IZ02GW0R,Kami Bicknell,Prospecting,Engaging,2017-04-17,22
ST-004567,IZ02GW0R,Kami Bicknell,Engaging,Won,2017-04-19,2
ST-004568,LSVGDJ1A,Kary Hendrixson,Prospecting,Engaging,2017-04-17,14
ST-004569,2LSNRT4U,Kary Hendrixson,Prospecting,Engaging,2017-04-17,10
ST-004570,5AI9WG6M,Kary Hendrixson,Prospecting,Engaging,2017-04-17,21
ST-004571,5AI9WG6M,Kary Hendrixson,Engaging,Lost,2017-04-25,8
ST-004572,Q1DFFYB5,Kary Hendrixson,Prospecting,Engaging,2017-04-17,16
ST-004573,Q1DFFYB5,Kary Hendrixson,Engaging,Lost,2017-04-19,2
ST-004574,XWZG5VPL,Kary Hendrixson,Prospecting,Engaging,2017-04-17,8
ST-004575,XWZG5VPL,Kary Hendrixson,Engaging,Lost,2017-04-18,1
ST-004576,30FHAEJZ,Kary Hendrixson,Prospecting,Engaging,2017-04-17,24
ST-004577,30FHAEJZ,Kary Hendrixson,Engaging,Won,2017-04-19,2
ST-004578,AZOXWEKL,Lajuana Vencill,Prospecting,Engaging,2017-04-17,24
ST-004579,AZOXWEKL,Lajuana Vencill,Engaging,Lost,2017-05-02,15
ST-004580,2NKZR4IM,Lajuana Vencill,Prospecting,Engaging,2017-04-17,5
ST-004581,2NKZR4IM,Lajuana Vencill,Engaging,Lost,2017-04-24,7
ST-004582,3PPB3Q04,Lajuana Vencill,Prospecting,Engaging,2017-04-17,19
ST-004583,3PPB3Q04,Lajuana Vencill,Engaging,Won,2017-06-23,67
ST-004584,C9330YF1,Markita Hansen,Prospecting,Engaging,2017-04-17,14
ST-004585,610UUEAG,Markita Hansen,Prospecting,Engaging,2017-04-17,5
ST-004586,610UUEAG,Markita Hansen,Engaging,Won,2017-04-24,7
ST-004587,FIYSM4E1,Marty Freudenburg,Prospecting,Engaging,2017-04-17,19
ST-004588,FIYSM4E1,Marty Freudenburg,Engaging,Won,2017-04-23,6
ST-004589,BCUR8B2A,Niesha Huffines,Prospecting,Engaging,2017-04-17,20
ST-004590,BCUR8B2A,Niesha Huffines,Engaging,Won,2017-06-06,50
ST-004591,8PGDRAH2,Reed Clapper,Prospecting,Engaging,2017-04-17,19
ST-004592,8PGDRAH2,Reed Clapper,Engaging,Won,2017-04-19,2
ST-004593,QD8F0CI6,Rosalina Dieter,Prospecting,Engaging,2017-04-17,28
ST-004594,7K0S2P6K,Rosalina Dieter,Prospecting,Engaging,2017-04-17,19
ST-004595,G1C9IG0T,Rosalina Dieter,Prospecting,Engaging,2017-04-17,20
ST-004596,G1C9IG0T,Rosalina Dieter,Engaging,Lost,2017-04-27,10
ST-004597,G4B4Z525,Versie Hillebrand,Prospecting,Engaging,2017-04-17,3
ST-004598,G4B4Z525,Versie Hillebrand,Engaging,Won,2017-04-23,6
ST-004599,J9SE3QJD,Violet Mclelland,Prospecting,Engaging,2017-04-17,15
ST-004600,J9SE3QJD,Violet Mclelland,Engaging,Lost,2017-04-26,9
ST-004601,JORFI81C,Violet Mclelland,Prospecting,Engaging,2017-04-17,30
ST-004602,JORFI81C,Violet Mclelland,Engaging,Won,2017-04-25,8
ST-004603,GET2JILL,Wilburn Farren,Prospecting,Engaging,2017-04-17,18
ST-004604,GET2JILL,Wilburn Farren,Engaging,Won,2017-04-23,6
ST-004605,E3HJPDFZ,Zane Levy,Prospecting,Engaging,2017-04-17,4
ST-004606,E3HJPDFZ,Zane Levy,Engaging,Lost,2017-06-24,68
ST-004607,Q22714T0,Anna Snelling,Prospecting,Engaging,2017-04-18,23
ST-004608,Q22714T0,Anna Snelling,Engaging,Lost,2017-04-24,6
ST-004609,FCGE8U5M,Anna Snelling,Prospecting,Engaging,2017-04-18,15
ST-004610,FCGE8U5M,Anna Snelling,Engaging,Won,2017-04-25,7
ST-004611,ROQBT7TM,Anna Snelling,Prospecting,Engaging,2017-04-18,14
ST-004612,ROQBT7TM,Anna Snelling,Engaging,Won,2017-06-20,63
ST-004613,WLFLY0BD,Anna Snelling,Prospecting,Engaging,2017-04-18,11
ST-004614,WLFLY0BD,Anna Snelling,Engaging,Won,2017-04-27,9
ST-004615,8S649LDO,Boris Faz,Prospecting,Engaging,2017-04-18,26
ST-004616,8S649LDO,Boris Faz,Engaging,Lost,2017-05-27,39
ST-004617,JR7SC0S2,Cassey Cress,Prospecting,Engaging,2017-04-18,3
ST-004618,JR7SC0S2,Cassey Cress,Engaging,Won,2017-08-04,108
ST-004619,MFGCEDXE,Corliss Cosme,Prospecting,Engaging,2017-04-18,14
ST-004620,MFGCEDXE,Corliss Cosme,Engaging,Lost,2017-05-04,16
ST-004621,Y9Y4TXD9,Corliss Cosme,Prospecting,Engaging,2017-04-18,28
ST-004622,Y9Y4TXD9,Corliss Cosme,Engaging,Won,2017-05-03,15
ST-004623,ZKOGIB6R,Donn Cantrell,Prospecting,Engaging,2017-04-18,5
ST-004624,ZKOGIB6R,Donn Cantrell,Engaging,Lost,2017-04-25,7
ST-004625,DJMPI9TO,Elease Gluck,Prospecting,Engaging,2017-04-18,14
ST-004626,Z353E8FR,Garret Kinder,Prospecting,Engaging,2017-04-18,10
ST-004627,Z353E8FR,Garret Kinder,Engaging,Lost,2017-04-30,12
ST-004628,IKJSXBY0,Gladys Colclough,Prospecting,Engaging,2017-04-18,26
ST-004629,IKJSXBY0,Gladys Colclough,Engaging,Lost,2017-05-04,16
ST-004630,5SYJS0HS,Hayden Neloms,Prospecting,Engaging,2017-04-18,24
ST-004631,5SYJS0HS,Hayden Neloms,Engaging,Lost,2017-04-23,5
ST-004632,U6XJRWV8,James Ascencio,Prospecting,Engaging,2017-04-18,23
ST-004633,UXOQQR39,James Ascencio,Prospecting,Engaging,2017-04-18,6
ST-004634,UXOQQR39,James Ascencio,Engaging,Lost,2017-04-20,2
ST-004635,J5DF2ZO1,James Ascencio,Prospecting,Engaging,2017-04-18,27
ST-004636,J5DF2ZO1,James Ascencio,Engaging,Won,2017-04-29,11
ST-004637,HGF361RQ,Kami Bicknell,Prospecting,Engaging,2017-04-18,21
ST-004638,HGF361RQ,Kami Bicknell,Engaging,Lost,2017-04-24,6
ST-004639,9B8SPYAF,Kami Bicknell,Prospecting,Engaging,2017-04-18,26
ST-004640,9B8SPYAF,Kami Bicknell,Engaging,Won,2017-04-24,6
ST-004641,BYF6ABTZ,Kary Hendrixson,Prospecting,Engaging,2017-04-18,27
ST-004642,VTLI5HIE,Kary Hendrixson,Prospecting,Engaging,2017-04-18,13
ST-004643,VTLI5HIE,Kary Hendrixson,Engaging,Won,2017-04-26,8
ST-004644,N60UJ28O,Kary Hendrixson,Prospecting,Engaging,2017-04-18,7
ST-004645,N60UJ28O,Kary Hendrixson,Engaging,Won,2017-04-22,4
ST-004646,R102IPTH,Kary Hendrixson,Prospecting,Engaging,2017-04-18,4
ST-004647,R102IPTH,Kary Hendrixson,Engaging,Won,2017-04-19,1
ST-004648,C9O4E52T,Kary Hendrixson,Prospecting,Engaging,2017-04-18,14
ST-004649,C9O4E52T,Kary Hendrixson,Engaging,Won,2017-08-06,110
ST-004650,CJP7LWRK,Kary Hendrixson,Prospecting,Engaging,2017-04-18,20
ST-004651,CJP7LWRK,Kary Hendrixson,Engaging,Won,2017-04-24,6
ST-004652,NHE1CETW,Lajuana Vencill,Prospecting,Engaging,2017-04-18,13
ST-004653,NHE1CETW,Lajuana Vencill,Engaging,Lost,2017-04-26,8
ST-004654,1O1GVZEU,Markita Hansen,Prospecting,Engaging,2017-04-18,29
ST-004655,1O1GVZEU,Markita Hansen,Engaging,Won,2017-06-04,47
ST-004656,K8LRZ95S,Maureen Marcano,Prospecting,Engaging,2017-04-18,23
ST-004657,2OQB2KPY,Maureen Marcano,Prospecting,Engaging,2017-04-18,8
ST-004658,2OQB2KPY,Maureen Marcano,Engaging,Lost,2017-04-22,4
ST-004659,KK4VW0ZM,Niesha Huffines,Prospecting,Engaging,2017-04-18,29
ST-004660,KK4VW0ZM,Niesha Huffines,Engaging,Lost,2017-05-22,34
ST-004661,JHLG51ZI,Niesha Huffines,Prospecting,Engaging,2017-04-18,27
ST-004662,JHLG51ZI,Niesha Huffines,Engaging,Won,2017-04-19,1
ST-004663,Q8BZ3PC9,Rosie Papadopoulos,Prospecting,Engaging,2017-04-18,24
ST-004664,49ZS7GTS,Vicki Laflamme,Prospecting,Engaging,2017-04-18,17
ST-004665,M857G6G1,Vicki Laflamme,Prospecting,Engaging,2017-04-18,25
ST-004666,TS4CB9TH,Vicki Laflamme,Prospecting,Engaging,2017-04-18,18
ST-004667,TS4CB9TH,Vicki Laflamme,Engaging,Won,2017-04-20,2
ST-004668,5K0ZFCVO,Violet Mclelland,Prospecting,Engaging,2017-04-18,23
ST-004669,6AEVX11M,Violet Mclelland,Prospecting,Engaging,2017-04-18,8
ST-004670,BH40KWV5,Zane Levy,Prospecting,Engaging,2017-04-18,28
ST-004671,BH40KWV5,Zane Levy,Engaging,Lost,2017-04-24,6
ST-004672,MMVHAEI3,Zane Levy,Prospecting,Engaging,2017-04-18,7
ST-004673,MMVHAEI3,Zane Levy,Engaging,Lost,2017-04-25,7
ST-004674,PGRIPWHY,Zane Levy,Prospecting,Engaging,2017-04-18,5
ST-004675,PGRIPWHY,Zane Levy,Engaging,Won,2017-04-25,7
ST-004676,0VXUZU7P,Anna Snelling,Prospecting,Engaging,2017-04-19,25
ST-004677,0VXUZU7P,Anna Snelling,Engaging,Won,2017-04-25,6
ST-004678,WGETO859,Boris Faz,Prospecting,Engaging,2017-04-19,27
ST-004679,7B21SGQ8,Boris Faz,Prospecting,Engaging,2017-04-19,17
ST-004680,7B21SGQ8,Boris Faz,Engaging,Won,2017-04-29,10
ST-004681,I6TVFB6J,Cecily Lampkin,Prospecting,Engaging,2017-04-19,4
ST-004682,I6TVFB6J,Cecily Lampkin,Engaging,Lost,2017-04-28,9
ST-004683,PHAFVDFO,Cecily Lampkin,Prospecting,Engaging,2017-04-19,12
ST-004684,PHAFVDFO,Cecily Lampkin,Engaging,Won,2017-04-20,1
ST-004685,CTWSDG4U,Corliss Cosme,Prospecting,Engaging,2017-04-19,9
ST-004686,I6O855AE,Daniell Hammack,Prospecting,Engaging,2017-04-19,4
ST-004687,I6O855AE,Daniell Hammack,Engaging,Won,2017-05-22,33
ST-004688,OUIK8VX3,Elease Gluck,Prospecting,Engaging,2017-04-19,28
ST-004689,OUIK8VX3,Elease Gluck,Engaging,Won,2017-04-20,1
ST-004690,RYO875D0,Garret Kinder,Prospecting,Engaging,2017-04-19,9
ST-004691,RYO875D0,Garret Kinder,Engaging,Lost,2017-04-28,9
ST-004692,0EYXI1UN,Hayden Neloms,Prospecting,Engaging,2017-04-19,4
ST-004693,O5S6WEM7,James Ascencio,Prospecting,Engaging,2017-04-19,13
ST-004694,O5S6WEM7,James Ascencio,Engaging,Lost,2017-05-01,12
ST-004695,DJ2FHO68,Kami Bicknell,Prospecting,Engaging,2017-04-19,12
ST-004696,DJ2FHO68,Kami Bicknell,Engaging,Lost,2017-08-16,119
ST-004697,5LHNRZD3,Lajuana Vencill,Prospecting,Engaging,2017-04-19,19
ST-004698,5LHNRZD3,Lajuana Vencill,Engaging,Lost,2017-04-21,2
ST-004699,URIKPDOJ,Maureen Marcano,Prospecting,Engaging,2017-04-19,15
ST-004700,URIKPDOJ,Maureen Marcano,Engaging,Lost,2017-04-27,8
ST-004701,U1J4YN0I,Niesha Huffines,Prospecting,Engaging,2017-04-19,29
ST-004702,U1J4YN0I,Niesha Huffines,Engaging,Lost,2017-04-21,2
ST-004703,QBUJF4I7,Reed Clapper,Prospecting,Engaging,2017-04-19,20
ST-004704,QBUJF4I7,Reed Clapper,Engaging,Lost,2017-04-20,1
ST-004705,99QIJAAP,Reed Clapper,Prospecting,Engaging,2017-04-19,18
ST-004706,99QIJAAP,Reed Clapper,Engaging,Won,2017-04-27,8
ST-004707,K127AFNP,Rosalina Dieter,Prospecting,Engaging,2017-04-19,11
ST-004708,K127AFNP,Rosalina Dieter,Engaging,Lost,2017-04-30,11
ST-004709,4K7PRO1B,Rosalina Dieter,Prospecting,Engaging,2017-04-19,4
ST-004710,4K7PRO1B,Rosalina Dieter,Engaging,Won,2017-04-28,9
ST-004711,XOVYPE58,Rosie Papadopoulos,Prospecting,Engaging,2017-04-19,27
ST-004712,AYB7DWUH,Rosie Papadopoulos,Prospecting,Engaging,2017-04-19,23
ST-004713,AYB7DWUH,Rosie Papadopoulos,Engaging,Won,2017-04-20,1
ST-004714,6CKXLPAR,Versie Hillebrand,Prospecting,Engaging,2017-04-19,9
ST-004715,6CKXLPAR,Versie Hillebrand,Engaging,Won,2017-06-27,69
ST-004716,FQ2F717F,Versie Hillebrand,Prospecting,Engaging,2017-04-19,12
ST-004717,FQ2F717F,Versie Hillebrand,Engaging,Won,2017-08-03,106
ST-004718,2SBP68CP,Violet Mclelland,Prospecting,Engaging,2017-04-19,14
ST-004719,2SBP68CP,Violet Mclelland,Engaging,Lost,2017-04-21,2
ST-004720,S2MSQIXP,Zane Levy,Prospecting,Engaging,2017-04-19,30
ST-004721,LPGOTIM2,Boris Faz,Prospecting,Engaging,2017-04-20,27
ST-004722,LPGOTIM2,Boris Faz,Engaging,Won,2017-06-16,57
ST-004723,LW8485Y2,Cassey Cress,Prospecting,Engaging,2017-04-20,4
ST-004724,LW8485Y2,Cassey Cress,Engaging,Won,2017-08-10,112
ST-004725,UKLAKXP2,Cassey Cress,Prospecting,Engaging,2017-04-20,30
ST-004726,UKLAKXP2,Cassey Cress,Engaging,Won,2017-04-25,5
ST-004727,4LLWRSBJ,Cassey Cress,Prospecting,Engaging,2017-04-20,23
ST-004728,4LLWRSBJ,Cassey Cress,Engaging,Won,2017-04-22,2
ST-004729,YYJILFBU,Corliss Cosme,Prospecting,Engaging,2017-04-20,13
ST-004730,YYJILFBU,Corliss Cosme,Engaging,Lost,2017-05-01,11
ST-004731,AWVSWBQV,Daniell Hammack,Prospecting,Engaging,2017-04-20,11
ST-004732,AWVSWBQV,Daniell Hammack,Engaging,Lost,2017-04-22,2
ST-004733,VORZHQ40,Darcel Schlecht,Prospecting,Engaging,2017-04-20,6
ST-004734,VORZHQ40,Darcel Schlecht,Engaging,Lost,2017-04-30,10
ST-004735,5QD09R7U,Darcel Schlecht,Prospecting,Engaging,2017-04-20,28
ST-004736,5QD09R7U,Darcel Schlecht,Engaging,Won,2017-04-28,8
ST-004737,ETISD84I,Donn Cantrell,Prospecting,Engaging,2017-04-20,14
ST-004738,ETISD84I,Donn Cantrell,Engaging,Lost,2017-04-24,4
ST-004739,K0T5LJ3E,Elease Gluck,Prospecting,Engaging,2017-04-20,16
ST-004740,K0T5LJ3E,Elease Gluck,Engaging,Won,2017-06-28,69
ST-004741,D5YLWCFW,Gladys Colclough,Prospecting,Engaging,2017-04-20,15
ST-004742,D5YLWCFW,Gladys Colclough,Engaging,Lost,2017-05-02,12
ST-004743,ZALE38AC,James Ascencio,Prospecting,Engaging,2017-04-20,26
ST-004744,ZALE38AC,James Ascencio,Engaging,Lost,2017-05-09,19
ST-004745,T7MVQ9SX,James Ascencio,Prospecting,Engaging,2017-04-20,17
ST-004746,T7MVQ9SX,James Ascencio,Engaging,Won,2017-05-02,12
ST-004747,GTEFJL6U,Jonathan Berthelot,Prospecting,Engaging,2017-04-20,15
ST-004748,GTEFJL6U,Jonathan Berthelot,Engaging,Lost,2017-04-22,2
ST-004749,D7MYDHMF,Jonathan Berthelot,Prospecting,Engaging,2017-04-20,13
ST-004750,D7MYDHMF,Jonathan Berthelot,Engaging,Won,2017-04-29,9
ST-004751,XAE858UJ,Jonathan Berthelot,Prospecting,Engaging,2017-04-20,8
ST-004752,XAE858UJ,Jonathan Berthelot,Engaging,Won,2017-06-30,71
ST-004753,WTCU9X9M,Jonathan Berthelot,Prospecting,Engaging,2017-04-20,18
ST-004754,WTCU9X9M,Jonathan Berthelot,Engaging,Won,2017-06-15,56
ST-004755,0IF5FH68,Jonathan Berthelot,Prospecting,Engaging,2017-04-20,25
ST-004756,0IF5FH68,Jonathan Berthelot,Engaging,Won,2017-08-03,105
ST-004757,QUGPSHY8,Jonathan Berthelot,Prospecting,Engaging,2017-04-20,18
ST-004758,QUGPSHY8,Jonathan Berthelot,Engaging,Won,2017-04-27,7
ST-004759,C32E4E1D,Kami Bicknell,Prospecting,Engaging,2017-04-20,14
ST-004760,QNFO4GX8,Kami Bicknell,Prospecting,Engaging,2017-04-20,28
ST-004761,QNFO4GX8,Kami Bicknell,Engaging,Won,2017-04-28,8
ST-004762,U2HYH97X,Kary Hendrixson,Prospecting,Engaging,2017-04-20,19
ST-004763,H1NFMTJ4,Kary Hendrixson,Prospecting,Engaging,2017-04-20,11
ST-004764,H1NFMTJ4,Kary Hendrixson,Engaging,Won,2017-06-25,66
ST-004765,AUJ21SKT,Markita Hansen,Prospecting,Engaging,2017-04-20,28
ST-004766,AUJ21SKT,Markita Hansen,Engaging,Lost,2017-04-21,1
ST-004767,XIXNILOP,Marty Freudenburg,Prospecting,Engaging,2017-04-20,5
ST-004768,XIXNILOP,Marty Freudenburg,Engaging,Won,2017-04-28,8
ST-004769,M645P7NW,Maureen Marcano,Prospecting,Engaging,2017-04-20,26
ST-004770,M645P7NW,Maureen Marcano,Engaging,Won,2017-04-27,7
ST-004771,UPAGB68Z,Maureen Marcano,Prospecting,Engaging,2017-04-20,16
ST-004772,UPAGB68Z,Maureen Marcano,Engaging,Won,2017-04-30,10
ST-004773,7TCCYDR3,Maureen Marcano,Prospecting,Engaging,2017-04-20,5
ST-004774,7TCCYDR3,Maureen Marcano,Engaging,Won,2017-05-27,37
ST-004775,H5662N5X,Moses Frase,Prospecting,Engaging,2017-04-20,16
ST-004776,H5662N5X,Moses Frase,Engaging,Lost,2017-04-22,2
ST-004777,07BT6PBZ,Moses Frase,Prospecting,Engaging,2017-04-20,22
ST-004778,07BT6PBZ,Moses Frase,Engaging,Won,2017-05-02,12
ST-004779,N7FJ13VQ,Reed Clapper,Prospecting,Engaging,2017-04-20,29
ST-004780,N7FJ13VQ,Reed Clapper,Engaging,Lost,2017-04-21,1
ST-004781,9UYDTR0R,Reed Clapper,Prospecting,Engaging,2017-04-20,8
ST-004782,9UYDTR0R,Reed Clapper,Engaging,Lost,2017-04-27,7
ST-004783,JOLRMB6X,Rosie Papadopoulos,Prospecting,Engaging,2017-04-20,20
ST-004784,JOLRMB6X,Rosie Papadopoulos,Engaging,Won,2017-06-24,65
ST-004785,K8DHOJWM,Versie Hillebrand,Prospecting,Engaging,2017-04-20,12
ST-004786,K8DHOJWM,Versie Hillebrand,Engaging,Won,2017-04-27,7
ST-004787,NKBIYNK5,Vicki Laflamme,Prospecting,Engaging,2017-04-20,13
ST-004788,NKBIYNK5,Vicki Laflamme,Engaging,Lost,2017-04-28,8
ST-004789,8MXI6J6N,Anna Snelling,Prospecting,Engaging,2017-04-21,6
ST-004790,8MXI6J6N,Anna Snelling,Engaging,Lost,2017-05-05,14
ST-004791,MRWHJE9P,Cassey Cress,Prospecting,Engaging,2017-04-21,5
ST-004792,HRLYABOS,Cassey Cress,Prospecting,Engaging,2017-04-21,13
ST-004793,HRLYABOS,Cassey Cress,Engaging,Won,2017-08-21,122
ST-004794,BTLXFPUB,Daniell Hammack,Prospecting,Engaging,2017-04-21,24
ST-004795,BTLXFPUB,Daniell Hammack,Engaging,Won,2017-06-12,52
ST-004796,W7GVZL28,Darcel Schlecht,Prospecting,Engaging,2017-04-21,12
ST-004797,W7GVZL28,Darcel Schlecht,Engaging,Lost,2017-04-30,9
ST-004798,HK1JJKQL,Darcel Schlecht,Prospecting,Engaging,2017-04-21,12
ST-004799,HK1JJKQL,Darcel Schlecht,Engaging,Lost,2017-04-27,6
ST-004800,D5TGHX3Y,Darcel Schlecht,Prospecting,Engaging,2017-04-21,17
ST-004801,D5TGHX3Y,Darcel Schlecht,Engaging,Lost,2017-08-10,111
ST-004802,HBXLK0B6,Darcel Schlecht,Prospecting,Engaging,2017-04-21,22
ST-004803,HBXLK0B6,Darcel Schlecht,Engaging,Won,2017-04-26,5
ST-004804,PZ6TGFY6,Donn Cantrell,Prospecting,Engaging,2017-04-21,25
ST-004805,PZ6TGFY6,Donn Cantrell,Engaging,Lost,2017-05-07,16
ST-004806,ETADSAC3,Donn Cantrell,Prospecting,Engaging,2017-04-21,16
ST-004807,ETADSAC3,Donn Cantrell,Engaging,Won,2017-04-27,6
ST-004808,8W206MO5,Garret Kinder,Prospecting,Engaging,2017-04-21,8
ST-004809,8W206MO5,Garret Kinder,Engaging,Won,2017-06-12,52
ST-004810,Z9SY11HK,Hayden Neloms,Prospecting,Engaging,2017-04-21,25
ST-004811,Z9SY11HK,Hayden Neloms,Engaging,Won,2017-04-30,9
ST-004812,6YIW81M9,Jonathan Berthelot,Prospecting,Engaging,2017-04-21,17
ST-004813,6YIW81M9,Jonathan Berthelot,Engaging,Lost,2017-04-22,1
ST-004814,0XI051FP,Jonathan Berthelot,Prospecting,Engaging,2017-04-21,14
ST-004815,0XI051FP,Jonathan Berthelot,Engaging,Lost,2017-05-02,11
ST-004816,TBPGQYF8,Jonathan Berthelot,Prospecting,Engaging,2017-04-21,17
ST-004817,TBPGQYF8,Jonathan Berthelot,Engaging,Won,2017-04-22,1
ST-004818,7CC38V2J,Kami Bicknell,Prospecting,Engaging,2017-04-21,4
ST-004819,7CC38V2J,Kami Bicknell,Engaging,Won,2017-06-29,69
ST-004820,PC2V729V,Kami Bicknell,Prospecting,Engaging,2017-04-21,26
ST-004821,PC2V729V,Kami Bicknell,Engaging,Won,2017-05-04,13
ST-004822,7AOZ2F9R,Lajuana Vencill,Prospecting,Engaging,2017-04-21,30
ST-004823,7AOZ2F9R,Lajuana Vencill,Engaging,Won,2017-06-12,52
ST-004824,7I7BZHHT,Marty Freudenburg,Prospecting,Engaging,2017-04-21,14
ST-004825,7I7BZHHT,Marty Freudenburg,Engaging,Lost,2017-05-29,38
ST-004826,79DYTU8Y,Moses Frase,Prospecting,Engaging,2017-04-21,22
ST-004827,79DYTU8Y,Moses Frase,Engaging,Won,2017-05-06,15
ST-004828,V4HYSJS2,Reed Clapper,Prospecting,Engaging,2017-04-21,16
ST-004829,V4HYSJS2,Reed Clapper,Engaging,Won,2017-06-04,44
ST-004830,1L6M83Q5,Reed Clapper,Prospecting,Engaging,2017-04-21,11
ST-004831,1L6M83Q5,Reed Clapper,Engaging,Won,2017-05-02,11
ST-004832,FVGRGJU8,Rosie Papadopoulos,Prospecting,Engaging,2017-04-21,23
ST-004833,POFA8BWL,Rosie Papadopoulos,Prospecting,Engaging,2017-04-21,28
ST-004834,POFA8BWL,Rosie Papadopoulos,Engaging,Won,2017-04-23,2
ST-004835,AKXBF6IQ,Versie Hillebrand,Prospecting,Engaging,2017-04-21,4
ST-004836,AKXBF6IQ,Versie Hillebrand,Engaging,Won,2017-06-09,49
ST-004837,Q6OUJCH5,Vicki Laflamme,Prospecting,Engaging,2017-04-21,5
ST-004838,VD94D677,Vicki Laflamme,Prospecting,Engaging,2017-04-21,24
ST-004839,VD94D677,Vicki Laflamme,Engaging,Lost,2017-04-29,8
ST-004840,EBUJQ571,Vicki Laflamme,Prospecting,Engaging,2017-04-21,23
ST-004841,EBUJQ571,Vicki Laflamme,Engaging,Won,2017-08-12,113
ST-004842,Z2M1XXEK,Wilburn Farren,Prospecting,Engaging,2017-04-21,15
ST-004843,Z2M1XXEK,Wilburn Farren,Engaging,Won,2017-04-22,1
ST-004844,RBOI8DLQ,Zane Levy,Prospecting,Engaging,2017-04-21,14
ST-004845,RBOI8DLQ,Zane Levy,Engaging,Lost,2017-05-02,11
ST-004846,OI6UHCTN,Zane Levy,Prospecting,Engaging,2017-04-21,19
ST-004847,OI6UHCTN,Zane Levy,Engaging,Won,2017-04-23,2
ST-004848,LTOKXFP1,Zane Levy,Prospecting,Engaging,2017-04-21,28
ST-004849,LTOKXFP1,Zane Levy,Engaging,Won,2017-04-29,8
ST-004850,JV6PZSN6,Boris Faz,Prospecting,Engaging,2017-04-22,26
ST-004851,JV6PZSN6,Boris Faz,Engaging,Lost,2017-04-29,7
ST-004852,9EGAFG1B,Cassey Cress,Prospecting,Engaging,2017-04-22,24
ST-004853,9EGAFG1B,Cassey Cress,Engaging,Lost,2017-05-08,16
ST-004854,VPSJHIAA,Cassey Cress,Prospecting,Engaging,2017-04-22,8
ST-004855,VPSJHIAA,Cassey Cress,Engaging,Won,2017-04-28,6
ST-004856,MJF4D19K,Darcel Schlecht,Prospecting,Engaging,2017-04-22,3
ST-004857,MJF4D19K,Darcel Schlecht,Engaging,Won,2017-04-29,7
ST-004858,JR4WED6G,Darcel Schlecht,Prospecting,Engaging,2017-04-22,7
ST-004859,JR4WED6G,Darcel Schlecht,Engaging,Won,2017-05-24,32
ST-004860,GC4YH9D0,Jonathan Berthelot,Prospecting,Engaging,2017-04-22,30
ST-004861,GC4YH9D0,Jonathan Berthelot,Engaging,Won,2017-08-12,112
ST-004862,2ZUL1AAV,Kary Hendrixson,Prospecting,Engaging,2017-04-22,22
ST-004863,2ZUL1AAV,Kary Hendrixson,Engaging,Lost,2017-04-29,7
ST-004864,8CUN8O4Z,Kary Hendrixson,Prospecting,Engaging,2017-04-22,24
ST-004865,8CUN8O4Z,Kary Hendrixson,Engaging,Won,2017-04-30,8
ST-004866,AMX2BM39,Kary Hendrixson,Prospecting,Engaging,2017-04-22,28
ST-004867,AMX2BM39,Kary Hendrixson,Engaging,Won,2017-04-23,1
ST-004868,FK3NS3EW,Markita Hansen,Prospecting,Engaging,2017-04-22,17
ST-004869,FK3NS3EW,Markita Hansen,Engaging,Won,2017-04-30,8
ST-004870,IIVP87B8,Maureen Marcano,Prospecting,Engaging,2017-04-22,4
ST-004871,3AB31BUU,Moses Frase,Prospecting,Engaging,2017-04-22,7
ST-004872,3AB31BUU,Moses Frase,Engaging,Won,2017-04-27,5
ST-004873,ZQ7TYNUV,Niesha Huffines,Prospecting,Engaging,2017-04-22,5
ST-004874,ZQ7TYNUV,Niesha Huffines,Engaging,Won,2017-04-30,8
ST-004875,2PCPSBP9,Reed Clapper,Prospecting,Engaging,2017-04-22,10
ST-004876,2PCPSBP9,Reed Clapper,Engaging,Lost,2017-05-08,16
ST-004877,E223LSRZ,Reed Clapper,Prospecting,Engaging,2017-04-22,27
ST-004878,E223LSRZ,Reed Clapper,Engaging,Won,2017-06-24,63
ST-004879,SW75F1Q1,Rosalina Dieter,Prospecting,Engaging,2017-04-22,23
ST-004880,SW75F1Q1,Rosalina Dieter,Engaging,Won,2017-04-28,6
ST-004881,0Z6MNUF2,Rosalina Dieter,Prospecting,Engaging,2017-04-22,14
ST-004882,0Z6MNUF2,Rosalina Dieter,Engaging,Won,2017-04-30,8
ST-004883,HWD8ELR9,Versie Hillebrand,Prospecting,Engaging,2017-04-22,14
ST-004884,HWD8ELR9,Versie Hillebrand,Engaging,Won,2017-05-26,34
ST-004885,XJI41C0L,Vicki Laflamme,Prospecting,Engaging,2017-04-22,15
ST-004886,XJI41C0L,Vicki Laflamme,Engaging,Won,2017-04-28,6
ST-004887,9FWCMMM3,Vicki Laflamme,Prospecting,Engaging,2017-04-22,21
ST-004888,9FWCMMM3,Vicki Laflamme,Engaging,Won,2017-04-29,7
ST-004889,4QFATB6J,Violet Mclelland,Prospecting,Engaging,2017-04-22,4
ST-004890,61E7IHAY,Violet Mclelland,Prospecting,Engaging,2017-04-22,22
ST-004891,XPDLW6F0,Zane Levy,Prospecting,Engaging,2017-04-22,7
ST-004892,XPDLW6F0,Zane Levy,Engaging,Won,2017-04-29,7
ST-004893,NCL2AJUL,Anna Snelling,Prospecting,Engaging,2017-04-23,24
ST-004894,NCL2AJUL,Anna Snelling,Engaging,Lost,2017-08-26,125
ST-004895,1E2LYCWP,Boris Faz,Prospecting,Engaging,2017-04-23,17
ST-004896,1E2LYCWP,Boris Faz,Engaging,Lost,2017-04-24,1
ST-004897,NZPZ87IX,Cassey Cress,Prospecting,Engaging,2017-04-23,14
ST-004898,NZPZ87IX,Cassey Cress,Engaging,Lost,2017-04-30,7
ST-004899,SDJDM8RI,Cassey Cress,Prospecting,Engaging,2017-04-23,14
ST-004900,SDJDM8RI,Cassey Cress,Engaging,Lost,2017-08-20,119
ST-004901,O64JQPJ2,Corliss Cosme,Prospecting,Engaging,2017-04-23,17
ST-004902,O64JQPJ2,Corliss Cosme,Engaging,Lost,2017-04-30,7
ST-004903,I18DIO6O,Corliss Cosme,Prospecting,Engaging,2017-04-23,27
ST-004904,I18DIO6O,Corliss Cosme,Engaging,Won,2017-04-24,1
ST-004905,8W464DG6,Corliss Cosme,Prospecting,Engaging,2017-04-23,5
ST-004906,8W464DG6,Corliss Cosme,Engaging,Won,2017-04-30,7
ST-004907,FI5OA7O6,Daniell Hammack,Prospecting,Engaging,2017-04-23,21
ST-004908,FI5OA7O6,Daniell Hammack,Engaging,Won,2017-04-25,2
ST-004909,AT6SDVJ5,Donn Cantrell,Prospecting,Engaging,2017-04-23,7
ST-004910,AT6SDVJ5,Donn Cantrell,Engaging,Lost,2017-08-26,125
ST-004911,YDBPPU6J,Donn Cantrell,Prospecting,Engaging,2017-04-23,19
ST-004912,YDBPPU6J,Donn Cantrell,Engaging,Won,2017-06-03,41
ST-004913,L6PCVRJS,Donn Cantrell,Prospecting,Engaging,2017-04-23,14
ST-004914,L6PCVRJS,Donn Cantrell,Engaging,Won,2017-04-30,7
ST-004915,UO6R0X7G,Elease Gluck,Prospecting,Engaging,2017-04-23,15
ST-004916,UO6R0X7G,Elease Gluck,Engaging,Lost,2017-05-04,11
ST-004917,PC38XXQN,Elease Gluck,Prospecting,Engaging,2017-04-23,13
ST-004918,PC38XXQN,Elease Gluck,Engaging,Lost,2017-08-01,100
ST-004919,7EBT21IA,Gladys Colclough,Prospecting,Engaging,2017-04-23,23
ST-004920,7EBT21IA,Gladys Colclough,Engaging,Won,2017-04-24,1
ST-004921,M7W3E298,Gladys Colclough,Prospecting,Engaging,2017-04-23,11
ST-004922,M7W3E298,Gladys Colclough,Engaging,Won,2017-05-02,9
ST-004923,KTC0RC8I,James Ascencio,Prospecting,Engaging,2017-04-23,10
ST-004924,MCRDLBIE,James Ascencio,Prospecting,Engaging,2017-04-23,6
ST-004925,MCRDLBIE,James Ascencio,Engaging,Won,2017-06-11,49
ST-004926,JW4K9O5H,Kami Bicknell,Prospecting,Engaging,2017-04-23,3
ST-004927,JW4K9O5H,Kami Bicknell,Engaging,Lost,2017-04-25,2
ST-004928,FX54MQFC,Kami Bicknell,Prospecting,Engaging,2017-04-23,26
ST-004929,FX54MQFC,Kami Bicknell,Engaging,Won,2017-04-24,1
ST-004930,A2C5O4EN,Kary Hendrixson,Prospecting,Engaging,2017-04-23,8
ST-004931,A2C5O4EN,Kary Hendrixson,Engaging,Won,2017-04-29,6
ST-004932,79G6725X,Kary Hendrixson,Prospecting,Engaging,2017-04-23,18
ST-004933,79G6725X,Kary Hendrixson,Engaging,Won,2017-04-26,3
ST-004934,GM6C1UK3,Lajuana Vencill,Prospecting,Engaging,2017-04-23,19
ST-004935,GM6C1UK3,Lajuana Vencill,Engaging,Lost,2017-05-02,9
ST-004936,6VET70WX,Lajuana Vencill,Prospecting,Engaging,2017-04-23,15
ST-004937,6VET70WX,Lajuana Vencill,Engaging,Won,2017-06-15,53
ST-004938,UQO59R6N,Lajuana Vencill,Prospecting,Engaging,2017-04-23,20
ST-004939,UQO59R6N,Lajuana Vencill,Engaging,Won,2017-08-11,110
ST-004940,CY7C3ZPJ,Markita Hansen,Prospecting,Engaging,2017-04-23,6
ST-004941,HEOTZFII,Markita Hansen,Prospecting,Engaging,2017-04-23,11
ST-004942,HEOTZFII,Markita Hansen,Engaging,Lost,2017-04-24,1
ST-004943,8V4PEF5D,Moses Frase,Prospecting,Engaging,2017-04-23,27
ST-004944,8V4PEF5D,Moses Frase,Engaging,Won,2017-06-25,63
ST-004945,7RJMI3GC,Niesha Huffines,Prospecting,Engaging,2017-04-23,11
ST-004946,7RJMI3GC,Niesha Huffines,Engaging,Won,2017-04-24,1
ST-004947,2ZEFCKS3,Niesha Huffines,Prospecting,Engaging,2017-04-23,25
ST-004948,2ZEFCKS3,Niesha Huffines,Engaging,Won,2017-09-01,131
ST-004949,3EGE42CM,Reed Clapper,Prospecting,Engaging,2017-04-23,17
ST-004950,3EGE42CM,Reed Clapper,Engaging,Lost,2017-04-24,1
ST-004951,M9GP930T,Rosalina Dieter,Prospecting,Engaging,2017-04-23,9
ST-004952,APWT2PFU,Rosalina Dieter,Prospecting,Engaging,2017-04-23,22
ST-004953,APWT2PFU,Rosalina Dieter,Engaging,Won,2017-04-30,7
ST-004954,SUT0ZGFM,Rosie Papadopoulos,Prospecting,Engaging,2017-04-23,12
ST-004955,SUT0ZGFM,Rosie Papadopoulos,Engaging,Lost,2017-05-06,13
ST-004956,PTCP8RP4,Versie Hillebrand,Prospecting,Engaging,2017-04-23,25
ST-004957,PTCP8RP4,Versie Hillebrand,Engaging,Lost,2017-05-05,12
ST-004958,QRFKRSKS,Versie Hillebrand,Prospecting,Engaging,2017-04-23,18
ST-004959,QRFKRSKS,Versie Hillebrand,Engaging,Lost,2017-08-06,105
ST-004960,J82TWNI7,Vicki Laflamme,Prospecting,Engaging,2017-04-23,9
ST-004961,J82TWNI7,Vicki Laflamme,Engaging,Lost,2017-08-13,112
ST-004962,DSIX9DGZ,Vicki Laflamme,Prospecting,Engaging,2017-04-23,6
ST-004963,DSIX9DGZ,Vicki Laflamme,Engaging,Lost,2017-04-30,7
ST-004964,64WCPKZ1,Violet Mclelland,Prospecting,Engaging,2017-04-23,7
ST-004965,64WCPKZ1,Violet Mclelland,Engaging,Won,2017-05-08,15
ST-004966,D3G7ER0D,Wilburn Farren,Prospecting,Engaging,2017-04-23,30
ST-004967,D3G7ER0D,Wilburn Farren,Engaging,Won,2017-05-01,8
ST-004968,LITG1BL1,Zane Levy,Prospecting,Engaging,2017-04-23,5
ST-004969,LITG1BL1,Zane Levy,Engaging,Lost,2017-04-28,5
ST-004970,7FKONHLX,Anna Snelling,Prospecting,Engaging,2017-04-24,17
ST-004971,7FKONHLX,Anna Snelling,Engaging,Won,2017-04-25,1
ST-004972,NMY6FA6X,Corliss Cosme,Prospecting,Engaging,2017-04-24,8
ST-004973,S439SXI1,Corliss Cosme,Prospecting,Engaging,2017-04-24,25
ST-004974,S439SXI1,Corliss Cosme,Engaging,Won,2017-08-04,102
ST-004975,SG1T9M5F,Darcel Schlecht,Prospecting,Engaging,2017-04-24,17
ST-004976,SG1T9M5F,Darcel Schlecht,Engaging,Lost,2017-04-30,6
ST-004977,SLP4PTFK,Darcel Schlecht,Prospecting,Engaging,2017-04-24,5
ST-004978,SLP4PTFK,Darcel Schlecht,Engaging,Won,2017-05-06,12
ST-004979,X3S5O9LJ,Darcel Schlecht,Prospecting,Engaging,2017-04-24,28
ST-004980,X3S5O9LJ,Darcel Schlecht,Engaging,Won,2017-04-29,5
ST-004981,ZA6AJ0N1,Darcel Schlecht,Prospecting,Engaging,2017-04-24,24
ST-004982,ZA6AJ0N1,Darcel Schlecht,Engaging,Won,2017-08-15,113
ST-004983,QGBMWIO6,Garret Kinder,Prospecting,Engaging,2017-04-24,30
ST-004984,QGBMWIO6,Garret Kinder,Engaging,Lost,2017-05-06,12
ST-004985,T361XRAQ,Gladys Colclough,Prospecting,Engaging,2017-04-24,13
ST-004986,T361XRAQ,Gladys Colclough,Engaging,Lost,2017-05-03,9
ST-004987,NUQPJV8A,Hayden Neloms,Prospecting,Engaging,2017-04-24,24
ST-004988,GWRN1R49,James Ascencio,Prospecting,Engaging,2017-04-24,14
ST-004989,GWRN1R49,James Ascencio,Engaging,Won,2017-05-05,11
ST-004990,Q0KYIEKA,Jonathan Berthelot,Prospecting,Engaging,2017-04-24,25
ST-004991,Q0KYIEKA,Jonathan Berthelot,Engaging,Won,2017-04-26,2
ST-004992,VY4IVO2W,Kami Bicknell,Prospecting,Engaging,2017-04-24,5
ST-004993,2K7R3QHZ,Kary Hendrixson,Prospecting,Engaging,2017-04-24,20
ST-004994,2K7R3QHZ,Kary Hendrixson,Engaging,Won,2017-09-03,132
ST-004995,WUWOHRX2,Markita Hansen,Prospecting,Engaging,2017-04-24,20
ST-004996,WUWOHRX2,Markita Hansen,Engaging,Won,2017-04-29,5
ST-004997,2OPR77CI,Maureen Marcano,Prospecting,Engaging,2017-04-24,12
ST-004998,2OPR77CI,Maureen Marcano,Engaging,Lost,2017-04-26,2
ST-004999,EO481IOJ,Reed Clapper,Prospecting,Engaging,2017-04-24,12
ST-005000,EO481IOJ,Reed Clapper,Engaging,Won,2017-04-25,1
ST-005001,INKH0Y59,Vicki Laflamme,Prospecting,Engaging,2017-04-24,30
ST-005002,OSMGVV1S,Vicki Laflamme,Prospecting,Engaging,2017-04-24,8
ST-005003,1VIKWVHD,Vicki Laflamme,Prospecting,Engaging,2017-04-24,25
ST-005004,1VIKWVHD,Vicki Laflamme,Engaging,Lost,2017-08-10,108
ST-005005,UOXKC4UG,Violet Mclelland,Prospecting,Engaging,2017-04-24,25
ST-005006,UOXKC4UG,Violet Mclelland,Engaging,Won,2017-08-04,102
ST-005007,RDF2R9F8,Zane Levy,Prospecting,Engaging,2017-04-24,25
ST-005008,RDF2R9F8,Zane Levy,Engaging,Lost,2017-04-30,6
ST-005009,196BHHOS,Zane Levy,Prospecting,Engaging,2017-04-24,23
ST-005010,196BHHOS,Zane Levy,Engaging,Lost,2017-04-27,3
ST-005011,BDUNPUWY,Boris Faz,Prospecting,Engaging,2017-04-25,8
ST-005012,EYZ1MNSS,Boris Faz,Prospecting,Engaging,2017-04-25,28
ST-005013,EYZ1MNSS,Boris Faz,Engaging,Won,2017-04-27,2
ST-005014,HDALWEHF,Cassey Cress,Prospecting,Engaging,2017-04-25,14
ST-005015,KFVI73X6,Cassey Cress,Prospecting,Engaging,2017-04-25,19
ST-005016,KFVI73X6,Cassey Cress,Engaging,Won,2017-05-10,15
ST-005017,88R4UBAN,Corliss Cosme,Prospecting,Engaging,2017-04-25,10
ST-005018,88R4UBAN,Corliss Cosme,Engaging,Won,2017-05-06,11
ST-005019,08EX3XKE,Daniell Hammack,Prospecting,Engaging,2017-04-25,6
ST-005020,08EX3XKE,Daniell Hammack,Engaging,Won,2017-05-01,6
ST-005021,4DK84UMX,Darcel Schlecht,Prospecting,Engaging,2017-04-25,9
ST-005022,4DK84UMX,Darcel Schlecht,Engaging,Won,2017-06-20,56
ST-005023,735GFCU0,Darcel Schlecht,Prospecting,Engaging,2017-04-25,28
ST-005024,735GFCU0,Darcel Schlecht,Engaging,Won,2017-06-07,43
ST-005025,OTJR9SSK,Hayden Neloms,Prospecting,Engaging,2017-04-25,7
ST-005026,2L8LJJRJ,James Ascencio,Prospecting,Engaging,2017-04-25,10
ST-005027,2L8LJJRJ,James Ascencio,Engaging,Lost,2017-08-03,100
ST-005028,2EO70V27,Kary Hendrixson,Prospecting,Engaging,2017-04-25,28
ST-005029,2EO70V27,Kary Hendrixson,Engaging,Lost,2017-04-27,2
ST-005030,7KU6B599,Lajuana Vencill,Prospecting,Engaging,2017-04-25,18
ST-005031,7KU6B599,Lajuana Vencill,Engaging,Lost,2017-08-16,113
ST-005032,PNBSQPBR,Marty Freudenburg,Prospecting,Engaging,2017-04-25,3
ST-005033,PNBSQPBR,Marty Freudenburg,Engaging,Lost,2017-05-02,7
ST-005034,GQ2W1DXM,Maureen Marcano,Prospecting,Engaging,2017-04-25,14
ST-005035,S87Y1DOY,Maureen Marcano,Prospecting,Engaging,2017-04-25,20
ST-005036,S87Y1DOY,Maureen Marcano,Engaging,Won,2017-04-26,1
ST-005037,EUE812O3,Niesha Huffines,Prospecting,Engaging,2017-04-25,21
ST-005038,EUE812O3,Niesha Huffines,Engaging,Won,2017-05-11,16
ST-005039,OBE9NAIO,Reed Clapper,Prospecting,Engaging,2017-04-25,14
ST-005040,OBE9NAIO,Reed Clapper,Engaging,Won,2017-06-04,40
ST-005041,7CTCDP9S,Versie Hillebrand,Prospecting,Engaging,2017-04-25,17
ST-005042,7CTCDP9S,Versie Hillebrand,Engaging,Lost,2017-04-27,2
ST-005043,XE84LNAS,Vicki Laflamme,Prospecting,Engaging,2017-04-25,28
ST-005044,XE84LNAS,Vicki Laflamme,Engaging,Won,2017-05-22,27
ST-005045,CEEJ2EN5,Violet Mclelland,Prospecting,Engaging,2017-04-25,20
ST-005046,JNEQWZQK,Wilburn Farren,Prospecting,Engaging,2017-04-25,7
ST-005047,QRW4NKCY,Zane Levy,Prospecting,Engaging,2017-04-25,22
ST-005048,QRW4NKCY,Zane Levy,Engaging,Lost,2017-08-07,104
ST-005049,RD0L0NJG,Zane Levy,Prospecting,Engaging,2017-04-25,5
ST-005050,RD0L0NJG,Zane Levy,Engaging,Won,2017-04-27,2
ST-005051,PEPOKEFV,Anna Snelling,Prospecting,Engaging,2017-04-26,5
ST-005052,PEPOKEFV,Anna Snelling,Engaging,Lost,2017-08-01,97
ST-005053,M16WB7N8,Anna Snelling,Prospecting,Engaging,2017-04-26,12
ST-005054,M16WB7N8,Anna Snelling,Engaging,Lost,2017-08-01,97
ST-005055,JHVY8I1M,Anna Snelling,Prospecting,Engaging,2017-04-26,15
ST-005056,JHVY8I1M,Anna Snelling,Engaging,Won,2017-06-30,65
ST-005057,E59MLGMH,Boris Faz,Prospecting,Engaging,2017-04-26,25
ST-005058,E59MLGMH,Boris Faz,Engaging,Lost,2017-04-28,2
ST-005059,VGIIK8MS,Boris Faz,Prospecting,Engaging,2017-04-26,26
ST-005060,VGIIK8MS,Boris Faz,Engaging,Lost,2017-05-01,5
ST-005061,BTM58SCH,Cassey Cress,Prospecting,Engaging,2017-04-26,18
ST-005062,BTM58SCH,Cassey Cress,Engaging,Lost,2017-08-09,105
ST-005063,RXAQJKSL,Corliss Cosme,Prospecting,Engaging,2017-04-26,19
ST-005064,HVVED5ZC,Corliss Cosme,Prospecting,Engaging,2017-04-26,16
ST-005065,HVVED5ZC,Corliss Cosme,Engaging,Lost,2017-08-04,100
ST-005066,IGRY0M4Q,Daniell Hammack,Prospecting,Engaging,2017-04-26,27
ST-005067,HE5988NI,Darcel Schlecht,Prospecting,Engaging,2017-04-26,16
ST-005068,HE5988NI,Darcel Schlecht,Engaging,Lost,2017-08-09,105
ST-005069,N5QER189,Darcel Schlecht,Prospecting,Engaging,2017-04-26,29
ST-005070,N5QER189,Darcel Schlecht,Engaging,Won,2017-05-11,15
ST-005071,AEMTQ0GH,Elease Gluck,Prospecting,Engaging,2017-04-26,21
ST-005072,AEMTQ0GH,Elease Gluck,Engaging,Won,2017-04-28,2
ST-005073,3KSHTB4P,James Ascencio,Prospecting,Engaging,2017-04-26,5
ST-005074,3KSHTB4P,James Ascencio,Engaging,Lost,2017-05-04,8
ST-005075,XPJQBSLV,James Ascencio,Prospecting,Engaging,2017-04-26,7
ST-005076,XPJQBSLV,James Ascencio,Engaging,Won,2017-04-28,2
ST-005077,ZZI8GUEM,Kami Bicknell,Prospecting,Engaging,2017-04-26,13
ST-005078,ZZI8GUEM,Kami Bicknell,Engaging,Lost,2017-04-28,2
ST-005079,HBWY3B48,Kami Bicknell,Prospecting,Engaging,2017-04-26,23
ST-005080,HBWY3B48,Kami Bicknell,Engaging,Lost,2017-04-28,2
ST-005081,ZBAMKTFX,Kary Hendrixson,Prospecting,Engaging,2017-04-26,5
ST-005082,ZBAMKTFX,Kary Hendrixson,Engaging,Won,2017-08-08,104
ST-005083,SICU0A7Z,Lajuana Vencill,Prospecting,Engaging,2017-04-26,17
ST-005084,SICU0A7Z,Lajuana Vencill,Engaging,Won,2017-04-27,1
ST-005085,H7GBGRSO,Marty Freudenburg,Prospecting,Engaging,2017-04-26,17
ST-005086,H7GBGRSO,Marty Freudenburg,Engaging,Won,2017-06-13,48
ST-005087,RLAGB32O,Maureen Marcano,Prospecting,Engaging,2017-04-26,24
ST-005088,RLAGB32O,Maureen Marcano,Engaging,Won,2017-05-10,14
ST-005089,NYLCZ28K,Moses Frase,Prospecting,Engaging,2017-04-26,19
ST-005090,NYLCZ28K,Moses Frase,Engaging,Won,2017-08-16,112
ST-005091,3LO8XJBY,Niesha Huffines,Prospecting,Engaging,2017-04-26,14
ST-005092,3LO8XJBY,Niesha Huffines,Engaging,Won,2017-06-05,40
ST-005093,YMMQA65I,Rosalina Dieter,Prospecting,Engaging,2017-04-26,7
ST-005094,YMMQA65I,Rosalina Dieter,Engaging,Won,2017-04-28,2
ST-005095,I8A539VV,Vicki Laflamme,Prospecting,Engaging,2017-04-26,29
ST-005096,I8A539VV,Vicki Laflamme,Engaging,Won,2017-04-27,1
ST-005097,9HYMQL4I,Zane Levy,Prospecting,Engaging,2017-04-26,27
ST-005098,DJF1XMC4,Boris Faz,Prospecting,Engaging,2017-04-27,20
ST-005099,DJF1XMC4,Boris Faz,Engaging,Won,2017-04-29,2
ST-005100,NCDZRUZD,Cassey Cress,Prospecting,Engaging,2017-04-27,23
ST-005101,NCDZRUZD,Cassey Cress,Engaging,Lost,2017-05-12,15
ST-005102,0KEO3OP7,Daniell Hammack,Prospecting,Engaging,2017-04-27,21
ST-005103,UXNB9OIB,Daniell Hammack,Prospecting,Engaging,2017-04-27,8
ST-005104,UXNB9OIB,Daniell Hammack,Engaging,Won,2017-04-28,1
ST-005105,XWW6KUG0,Darcel Schlecht,Prospecting,Engaging,2017-04-27,27
ST-005106,XWW6KUG0,Darcel Schlecht,Engaging,Lost,2017-04-29,2
ST-005107,ZXUNLSOB,Darcel Schlecht,Prospecting,Engaging,2017-04-27,7
ST-005108,ZXUNLSOB,Darcel Schlecht,Engaging,Lost,2017-04-29,2
ST-005109,MZILPLUE,Darcel Schlecht,Prospecting,Engaging,2017-04-27,16
ST-005110,MZILPLUE,Darcel Schlecht,Engaging,Won,2017-05-06,9
ST-005111,MUYUSTKF,Garret Kinder,Prospecting,Engaging,2017-04-27,19
ST-005112,MUYUSTKF,Garret Kinder,Engaging,Lost,2017-08-11,106
ST-005113,7QIU2BCK,Gladys Colclough,Prospecting,Engaging,2017-04-27,30
ST-005114,7QIU2BCK,Gladys Colclough,Engaging,Won,2017-08-01,96
ST-005115,F749HRQ5,James Ascencio,Prospecting,Engaging,2017-04-27,4
ST-005116,F749HRQ5,James Ascencio,Engaging,Lost,2017-05-17,20
ST-005117,5ICV1IBY,Lajuana Vencill,Prospecting,Engaging,2017-04-27,29
ST-005118,5ICV1IBY,Lajuana Vencill,Engaging,Won,2017-08-07,102
ST-005119,H1O491SG,Lajuana Vencill,Prospecting,Engaging,2017-04-27,6
ST-005120,H1O491SG,Lajuana Vencill,Engaging,Won,2017-08-05,100
ST-005121,ODIX25WY,Marty Freudenburg,Prospecting,Engaging,2017-04-27,19
ST-005122,ODIX25WY,Marty Freudenburg,Engaging,Lost,2017-08-06,101
ST-005123,IRBQH4FY,Niesha Huffines,Prospecting,Engaging,2017-04-27,7
ST-005124,IRBQH4FY,Niesha Huffines,Engaging,Won,2017-05-10,13
ST-005125,ZKVVWZ8T,Rosie Papadopoulos,Prospecting,Engaging,2017-04-27,12
ST-005126,ZKVVWZ8T,Rosie Papadopoulos,Engaging,Won,2017-05-15,18
ST-005127,ZTT02VDQ,Versie Hillebrand,Prospecting,Engaging,2017-04-27,8
ST-005128,ZTT02VDQ,Versie Hillebrand,Engaging,Lost,2017-05-09,12
ST-005129,SAGXC5PF,Versie Hillebrand,Prospecting,Engaging,2017-04-27,8
ST-005130,SAGXC5PF,Versie Hillebrand,Engaging,Won,2017-08-15,110
ST-005131,J5QLUH5O,Versie Hillebrand,Prospecting,Engaging,2017-04-27,13
ST-005132,J5QLUH5O,Versie Hillebrand,Engaging,Won,2017-04-29,2
ST-005133,GIIKA5B9,Vicki Laflamme,Prospecting,Engaging,2017-04-27,25
ST-005134,GIIKA5B9,Vicki Laflamme,Engaging,Lost,2017-04-29,2
ST-005135,WX8KQPCM,Vicki Laflamme,Prospecting,Engaging,2017-04-27,10
ST-005136,WX8KQPCM,Vicki Laflamme,Engaging,Won,2017-05-15,18
ST-005137,0CSJCW8I,Vicki Laflamme,Prospecting,Engaging,2017-04-27,14
ST-005138,0CSJCW8I,Vicki Laflamme,Engaging,Won,2017-05-17,20
ST-005139,0WRMY7IX,Violet Mclelland,Prospecting,Engaging,2017-04-27,19
ST-005140,0WRMY7IX,Violet Mclelland,Engaging,Won,2017-04-28,1
ST-005141,7882RJGY,Wilburn Farren,Prospecting,Engaging,2017-04-27,12
ST-005142,N6185PK0,Wilburn Farren,Prospecting,Engaging,2017-04-27,30
ST-005143,N6185PK0,Wilburn Farren,Engaging,Won,2017-05-13,16
ST-005144,FQ4QOS8U,Anna Snelling,Prospecting,Engaging,2017-04-28,5
ST-005145,FQ4QOS8U,Anna Snelling,Engaging,Lost,2017-04-29,1
ST-005146,XW9U35NQ,Anna Snelling,Prospecting,Engaging,2017-04-28,11
ST-005147,XW9U35NQ,Anna Snelling,Engaging,Lost,2017-09-06,131
ST-005148,066V2ZGP,Anna Snelling,Prospecting,Engaging,2017-04-28,9
ST-005149,066V2ZGP,Anna Snelling,Engaging,Won,2017-08-14,108
ST-005150,YUH42UOF,Cassey Cress,Prospecting,Engaging,2017-04-28,23
ST-005151,YUH42UOF,Cassey Cress,Engaging,Lost,2017-05-12,14
ST-005152,XZF4GG94,Daniell Hammack,Prospecting,Engaging,2017-04-28,20
ST-005153,XZF4GG94,Daniell Hammack,Engaging,Lost,2017-04-30,2
ST-005154,QAKLPDKQ,Donn Cantrell,Prospecting,Engaging,2017-04-28,11
ST-005155,QAKLPDKQ,Donn Cantrell,Engaging,Lost,2017-04-29,1
ST-005156,731TOWDY,Elease Gluck,Prospecting,Engaging,2017-04-28,7
ST-005157,731TOWDY,Elease Gluck,Engaging,Won,2017-06-18,51
ST-005158,KOI7M0RU,Jonathan Berthelot,Prospecting,Engaging,2017-04-28,23
ST-005159,KOI7M0RU,Jonathan Berthelot,Engaging,Lost,2017-08-15,109
ST-005160,HHDQ9EW4,Kami Bicknell,Prospecting,Engaging,2017-04-28,12
ST-005161,KXY0TY2K,Markita Hansen,Prospecting,Engaging,2017-04-28,22
ST-005162,KXY0TY2K,Markita Hansen,Engaging,Lost,2017-04-29,1
ST-005163,UNSJJUY4,Moses Frase,Prospecting,Engaging,2017-04-28,20
ST-005164,UNSJJUY4,Moses Frase,Engaging,Won,2017-08-14,108
ST-005165,XNO6DQPU,Rosie Papadopoulos,Prospecting,Engaging,2017-04-28,5
ST-005166,XNO6DQPU,Rosie Papadopoulos,Engaging,Won,2017-05-03,5
ST-005167,VMIAO42Z,Vicki Laflamme,Prospecting,Engaging,2017-04-28,19
ST-005168,A2HLNPEL,Vicki Laflamme,Prospecting,Engaging,2017-04-28,23
ST-005169,A2HLNPEL,Vicki Laflamme,Engaging,Lost,2017-05-06,8
ST-005170,NENHRB3K,Vicki Laflamme,Prospecting,Engaging,2017-04-28,8
ST-005171,NENHRB3K,Vicki Laflamme,Engaging,Lost,2017-05-14,16
ST-005172,PE3CL3ME,Violet Mclelland,Prospecting,Engaging,2017-04-28,21
ST-005173,PE3CL3ME,Violet Mclelland,Engaging,Lost,2017-06-10,43
ST-005174,IE6TPFU9,Anna Snelling,Prospecting,Engaging,2017-04-29,21
ST-005175,IE6TPFU9,Anna Snelling,Engaging,Won,2017-05-15,16
ST-005176,VP8ERXPR,Cassey Cress,Prospecting,Engaging,2017-04-29,7
ST-005177,WWTJ5PNC,Daniell Hammack,Prospecting,Engaging,2017-04-29,8
ST-005178,WWTJ5PNC,Daniell Hammack,Engaging,Won,2017-05-04,5
ST-005179,DH9CHQ02,Donn Cantrell,Prospecting,Engaging,2017-04-29,24
ST-005180,DH9CHQ02,Donn Cantrell,Engaging,Lost,2017-05-10,11
ST-005181,S2ZN5NLA,Donn Cantrell,Prospecting,Engaging,2017-04-29,22
ST-005182,S2ZN5NLA,Donn Cantrell,Engaging,Won,2017-05-06,7
ST-005183,UEZOR630,Elease Gluck,Prospecting,Engaging,2017-04-29,26
ST-005184,R9U1QNHQ,Hayden Neloms,Prospecting,Engaging,2017-04-29,22
ST-005185,NEM0GXXH,James Ascencio,Prospecting,Engaging,2017-04-29,13
ST-005186,NEM0GXXH,James Ascencio,Engaging,Won,2017-05-04,5
ST-005187,5CZBHSRI,Kary Hendrixson,Prospecting,Engaging,2017-04-29,29
ST-005188,E8LO9APO,Lajuana Vencill,Prospecting,Engaging,2017-04-29,21
ST-005189,E8LO9APO,Lajuana Vencill,Engaging,Lost,2017-05-17,18
ST-005190,EQZGV36H,Lajuana Vencill,Prospecting,Engaging,2017-04-29,4
ST-005191,EQZGV36H,Lajuana Vencill,Engaging,Won,2017-08-08,101
ST-005192,DYNHHN6P,Maureen Marcano,Prospecting,Engaging,2017-04-29,29
ST-005193,FZ1TTF0X,Moses Frase,Prospecting,Engaging,2017-04-29,30
ST-005194,FZ1TTF0X,Moses Frase,Engaging,Lost,2017-05-31,32
ST-005195,DG6RIZ6R,Rosalina Dieter,Prospecting,Engaging,2017-04-29,3
ST-005196,DG6RIZ6R,Rosalina Dieter,Engaging,Won,2017-08-21,114
ST-005197,DH6L7VA6,Vicki Laflamme,Prospecting,Engaging,2017-04-29,5
ST-005198,DH6L7VA6,Vicki Laflamme,Engaging,Lost,2017-04-30,1
ST-005199,ZH14SZPT,Violet Mclelland,Prospecting,Engaging,2017-04-29,4
ST-005200,9SBO74M5,Cecily Lampkin,Prospecting,Engaging,2017-04-30,23
ST-005201,9SBO74M5,Cecily Lampkin,Engaging,Won,2017-08-10,102
ST-005202,WHHVN372,Corliss Cosme,Prospecting,Engaging,2017-04-30,27
ST-005203,WHHVN372,Corliss Cosme,Engaging,Won,2017-08-11,103
ST-005204,Q2CLAKLM,Daniell Hammack,Prospecting,Engaging,2017-04-30,21
ST-005205,PJKAJVUG,Darcel Schlecht,Prospecting,Engaging,2017-04-30,11
ST-005206,PJKAJVUG,Darcel Schlecht,Engaging,Lost,2017-05-04,4
ST-005207,FWTNRN0L,Hayden Neloms,Prospecting,Engaging,2017-04-30,23
ST-005208,FWTNRN0L,Hayden Neloms,Engaging,Won,2017-08-12,104
ST-005209,TTNORNQI,Hayden Neloms,Prospecting,Engaging,2017-04-30,9
ST-005210,TTNORNQI,Hayden Neloms,Engaging,Won,2017-08-12,104
ST-005211,BGQ2F0HA,Jonathan Berthelot,Prospecting,Engaging,2017-04-30,27
ST-005212,BGQ2F0HA,Jonathan Berthelot,Engaging,Won,2017-05-13,13
ST-005213,CY33L07I,Kami Bicknell,Prospecting,Engaging,2017-04-30,21
ST-005214,CY33L07I,Kami Bicknell,Engaging,Lost,2017-05-01,1
ST-005215,JGXLR3H3,Kary Hendrixson,Prospecting,Engaging,2017-04-30,16
ST-005216,JGXLR3H3,Kary Hendrixson,Engaging,Won,2017-08-06,98
ST-005217,ZNFFFJ1T,Kary Hendrixson,Prospecting,Engaging,2017-04-30,22
ST-005218,ZNFFFJ1T,Kary Hendrixson,Engaging,Won,2017-08-13,105
ST-005219,T5JO33V3,Lajuana Vencill,Prospecting,Engaging,2017-04-30,23
ST-005220,T5JO33V3,Lajuana Vencill,Engaging,Won,2017-08-11,103
ST-005221,V7Y78MPU,Marty Freudenburg,Prospecting,Engaging,2017-04-30,3
ST-005222,V7Y78MPU,Marty Freudenburg,Engaging,Won,2017-09-02,125
ST-005223,CNO8JPLA,Niesha Huffines,Prospecting,Engaging,2017-04-30,18
ST-005224,CNO8JPLA,Niesha Huffines,Engaging,Won,2017-05-06,6
ST-005225,Y5OTY9O5,Reed Clapper,Prospecting,Engaging,2017-04-30,23
ST-005226,Y5OTY9O5,Reed Clapper,Engaging,Won,2017-05-09,9
ST-005227,OTLQMB5X,Rosalina Dieter,Prospecting,Engaging,2017-04-30,20
ST-005228,I81SUA2R,Rosie Papadopoulos,Prospecting,Engaging,2017-04-30,12
ST-005229,I81SUA2R,Rosie Papadopoulos,Engaging,Won,2017-08-12,104
ST-005230,2UHH7PD3,Zane Levy,Prospecting,Engaging,2017-04-30,23
ST-005231,2UHH7PD3,Zane Levy,Engaging,Won,2017-05-13,13
ST-005232,AZZEZKBN,Anna Snelling,Prospecting,Engaging,2017-05-01,12
ST-005233,AZZEZKBN,Anna Snelling,Engaging,Lost,2017-05-18,17
ST-005234,443ATESI,Anna Snelling,Prospecting,Engaging,2017-05-01,18
ST-005235,443ATESI,Anna Snelling,Engaging,Won,2017-08-28,119
ST-005236,OIO2H2MY,Boris Faz,Prospecting,Engaging,2017-05-01,10
ST-005237,7DT8UKKY,Corliss Cosme,Prospecting,Engaging,2017-05-01,28
ST-005238,4UN65HWV,Darcel Schlecht,Prospecting,Engaging,2017-05-01,28
ST-005239,4UN65HWV,Darcel Schlecht,Engaging,Won,2017-08-23,114
ST-005240,E5NRH4BP,Darcel Schlecht,Prospecting,Engaging,2017-05-01,24
ST-005241,E5NRH4BP,Darcel Schlecht,Engaging,Won,2017-05-02,1
ST-005242,NK438B9U,Donn Cantrell,Prospecting,Engaging,2017-05-01,15
ST-005243,NK438B9U,Donn Cantrell,Engaging,Lost,2017-05-20,19
ST-005244,KCTYAQOR,Gladys Colclough,Prospecting,Engaging,2017-05-01,12
ST-005245,KCTYAQOR,Gladys Colclough,Engaging,Lost,2017-08-07,98
ST-005246,OLGT0VHP,James Ascencio,Prospecting,Engaging,2017-05-01,17
ST-005247,RCNTHN0E,James Ascencio,Prospecting,Engaging,2017-05-01,5
ST-005248,RCNTHN0E,James Ascencio,Engaging,Won,2017-08-20,111
ST-005249,ZIFDD41D,Jonathan Berthelot,Prospecting,Engaging,2017-05-01,25
ST-005250,ZIFDD41D,Jonathan Berthelot,Engaging,Won,2017-08-11,102
ST-005251,I92EJ805,Kami Bicknell,Prospecting,Engaging,2017-05-01,4
ST-005252,5WHMLQDK,Kary Hendrixson,Prospecting,Engaging,2017-05-01,8
ST-005253,A5BVV5P8,Kary Hendrixson,Prospecting,Engaging,2017-05-01,17
ST-005254,A5BVV5P8,Kary Hendrixson,Engaging,Lost,2017-06-12,42
ST-005255,QP006VDE,Markita Hansen,Prospecting,Engaging,2017-05-01,16
ST-005256,R1K16RZO,Maureen Marcano,Prospecting,Engaging,2017-05-01,18
ST-005257,JQNSK78U,Moses Frase,Prospecting,Engaging,2017-05-01,17
ST-005258,JQNSK78U,Moses Frase,Engaging,Lost,2017-05-10,9
ST-005259,C3OOZUTI,Moses Frase,Prospecting,Engaging,2017-05-01,9
ST-005260,C3OOZUTI,Moses Frase,Engaging,Lost,2017-05-07,6
ST-005261,FI0I7E73,Moses Frase,Prospecting,Engaging,2017-05-01,13
ST-005262,FI0I7E73,Moses Frase,Engaging,Won,2017-05-08,7
ST-005263,523458T9,Niesha Huffines,Prospecting,Engaging,2017-05-01,22
ST-005264,523458T9,Niesha Huffines,Engaging,Won,2017-05-16,15
ST-005265,UYQJ2A1O,Vicki Laflamme,Prospecting,Engaging,2017-05-01,7
ST-005266,7FY0HBH7,Vicki Laflamme,Prospecting,Engaging,2017-05-01,13
ST-005267,7FY0HBH7,Vicki Laflamme,Engaging,Lost,2017-06-26,56
ST-005268,GAIFPSU2,Vicki Laflamme,Prospecting,Engaging,2017-05-01,30
ST-005269,GAIFPSU2,Vicki Laflamme,Engaging,Won,2017-06-16,46
ST-005270,UIX6X6R3,Zane Levy,Prospecting,Engaging,2017-05-01,25
ST-005271,GBSK2HX8,Anna Snelling,Prospecting,Engaging,2017-05-02,13
ST-005272,GBSK2HX8,Anna Snelling,Engaging,Won,2017-05-11,9
ST-005273,60NIT1PM,Boris Faz,Prospecting,Engaging,2017-05-02,26
ST-005274,44Y3J17P,Boris Faz,Prospecting,Engaging,2017-05-02,30
ST-005275,59FN87JP,Boris Faz,Prospecting,Engaging,2017-05-02,14
ST-005276,59FN87JP,Boris Faz,Engaging,Lost,2017-05-21,19
ST-005277,OJ92D9QU,Elease Gluck,Prospecting,Engaging,2017-05-02,15
ST-005278,OJ92D9QU,Elease Gluck,Engaging,Lost,2017-08-14,104
ST-005279,GYKFAK7W,Hayden Neloms,Prospecting,Engaging,2017-05-02,7
ST-005280,GYKFAK7W,Hayden Neloms,Engaging,Won,2017-05-10,8
ST-005281,GXBV5VYA,Jonathan Berthelot,Prospecting,Engaging,2017-05-02,27
ST-005282,GXBV5VYA,Jonathan Berthelot,Engaging,Won,2017-05-06,4
ST-005283,VXWUALY5,Kami Bicknell,Prospecting,Engaging,2017-05-02,14
ST-005284,VXWUALY5,Kami Bicknell,Engaging,Lost,2017-06-10,39
ST-005285,IUDG3PF0,Lajuana Vencill,Prospecting,Engaging,2017-05-02,19
ST-005286,IUDG3PF0,Lajuana Vencill,Engaging,Lost,2017-08-07,97
ST-005287,DNUTJO70,Markita Hansen,Prospecting,Engaging,2017-05-02,20
ST-005288,DNUTJO70,Markita Hansen,Engaging,Won,2017-06-22,51
ST-005289,I631R5DT,Maureen Marcano,Prospecting,Engaging,2017-05-02,6
ST-005290,I631R5DT,Maureen Marcano,Engaging,Won,2017-05-14,12
ST-005291,V9XJAZPC,Moses Frase,Prospecting,Engaging,2017-05-02,13
ST-005292,V9XJAZPC,Moses Frase,Engaging,Lost,2017-05-10,8
ST-005293,OJPTGB57,Reed Clapper,Prospecting,Engaging,2017-05-02,10
ST-005294,OJPTGB57,Reed Clapper,Engaging,Won,2017-05-17,15
ST-005295,J9OP2A5I,Rosalina Dieter,Prospecting,Engaging,2017-05-02,17
ST-005296,QYTGB5LA,Versie Hillebrand,Prospecting,Engaging,2017-05-02,6
ST-005297,QYTGB5LA,Versie Hillebrand,Engaging,Won,2017-08-19,109
ST-005298,UCNEMT8P,Versie Hillebrand,Prospecting,Engaging,2017-05-02,11
ST-005299,UCNEMT8P,Versie Hillebrand,Engaging,Won,2017-08-09,99
ST-005300,7DDJHUWU,Vicki Laflamme,Prospecting,Engaging,2017-05-02,17
ST-005301,7DDJHUWU,Vicki Laflamme,Engaging,Lost,2017-05-17,15
ST-005302,8WB5HXOB,Zane Levy,Prospecting,Engaging,2017-05-02,10
ST-005303,KOFE244J,Anna Snelling,Prospecting,Engaging,2017-05-03,7
ST-005304,KOFE244J,Anna Snelling,Engaging,Won,2017-08-01,90
ST-005305,D3JR6WFQ,Boris Faz,Prospecting,Engaging,2017-05-03,6
ST-005306,D3JR6WFQ,Boris Faz,Engaging,Won,2017-05-13,10
ST-005307,OJMME9V9,Boris Faz,Prospecting,Engaging,2017-05-03,4
ST-005308,OJMME9V9,Boris Faz,Engaging,Won,2017-08-25,114
ST-005309,4ZX1WPS7,Cassey Cress,Prospecting,Engaging,2017-05-03,12
ST-005310,79IN4OVP,Cassey Cress,Prospecting,Engaging,2017-05-03,15
ST-005311,79IN4OVP,Cassey Cress,Engaging,Lost,2017-08-01,90
ST-005312,2NPSMBLK,Darcel Schlecht,Prospecting,Engaging,2017-05-03,30
ST-005313,2NPSMBLK,Darcel Schlecht,Engaging,Lost,2017-08-08,97
ST-005314,NLKPA1KP,Darcel Schlecht,Prospecting,Engaging,2017-05-03,22
ST-005315,NLKPA1KP,Darcel Schlecht,Engaging,Won,2017-08-11,100
ST-005316,38EYB40T,Jonathan Berthelot,Prospecting,Engaging,2017-05-03,16
ST-005317,38EYB40T,Jonathan Berthelot,Engaging,Won,2017-05-14,11
ST-005318,3FZVCDW0,Kami Bicknell,Prospecting,Engaging,2017-05-03,10
ST-005319,3FZVCDW0,Kami Bicknell,Engaging,Won,2017-05-04,1
ST-005320,2NTWE1G4,Kary Hendrixson,Prospecting,Engaging,2017-05-03,30
ST-005321,2NTWE1G4,Kary Hendrixson,Engaging,Won,2017-05-08,5
ST-005322,86C26QSR,Markita Hansen,Prospecting,Engaging,2017-05-03,8
ST-005323,SHGSBZU8,Markita Hansen,Prospecting,Engaging,2017-05-03,29
ST-005324,SHGSBZU8,Markita Hansen,Engaging,Lost,2017-05-13,10
ST-005325,AETY0W6G,Reed Clapper,Prospecting,Engaging,2017-05-03,13
ST-005326,AETY0W6G,Reed Clapper,Engaging,Won,2017-05-08,5
ST-005327,A7F5O29R,Vicki Laflamme,Prospecting,Engaging,2017-05-03,21
ST-005328,A7F5O29R,Vicki Laflamme,Engaging,Won,2017-08-03,92
ST-005329,LR45YFE4,Violet Mclelland,Prospecting,Engaging,2017-05-03,26
ST-005330,MIYAP26S,Violet Mclelland,Prospecting,Engaging,2017-05-03,13
ST-005331,MIYAP26S,Violet Mclelland,Engaging,Lost,2017-05-19,16
ST-005332,IEZCZAKT,Zane Levy,Prospecting,Engaging,2017-05-03,9
ST-005333,IEZCZAKT,Zane Levy,Engaging,Won,2017-05-30,27
ST-005334,PDMWTS8O,Anna Snelling,Prospecting,Engaging,2017-05-04,27
ST-005335,PDMWTS8O,Anna Snelling,Engaging,Won,2017-06-04,31
ST-005336,OPEICJES,Anna Snelling,Prospecting,Engaging,2017-05-04,8
ST-005337,OPEICJES,Anna Snelling,Engaging,Won,2017-06-09,36
ST-005338,10UN7LA8,Anna Snelling,Prospecting,Engaging,2017-05-04,18
ST-005339,10UN7LA8,Anna Snelling,Engaging,Won,2017-06-23,50
ST-005340,C2W2VHJY,Daniell Hammack,Prospecting,Engaging,2017-05-04,19
ST-005341,C2W2VHJY,Daniell Hammack,Engaging,Lost,2017-08-04,92
ST-005342,Z032GGRE,Darcel Schlecht,Prospecting,Engaging,2017-05-04,17
ST-005343,Z032GGRE,Darcel Schlecht,Engaging,Won,2017-08-12,100
ST-005344,I8WTUMTA,Darcel Schlecht,Prospecting,Engaging,2017-05-04,18
ST-005345,I8WTUMTA,Darcel Schlecht,Engaging,Won,2017-08-17,105
ST-005346,P05J08B4,Jonathan Berthelot,Prospecting,Engaging,2017-05-04,12
ST-005347,P05J08B4,Jonathan Berthelot,Engaging,Lost,2017-05-20,16
ST-005348,GVCMT0GZ,Jonathan Berthelot,Prospecting,Engaging,2017-05-04,18
ST-005349,GVCMT0GZ,Jonathan Berthelot,Engaging,Lost,2017-08-25,113
ST-005350,58SGEGN8,Lajuana Vencill,Prospecting,Engaging,2017-05-04,3
ST-005351,58SGEGN8,Lajuana Vencill,Engaging,Lost,2017-05-10,6
ST-005352,LZLXBQ0I,Lajuana Vencill,Prospecting,Engaging,2017-05-04,5
ST-005353,LZLXBQ0I,Lajuana Vencill,Engaging,Lost,2017-08-20,108
ST-005354,1L2S3CMT,Lajuana Vencill,Prospecting,Engaging,2017-05-04,15
ST-005355,1L2S3CMT,Lajuana Vencill,Engaging,Lost,2017-08-27,115
ST-005356,CE852VBF,Niesha Huffines,Prospecting,Engaging,2017-05-04,19
ST-005357,CE852VBF,Niesha Huffines,Engaging,Lost,2017-08-25,113
ST-005358,KTX7ETCE,Niesha Huffines,Prospecting,Engaging,2017-05-04,17
ST-005359,KTX7ETCE,Niesha Huffines,Engaging,Won,2017-08-05,93
ST-005360,JEPAVEO7,Niesha Huffines,Prospecting,Engaging,2017-05-04,10
ST-005361,JEPAVEO7,Niesha Huffines,Engaging,Won,2017-06-20,47
ST-005362,4T9CQH5J,Reed Clapper,Prospecting,Engaging,2017-05-04,9
ST-005363,4T9CQH5J,Reed Clapper,Engaging,Lost,2017-09-15,134
ST-005364,51T70SQX,Versie Hillebrand,Prospecting,Engaging,2017-05-04,21
ST-005365,51T70SQX,Versie Hillebrand,Engaging,Lost,2017-05-10,6
ST-005366,SUYF0EN7,Versie Hillebrand,Prospecting,Engaging,2017-05-04,14
ST-005367,SUYF0EN7,Versie Hillebrand,Engaging,Won,2017-08-09,97
ST-005368,S2D060YF,Vicki Laflamme,Prospecting,Engaging,2017-05-04,4
ST-005369,S2D060YF,Vicki Laflamme,Engaging,Won,2017-08-14,102
ST-005370,DE5WRZ6B,Violet Mclelland,Prospecting,Engaging,2017-05-04,4
ST-005371,DE5WRZ6B,Violet Mclelland,Engaging,Lost,2017-08-06,94
ST-005372,UJ7BYO6A,Wilburn Farren,Prospecting,Engaging,2017-05-04,12
ST-005373,N6CXTO48,Zane Levy,Prospecting,Engaging,2017-05-04,18
ST-005374,N6CXTO48,Zane Levy,Engaging,Lost,2017-05-09,5
ST-005375,4Z7B0OQB,Anna Snelling,Prospecting,Engaging,2017-05-05,22
ST-005376,4Z7B0OQB,Anna Snelling,Engaging,Lost,2017-08-15,102
ST-005377,LCQ934W7,Cassey Cress,Prospecting,Engaging,2017-05-05,29
ST-005378,70TRVHOM,Cassey Cress,Prospecting,Engaging,2017-05-05,23
ST-005379,70TRVHOM,Cassey Cress,Engaging,Won,2017-08-05,92
ST-005380,0G0S9TB8,Donn Cantrell,Prospecting,Engaging,2017-05-05,24
ST-005381,0G0S9TB8,Donn Cantrell,Engaging,Lost,2017-08-13,100
ST-005382,U43RA5W8,Donn Cantrell,Prospecting,Engaging,2017-05-05,18
ST-005383,U43RA5W8,Donn Cantrell,Engaging,Lost,2017-05-30,25
ST-005384,SOE904XE,Donn Cantrell,Prospecting,Engaging,2017-05-05,12
ST-005385,SOE904XE,Donn Cantrell,Engaging,Won,2017-08-26,113
ST-005386,C64JTLGO,Donn Cantrell,Prospecting,Engaging,2017-05-05,20
ST-005387,C64JTLGO,Donn Cantrell,Engaging,Won,2017-05-06,1
ST-005388,F9XJYM9F,Jonathan Berthelot,Prospecting,Engaging,2017-05-05,3
ST-005389,F9XJYM9F,Jonathan Berthelot,Engaging,Won,2017-08-12,99
ST-005390,XWN6WWOD,Jonathan Berthelot,Prospecting,Engaging,2017-05-05,30
ST-005391,XWN6WWOD,Jonathan Berthelot,Engaging,Won,2017-08-01,88
ST-005392,17MPPMM0,Kami Bicknell,Prospecting,Engaging,2017-05-05,6
ST-005393,17MPPMM0,Kami Bicknell,Engaging,Lost,2017-05-12,7
ST-005394,FV6PHMQW,Kami Bicknell,Prospecting,Engaging,2017-05-05,16
ST-005395,FV6PHMQW,Kami Bicknell,Engaging,Won,2017-05-21,16
ST-005396,NX2K0HQ9,Kami Bicknell,Prospecting,Engaging,2017-05-05,7
ST-005397,NX2K0HQ9,Kami Bicknell,Engaging,Won,2017-08-16,103
ST-005398,Z236WCM1,Kary Hendrixson,Prospecting,Engaging,2017-05-05,11
ST-005399,T5GZDRDE,Kary Hendrixson,Prospecting,Engaging,2017-05-05,26
ST-005400,T5GZDRDE,Kary Hendrixson,Engaging,Lost,2017-05-16,11
ST-005401,91G2ZW58,Lajuana Vencill,Prospecting,Engaging,2017-05-05,14
ST-005402,91G2ZW58,Lajuana Vencill,Engaging,Lost,2017-05-10,5
ST-005403,H2PEIFZH,Lajuana Vencill,Prospecting,Engaging,2017-05-05,27
ST-005404,H2PEIFZH,Lajuana Vencill,Engaging,Won,2017-05-08,3
ST-005405,RG893DYQ,Markita Hansen,Prospecting,Engaging,2017-05-05,15
ST-005406,WQSJNIEZ,Markita Hansen,Prospecting,Engaging,2017-05-05,14
ST-005407,V8M89S4W,Markita Hansen,Prospecting,Engaging,2017-05-05,4
ST-005408,V8M89S4W,Markita Hansen,Engaging,Won,2017-05-06,1
ST-005409,5QR02PQI,Marty Freudenburg,Prospecting,Engaging,2017-05-05,15
ST-005410,5QR02PQI,Marty Freudenburg,Engaging,Lost,2017-05-08,3
ST-005411,WB974HS4,Niesha Huffines,Prospecting,Engaging,2017-05-05,4
ST-005412,WB974HS4,Niesha Huffines,Engaging,Won,2017-09-18,136
ST-005413,L6VDDXFV,Reed Clapper,Prospecting,Engaging,2017-05-05,21
ST-005414,L6VDDXFV,Reed Clapper,Engaging,Lost,2017-05-11,6
ST-005415,B0MOQZVN,Vicki Laflamme,Prospecting,Engaging,2017-05-05,20
ST-005416,B0MOQZVN,Vicki Laflamme,Engaging,Won,2017-05-14,9
ST-005417,09C4GR2W,Vicki Laflamme,Prospecting,Engaging,2017-05-05,9
ST-005418,09C4GR2W,Vicki Laflamme,Engaging,Won,2017-08-10,97
ST-005419,6YN4FZHL,Violet Mclelland,Prospecting,Engaging,2017-05-05,14
ST-005420,6YN4FZHL,Violet Mclelland,Engaging,Won,2017-08-25,112
ST-005421,45CION64,Violet Mclelland,Prospecting,Engaging,2017-05-05,20
ST-005422,45CION64,Violet Mclelland,Engaging,Won,2017-08-17,104
ST-005423,BSQRXW4X,Zane Levy,Prospecting,Engaging,2017-05-05,12
ST-005424,BSQRXW4X,Zane Levy,Engaging,Won,2017-05-12,7
ST-005425,PYEQPW42,Anna Snelling,Prospecting,Engaging,2017-05-06,5
ST-005426,PYEQPW42,Anna Snelling,Engaging,Won,2017-05-09,3
ST-005427,5NW73ZRY,Boris Faz,Prospecting,Engaging,2017-05-06,15
ST-005428,5NW73ZRY,Boris Faz,Engaging,Won,2017-05-22,16
ST-005429,0P8NFYML,Cassey Cress,Prospecting,Engaging,2017-05-06,19
ST-005430,0P8NFYML,Cassey Cress,Engaging,Lost,2017-05-24,18
ST-005431,HF74MC9F,Corliss Cosme,Prospecting,Engaging,2017-05-06,17
ST-005432,1Y9KPBXY,Darcel Schlecht,Prospecting,Engaging,2017-05-06,27
ST-005433,1Y9KPBXY,Darcel Schlecht,Engaging,Lost,2017-09-10,127
ST-005434,0AR9HD16,Darcel Schlecht,Prospecting,Engaging,2017-05-06,20
ST-005435,0AR9HD16,Darcel Schlecht,Engaging,Won,2017-08-17,103
ST-005436,Q72BVH8T,Donn Cantrell,Prospecting,Engaging,2017-05-06,11
ST-005437,Q72BVH8T,Donn Cantrell,Engaging,Lost,2017-05-12,6
ST-005438,OH7VVUY0,Gladys Colclough,Prospecting,Engaging,2017-05-06,29
ST-005439,OH7VVUY0,Gladys Colclough,Engaging,Won,2017-06-29,54
ST-005440,4DPSFUEC,Jonathan Berthelot,Prospecting,Engaging,2017-05-06,22
ST-005441,4DPSFUEC,Jonathan Berthelot,Engaging,Lost,2017-05-23,17
ST-005442,BB7JH1C4,Jonathan Berthelot,Prospecting,Engaging,2017-05-06,24
ST-005443,BB7JH1C4,Jonathan Berthelot,Engaging,Lost,2017-05-18,12
ST-005444,FWTTJ2G8,Kary Hendrixson,Prospecting,Engaging,2017-05-06,22
ST-005445,FLJCJ7IE,Lajuana Vencill,Prospecting,Engaging,2017-05-06,6
ST-005446,FLJCJ7IE,Lajuana Vencill,Engaging,Lost,2017-05-18,12
ST-005447,7T109BBY,Lajuana Vencill,Prospecting,Engaging,2017-05-06,7
ST-005448,7T109BBY,Lajuana Vencill,Engaging,Lost,2017-05-20,14
ST-005449,4JVY843T,Lajuana Vencill,Prospecting,Engaging,2017-05-06,6
ST-005450,4JVY843T,Lajuana Vencill,Engaging,Lost,2017-05-23,17
ST-005451,J71N4WQ6,Markita Hansen,Prospecting,Engaging,2017-05-06,15
ST-005452,INI33ALF,Moses Frase,Prospecting,Engaging,2017-05-06,14
ST-005453,INI33ALF,Moses Frase,Engaging,Won,2017-05-22,16
ST-005454,D3M1KUQ2,Niesha Huffines,Prospecting,Engaging,2017-05-06,28
ST-005455,D3M1KUQ2,Niesha Huffines,Engaging,Lost,2017-05-26,20
ST-005456,NOO83M87,Rosie Papadopoulos,Prospecting,Engaging,2017-05-06,13
ST-005457,NOO83M87,Rosie Papadopoulos,Engaging,Lost,2017-08-02,88
ST-005458,8G9Q7NXD,Rosie Papadopoulos,Prospecting,Engaging,2017-05-06,20
ST-005459,8G9Q7NXD,Rosie Papadopoulos,Engaging,Won,2017-08-09,95
ST-005460,IGHYUSN8,Vicki Laflamme,Prospecting,Engaging,2017-05-06,14
ST-005461,3F34LWKM,Vicki Laflamme,Prospecting,Engaging,2017-05-06,27
ST-005462,IRCBYH9Z,Anna Snelling,Prospecting,Engaging,2017-05-07,7
ST-005463,IRCBYH9Z,Anna Snelling,Engaging,Lost,2017-08-30,115
ST-005464,559PYA0L,Cassey Cress,Prospecting,Engaging,2017-05-07,9
ST-005465,559PYA0L,Cassey Cress,Engaging,Won,2017-05-21,14
ST-005466,RIC5ZHK4,Corliss Cosme,Prospecting,Engaging,2017-05-07,22
ST-005467,YVXKNYSM,Corliss Cosme,Prospecting,Engaging,2017-05-07,19
ST-005468,237L2CSV,Corliss Cosme,Prospecting,Engaging,2017-05-07,15
ST-005469,237L2CSV,Corliss Cosme,Engaging,Won,2017-05-15,8
ST-005470,AS7MJ0S1,Donn Cantrell,Prospecting,Engaging,2017-05-07,19
ST-005471,AS7MJ0S1,Donn Cantrell,Engaging,Lost,2017-05-09,2
ST-005472,INAEAAI9,Jonathan Berthelot,Prospecting,Engaging,2017-05-07,4
ST-005473,INAEAAI9,Jonathan Berthelot,Engaging,Won,2017-09-02,118
ST-005474,1XNXJUQM,Jonathan Berthelot,Prospecting,Engaging,2017-05-07,4
ST-005475,1XNXJUQM,Jonathan Berthelot,Engaging,Won,2017-08-10,95
ST-005476,Z64MQTF2,Jonathan Berthelot,Prospecting,Engaging,2017-05-07,4
ST-005477,Z64MQTF2,Jonathan Berthelot,Engaging,Won,2017-08-14,99
ST-005478,BM0QXHMH,Kami Bicknell,Prospecting,Engaging,2017-05-07,7
ST-005479,BM0QXHMH,Kami Bicknell,Engaging,Lost,2017-08-04,89
ST-005480,ARY1F1KN,Kary Hendrixson,Prospecting,Engaging,2017-05-07,25
ST-005481,ARY1F1KN,Kary Hendrixson,Engaging,Lost,2017-05-20,13
ST-005482,XPCDFUDY,Lajuana Vencill,Prospecting,Engaging,2017-05-07,13
ST-005483,XPCDFUDY,Lajuana Vencill,Engaging,Lost,2017-08-03,88
ST-005484,73086D08,Markita Hansen,Prospecting,Engaging,2017-05-07,28
ST-005485,VDOUNMRC,Maureen Marcano,Prospecting,Engaging,2017-05-07,18
ST-005486,VDOUNMRC,Maureen Marcano,Engaging,Won,2017-08-08,93
ST-005487,TEKCKT3V,Moses Frase,Prospecting,Engaging,2017-05-07,19
ST-005488,TEKCKT3V,Moses Frase,Engaging,Won,2017-08-05,90
ST-005489,1WJT7CM8,Reed Clapper,Prospecting,Engaging,2017-05-07,17
ST-005490,1WJT7CM8,Reed Clapper,Engaging,Lost,2017-08-26,111
ST-005491,96A1GDXO,Reed Clapper,Prospecting,Engaging,2017-05-07,7
ST-005492,96A1GDXO,Reed Clapper,Engaging,Won,2017-08-01,86
ST-005493,OIFERO7S,Rosalina Dieter,Prospecting,Engaging,2017-05-07,22
ST-005494,Z2E1UVVB,Violet Mclelland,Prospecting,Engaging,2017-05-07,19
ST-005495,AAU2IQFW,Wilburn Farren,Prospecting,Engaging,2017-05-07,7
ST-005496,AAU2IQFW,Wilburn Farren,Engaging,Won,2017-08-05,90
ST-005497,PRHL94PK,Wilburn Farren,Prospecting,Engaging,2017-05-07,13
ST-005498,PRHL94PK,Wilburn Farren,Engaging,Won,2017-08-05,90
ST-005499,3WC1FUFP,Anna Snelling,Prospecting,Engaging,2017-05-08,22
ST-005500,3WC1FUFP,Anna Snelling,Engaging,Lost,2017-05-18,10
ST-005501,SHG8Y43V,Anna Snelling,Prospecting,Engaging,2017-05-08,13
ST-005502,SHG8Y43V,Anna Snelling,Engaging,Won,2017-05-19,11
ST-005503,1O2ZN81M,Cassey Cress,Prospecting,Engaging,2017-05-08,8
ST-005504,1O2ZN81M,Cassey Cress,Engaging,Won,2017-05-17,9
ST-005505,J6T6BTJI,Daniell Hammack,Prospecting,Engaging,2017-05-08,15
ST-005506,J6T6BTJI,Daniell Hammack,Engaging,Won,2017-08-01,85
ST-005507,0WO582AV,Darcel Schlecht,Prospecting,Engaging,2017-05-08,22
ST-005508,0WO582AV,Darcel Schlecht,Engaging,Lost,2017-08-06,90
ST-005509,JTTLDM4E,Elease Gluck,Prospecting,Engaging,2017-05-08,26
ST-005510,JTTLDM4E,Elease Gluck,Engaging,Won,2017-08-18,102
ST-005511,8KQH5XI1,Elease Gluck,Prospecting,Engaging,2017-05-08,29
ST-005512,8KQH5XI1,Elease Gluck,Engaging,Won,2017-09-05,120
ST-005513,1Q5XFO8D,Jonathan Berthelot,Prospecting,Engaging,2017-05-08,12
ST-005514,1Q5XFO8D,Jonathan Berthelot,Engaging,Lost,2017-08-21,105
ST-005515,A3PNPLTG,Kami Bicknell,Prospecting,Engaging,2017-05-08,21
ST-005516,A3PNPLTG,Kami Bicknell,Engaging,Won,2017-05-16,8
ST-005517,03CWYGC9,Kami Bicknell,Prospecting,Engaging,2017-05-08,13
ST-005518,03CWYGC9,Kami Bicknell,Engaging,Won,2017-08-10,94
ST-005519,FSEF5ZR9,Kami Bicknell,Prospecting,Engaging,2017-05-08,19
ST-005520,FSEF5ZR9,Kami Bicknell,Engaging,Won,2017-09-12,127
ST-005521,N23C5EKK,Lajuana Vencill,Prospecting,Engaging,2017-05-08,29
ST-005522,N23C5EKK,Lajuana Vencill,Engaging,Lost,2017-05-10,2
ST-005523,S9K81CWS,Lajuana Vencill,Prospecting,Engaging,2017-05-08,19
ST-005524,S9K81CWS,Lajuana Vencill,Engaging,Won,2017-08-20,104
ST-005525,PJ00PLEU,Marty Freudenburg,Prospecting,Engaging,2017-05-08,20
ST-005526,PJ00PLEU,Marty Freudenburg,Engaging,Lost,2017-05-20,12
ST-005527,0AQGBN7B,Maureen Marcano,Prospecting,Engaging,2017-05-08,18
ST-005528,3F8AA8RT,Maureen Marcano,Prospecting,Engaging,2017-05-08,25
ST-005529,3F8AA8RT,Maureen Marcano,Engaging,Lost,2017-08-05,89
ST-005530,4NAHJMYM,Maureen Marcano,Prospecting,Engaging,2017-05-08,21
ST-005531,4NAHJMYM,Maureen Marcano,Engaging,Won,2017-09-18,133
ST-005532,6KVOMBDJ,Moses Frase,Prospecting,Engaging,2017-05-08,12
ST-005533,6KVOMBDJ,Moses Frase,Engaging,Lost,2017-05-23,15
ST-005534,TFS5SYN2,Reed Clapper,Prospecting,Engaging,2017-05-08,18
ST-005535,TFS5SYN2,Reed Clapper,Engaging,Lost,2017-05-17,9
ST-005536,N7KJ821I,Versie Hillebrand,Prospecting,Engaging,2017-05-08,29
ST-005537,N7KJ821I,Versie Hillebrand,Engaging,Lost,2017-08-02,86
ST-005538,YCKKT5ME,Versie Hillebrand,Prospecting,Engaging,2017-05-08,3
ST-005539,YCKKT5ME,Versie Hillebrand,Engaging,Lost,2017-08-19,103
ST-005540,HI2E8TBI,Versie Hillebrand,Prospecting,Engaging,2017-05-08,14
ST-005541,HI2E8TBI,Versie Hillebrand,Engaging,Won,2017-05-16,8
ST-005542,UU25XD9E,Zane Levy,Prospecting,Engaging,2017-05-08,13
ST-005543,Q54L8P6I,Zane Levy,Prospecting,Engaging,2017-05-08,24
ST-005544,Q54L8P6I,Zane Levy,Engaging,Lost,2017-05-15,7
ST-005545,XSB7IN6X,Anna Snelling,Prospecting,Engaging,2017-05-09,6
ST-005546,XSB7IN6X,Anna Snelling,Engaging,Won,2017-08-31,114
ST-005547,K5GFWLKM,Boris Faz,Prospecting,Engaging,2017-05-09,16
ST-005548,1K6HY455,Boris Faz,Prospecting,Engaging,2017-05-09,21
ST-005549,FQW15KC4,Cassey Cress,Prospecting,Engaging,2017-05-09,12
ST-005550,FQW15KC4,Cassey Cress,Engaging,Lost,2017-05-20,11
ST-005551,G17H7YXA,Cecily Lampkin,Prospecting,Engaging,2017-05-09,28
ST-005552,G17H7YXA,Cecily Lampkin,Engaging,Won,2017-08-09,92
ST-005553,XOE5EU8U,Daniell Hammack,Prospecting,Engaging,2017-05-09,26
ST-005554,XOE5EU8U,Daniell Hammack,Engaging,Lost,2017-08-17,100
ST-005555,WEB7LYK0,Darcel Schlecht,Prospecting,Engaging,2017-05-09,30
ST-005556,WEB7LYK0,Darcel Schlecht,Engaging,Won,2017-05-19,10
ST-005557,N4Z3QYK7,Darcel Schlecht,Prospecting,Engaging,2017-05-09,25
ST-005558,N4Z3QYK7,Darcel Schlecht,Engaging,Won,2017-05-24,15
ST-005559,JECCHO49,Darcel Schlecht,Prospecting,Engaging,2017-05-09,23
ST-005560,JECCHO49,Darcel Schlecht,Engaging,Won,2017-06-26,48
ST-005561,QUOU67L5,Gladys Colclough,Prospecting,Engaging,2017-05-09,3
ST-005562,QUOU67L5,Gladys Colclough,Engaging,Won,2017-08-14,97
ST-005563,SSZHMEE3,Jonathan Berthelot,Prospecting,Engaging,2017-05-09,22
ST-005564,SSZHMEE3,Jonathan Berthelot,Engaging,Lost,2017-06-27,49
ST-005565,WUE92JFJ,Jonathan Berthelot,Prospecting,Engaging,2017-05-09,18
ST-005566,WUE92JFJ,Jonathan Berthelot,Engaging,Won,2017-05-16,7
ST-005567,EYNZMBI0,Kami Bicknell,Prospecting,Engaging,2017-05-09,11
ST-005568,EYNZMBI0,Kami Bicknell,Engaging,Won,2017-09-13,127
ST-005569,LPOOKZCQ,Kary Hendrixson,Prospecting,Engaging,2017-05-09,23
ST-005570,LPOOKZCQ,Kary Hendrixson,Engaging,Lost,2017-08-08,91
ST-005571,GL1YE4PQ,Markita Hansen,Prospecting,Engaging,2017-05-09,28
ST-005572,HFUZQFQQ,Markita Hansen,Prospecting,Engaging,2017-05-09,27
ST-005573,OCHUEK3V,Markita Hansen,Prospecting,Engaging,2017-05-09,21
ST-005574,OCHUEK3V,Markita Hansen,Engaging,Lost,2017-05-19,10
ST-005575,DU0DYV80,Markita Hansen,Prospecting,Engaging,2017-05-09,21
ST-005576,DU0DYV80,Markita Hansen,Engaging,Lost,2017-06-30,52
ST-005577,3C5KXGO6,Markita Hansen,Prospecting,Engaging,2017-05-09,10
ST-005578,3C5KXGO6,Markita Hansen,Engaging,Won,2017-05-10,1
ST-005579,95532CI0,Markita Hansen,Prospecting,Engaging,2017-05-09,26
ST-005580,95532CI0,Markita Hansen,Engaging,Won,2017-06-02,24
ST-005581,8SVMGDPA,Maureen Marcano,Prospecting,Engaging,2017-05-09,4
ST-005582,Q0MRZHN7,Maureen Marcano,Prospecting,Engaging,2017-05-09,21
ST-005583,Q0MRZHN7,Maureen Marcano,Engaging,Won,2017-05-12,3
ST-005584,WAN7I53E,Niesha Huffines,Prospecting,Engaging,2017-05-09,18
ST-005585,WAN7I53E,Niesha Huffines,Engaging,Lost,2017-05-20,11
ST-005586,6C1DLYBH,Niesha Huffines,Prospecting,Engaging,2017-05-09,8
ST-005587,6C1DLYBH,Niesha Huffines,Engaging,Lost,2017-08-22,105
ST-005588,ZC3UEHXG,Reed Clapper,Prospecting,Engaging,2017-05-09,19
ST-005589,ZC3UEHXG,Reed Clapper,Engaging,Won,2017-05-17,8
ST-005590,FHWXZ6HL,Rosie Papadopoulos,Prospecting,Engaging,2017-05-09,23
ST-005591,HJBVO8T4,Vicki Laflamme,Prospecting,Engaging,2017-05-09,26
ST-005592,HJBVO8T4,Vicki Laflamme,Engaging,Lost,2017-06-21,43
ST-005593,5CJQB25J,Vicki Laflamme,Prospecting,Engaging,2017-05-09,22
ST-005594,5CJQB25J,Vicki Laflamme,Engaging,Lost,2017-08-04,87
ST-005595,246MLWZ7,Zane Levy,Prospecting,Engaging,2017-05-09,27
ST-005596,O22S564Y,Zane Levy,Prospecting,Engaging,2017-05-09,29
ST-005597,O22S564Y,Zane Levy,Engaging,Won,2017-05-20,11
ST-005598,UO62J3M0,Zane Levy,Prospecting,Engaging,2017-05-09,15
ST-005599,UO62J3M0,Zane Levy,Engaging,Won,2017-05-23,14
ST-005600,KLZ95C62,Anna Snelling,Prospecting,Engaging,2017-05-10,7
ST-005601,KLZ95C62,Anna Snelling,Engaging,Lost,2017-08-21,103
ST-005602,ROBBKT4T,Anna Snelling,Prospecting,Engaging,2017-05-10,29
ST-005603,ROBBKT4T,Anna Snelling,Engaging,Won,2017-08-04,86
ST-005604,FPTY1B79,Cassey Cress,Prospecting,Engaging,2017-05-10,24
ST-005605,FPTY1B79,Cassey Cress,Engaging,Won,2017-05-16,6
ST-005606,AP3405RD,Cecily Lampkin,Prospecting,Engaging,2017-05-10,10
ST-005607,AP3405RD,Cecily Lampkin,Engaging,Won,2017-05-16,6
ST-005608,AVZ1BG3K,Corliss Cosme,Prospecting,Engaging,2017-05-10,4
ST-005609,AVZ1BG3K,Corliss Cosme,Engaging,Lost,2017-05-14,4
ST-005610,FXLA39YR,Corliss Cosme,Prospecting,Engaging,2017-05-10,21
ST-005611,FXLA39YR,Corliss Cosme,Engaging,Won,2017-08-06,88
ST-005612,Q9GJ1LJT,Daniell Hammack,Prospecting,Engaging,2017-05-10,25
ST-005613,Q9GJ1LJT,Daniell Hammack,Engaging,Lost,2017-09-03,116
ST-005614,P9VFKNR0,Darcel Schlecht,Prospecting,Engaging,2017-05-10,6
ST-005615,P9VFKNR0,Darcel Schlecht,Engaging,Lost,2017-08-01,83
ST-005616,WQ5WIP35,Darcel Schlecht,Prospecting,Engaging,2017-05-10,9
ST-005617,WQ5WIP35,Darcel Schlecht,Engaging,Won,2017-05-30,20
ST-005618,X5YVW7O5,Donn Cantrell,Prospecting,Engaging,2017-05-10,3
ST-005619,X5YVW7O5,Donn Cantrell,Engaging,Lost,2017-05-17,7
ST-005620,DWCDI7Q2,Donn Cantrell,Prospecting,Engaging,2017-05-10,17
ST-005621,DWCDI7Q2,Donn Cantrell,Engaging,Lost,2017-05-22,12
ST-005622,XH01XH1F,Garret Kinder,Prospecting,Engaging,2017-05-10,13
ST-005623,XH01XH1F,Garret Kinder,Engaging,Lost,2017-08-24,106
ST-005624,U48PDN1F,Gladys Colclough,Prospecting,Engaging,2017-05-10,16
ST-005625,U48PDN1F,Gladys Colclough,Engaging,Won,2017-08-10,92
ST-005626,QO0MQUOY,James Ascencio,Prospecting,Engaging,2017-05-10,7
ST-005627,QO0MQUOY,James Ascencio,Engaging,Lost,2017-08-11,93
ST-005628,Q2RY668B,Kami Bicknell,Prospecting,Engaging,2017-05-10,16
ST-005629,VBFYOCDO,Kami Bicknell,Prospecting,Engaging,2017-05-10,25
ST-005630,UMMMBBS6,Kami Bicknell,Prospecting,Engaging,2017-05-10,9
ST-005631,UMMMBBS6,Kami Bicknell,Engaging,Lost,2017-08-25,107
ST-005632,53ZXALR1,Kary Hendrixson,Prospecting,Engaging,2017-05-10,16
ST-005633,53ZXALR1,Kary Hendrixson,Engaging,Won,2017-09-14,127
ST-005634,VQUCVSOL,Markita Hansen,Prospecting,Engaging,2017-05-10,19
ST-005635,VQUCVSOL,Markita Hansen,Engaging,Lost,2017-05-22,12
ST-005636,2NN7T8LG,Markita Hansen,Prospecting,Engaging,2017-05-10,27
ST-005637,2NN7T8LG,Markita Hansen,Engaging,Lost,2017-05-16,6
ST-005638,SLCWM9BH,Markita Hansen,Prospecting,Engaging,2017-05-10,22
ST-005639,SLCWM9BH,Markita Hansen,Engaging,Won,2017-09-04,117
ST-005640,974QGNBZ,Marty Freudenburg,Prospecting,Engaging,2017-05-10,18
ST-005641,974QGNBZ,Marty Freudenburg,Engaging,Won,2017-05-24,14
ST-005642,T8E8EDZS,Moses Frase,Prospecting,Engaging,2017-05-10,30
ST-005643,T8E8EDZS,Moses Frase,Engaging,Won,2017-08-21,103
ST-005644,9C2RRH1Q,Niesha Huffines,Prospecting,Engaging,2017-05-10,30
ST-005645,9C2RRH1Q,Niesha Huffines,Engaging,Lost,2017-09-19,132
ST-005646,H26RG9KC,Rosalina Dieter,Prospecting,Engaging,2017-05-10,26
ST-005647,H26RG9KC,Rosalina Dieter,Engaging,Lost,2017-05-18,8
ST-005648,R034IT17,Rosie Papadopoulos,Prospecting,Engaging,2017-05-10,26
ST-005649,R034IT17,Rosie Papadopoulos,Engaging,Won,2017-05-12,2
ST-005650,T5SX9Z3T,Vicki Laflamme,Prospecting,Engaging,2017-05-10,4
ST-005651,H6CG7TPM,Violet Mclelland,Prospecting,Engaging,2017-05-10,25
ST-005652,H6CG7TPM,Violet Mclelland,Engaging,Won,2017-05-28,18
ST-005653,KV1EXWQG,Anna Snelling,Prospecting,Engaging,2017-05-11,7
ST-005654,KV1EXWQG,Anna Snelling,Engaging,Lost,2017-08-03,84
ST-005655,P4GX3HZH,Anna Snelling,Prospecting,Engaging,2017-05-11,19
ST-005656,P4GX3HZH,Anna Snelling,Engaging,Won,2017-05-26,15
ST-005657,VPG5E490,Boris Faz,Prospecting,Engaging,2017-05-11,9
ST-005658,8I84MV5A,Cassey Cress,Prospecting,Engaging,2017-05-11,20
ST-005659,KF05URX0,Corliss Cosme,Prospecting,Engaging,2017-05-11,13
ST-005660,GACP1E2I,Darcel Schlecht,Prospecting,Engaging,2017-05-11,24
ST-005661,GACP1E2I,Darcel Schlecht,Engaging,Won,2017-08-11,92
ST-005662,ASW97JK3,Darcel Schlecht,Prospecting,Engaging,2017-05-11,18
ST-005663,ASW97JK3,Darcel Schlecht,Engaging,Won,2017-06-29,49
ST-005664,XBYJ3NUR,Darcel Schlecht,Prospecting,Engaging,2017-05-11,19
ST-005665,XBYJ3NUR,Darcel Schlecht,Engaging,Won,2017-05-20,9
ST-005666,4Q2GV039,Darcel Schlecht,Prospecting,Engaging,2017-05-11,15
ST-005667,4Q2GV039,Darcel Schlecht,Engaging,Won,2017-08-24,105
ST-005668,ZA1YVJQC,Garret Kinder,Prospecting,Engaging,2017-05-11,13
ST-005669,ZA1YVJQC,Garret Kinder,Engaging,Won,2017-08-11,92
ST-005670,5IQAJGCU,Kami Bicknell,Prospecting,Engaging,2017-05-11,8
ST-005671,59XUUWAQ,Kami Bicknell,Prospecting,Engaging,2017-05-11,17
ST-005672,59XUUWAQ,Kami Bicknell,Engaging,Lost,2017-09-02,114
ST-005673,GGXEKX47,Kami Bicknell,Prospecting,Engaging,2017-05-11,20
ST-005674,GGXEKX47,Kami Bicknell,Engaging,Lost,2017-08-03,84
ST-005675,LTVGILHP,Kary Hendrixson,Prospecting,Engaging,2017-05-11,13
ST-005676,N00L26DN,Kary Hendrixson,Prospecting,Engaging,2017-05-11,20
ST-005677,N00L26DN,Kary Hendrixson,Engaging,Lost,2017-05-30,19
ST-005678,8JP05QQR,Markita Hansen,Prospecting,Engaging,2017-05-11,14
ST-005679,8JP05QQR,Markita Hansen,Engaging,Lost,2017-08-03,84
ST-005680,MV227O65,Maureen Marcano,Prospecting,Engaging,2017-05-11,24
ST-005681,0BG8WJSX,Maureen Marcano,Prospecting,Engaging,2017-05-11,27
ST-005682,0BG8WJSX,Maureen Marcano,Engaging,Lost,2017-05-22,11
ST-005683,ZQVUQ5CJ,Moses Frase,Prospecting,Engaging,2017-05-11,30
ST-005684,ZQVUQ5CJ,Moses Frase,Engaging,Won,2017-05-25,14
ST-005685,E8QHX9TE,Vicki Laflamme,Prospecting,Engaging,2017-05-11,26
ST-005686,ZFVG8LP2,Vicki Laflamme,Prospecting,Engaging,2017-05-11,24
ST-005687,ZFVG8LP2,Vicki Laflamme,Engaging,Won,2017-05-20,9
ST-005688,P2ST849C,Violet Mclelland,Prospecting,Engaging,2017-05-11,23
ST-005689,P2ST849C,Violet Mclelland,Engaging,Won,2017-06-16,36
ST-005690,6CPBVF9F,Wilburn Farren,Prospecting,Engaging,2017-05-11,28
ST-005691,6CPBVF9F,Wilburn Farren,Engaging,Lost,2017-08-04,85
ST-005692,6ID18IJX,Zane Levy,Prospecting,Engaging,2017-05-11,25
ST-005693,6ID18IJX,Zane Levy,Engaging,Won,2017-08-17,98
ST-005694,WSPM5X5V,Anna Snelling,Prospecting,Engaging,2017-05-12,11
ST-005695,WSPM5X5V,Anna Snelling,Engaging,Lost,2017-05-23,11
ST-005696,7SF3PMMY,Cecily Lampkin,Prospecting,Engaging,2017-05-12,22
ST-005697,7SF3PMMY,Cecily Lampkin,Engaging,Won,2017-06-10,29
ST-005698,CZF82O5B,Cecily Lampkin,Prospecting,Engaging,2017-05-12,18
ST-005699,CZF82O5B,Cecily Lampkin,Engaging,Won,2017-05-27,15
ST-005700,BLLYPR3S,Corliss Cosme,Prospecting,Engaging,2017-05-12,9
ST-005701,BLLYPR3S,Corliss Cosme,Engaging,Lost,2017-08-24,104
ST-005702,6VLA3FDQ,Gladys Colclough,Prospecting,Engaging,2017-05-12,10
ST-005703,6VLA3FDQ,Gladys Colclough,Engaging,Won,2017-08-09,89
ST-005704,YL98GKZF,James Ascencio,Prospecting,Engaging,2017-05-12,11
ST-005705,YL98GKZF,James Ascencio,Engaging,Lost,2017-08-01,81
ST-005706,G43QQLLF,Jonathan Berthelot,Prospecting,Engaging,2017-05-12,20
ST-005707,G43QQLLF,Jonathan Berthelot,Engaging,Lost,2017-05-20,8
ST-005708,1DZNTUSA,Kami Bicknell,Prospecting,Engaging,2017-05-12,12
ST-005709,1DZNTUSA,Kami Bicknell,Engaging,Lost,2017-05-20,8
ST-005710,G5Z0FWAX,Kary Hendrixson,Prospecting,Engaging,2017-05-12,10
ST-005711,G5Z0FWAX,Kary Hendrixson,Engaging,Lost,2017-08-03,83
ST-005712,Z3FOWY9N,Kary Hendrixson,Prospecting,Engaging,2017-05-12,12
ST-005713,Z3FOWY9N,Kary Hendrixson,Engaging,Won,2017-06-22,41
ST-005714,S4OLFL40,Lajuana Vencill,Prospecting,Engaging,2017-05-12,27
ST-005715,S4OLFL40,Lajuana Vencill,Engaging,Won,2017-05-22,10
ST-005716,LPY6VIZV,Marty Freudenburg,Prospecting,Engaging,2017-05-12,12
ST-005717,LPY6VIZV,Marty Freudenburg,Engaging,Lost,2017-08-12,92
ST-005718,QQ96SPTU,Maureen Marcano,Prospecting,Engaging,2017-05-12,25
ST-005719,QQ96SPTU,Maureen Marcano,Engaging,Won,2017-08-23,103
ST-005720,5YLCW6L5,Moses Frase,Prospecting,Engaging,2017-05-12,9
ST-005721,5YLCW6L5,Moses Frase,Engaging,Won,2017-09-15,126
ST-005722,IQ8MEPW9,Reed Clapper,Prospecting,Engaging,2017-05-12,25
ST-005723,IQ8MEPW9,Reed Clapper,Engaging,Lost,2017-05-24,12
ST-005724,AZX4XC81,Reed Clapper,Prospecting,Engaging,2017-05-12,25
ST-005725,AZX4XC81,Reed Clapper,Engaging,Lost,2017-08-13,93
ST-005726,GO4G2L4X,Reed Clapper,Prospecting,Engaging,2017-05-12,18
ST-005727,GO4G2L4X,Reed Clapper,Engaging,Won,2017-05-15,3
ST-005728,9HKP3RBS,Rosie Papadopoulos,Prospecting,Engaging,2017-05-12,13
ST-005729,9HKP3RBS,Rosie Papadopoulos,Engaging,Won,2017-08-04,84
ST-005730,ER3G544S,Versie Hillebrand,Prospecting,Engaging,2017-05-12,18
ST-005731,ER3G544S,Versie Hillebrand,Engaging,Lost,2017-08-14,94
ST-005732,YQFF7GFK,Versie Hillebrand,Prospecting,Engaging,2017-05-12,14
ST-005733,YQFF7GFK,Versie Hillebrand,Engaging,Won,2017-08-11,91
ST-005734,1D1EJE8U,Vicki Laflamme,Prospecting,Engaging,2017-05-12,20
ST-005735,1D1EJE8U,Vicki Laflamme,Engaging,Lost,2017-05-26,14
ST-005736,5BAGWGAG,Vicki Laflamme,Prospecting,Engaging,2017-05-12,28
ST-005737,5BAGWGAG,Vicki Laflamme,Engaging,Won,2017-08-23,103
ST-005738,V1ROZMCX,Anna Snelling,Prospecting,Engaging,2017-05-13,26
ST-005739,V1ROZMCX,Anna Snelling,Engaging,Won,2017-06-28,46
ST-005740,CEQ3J96G,Anna Snelling,Prospecting,Engaging,2017-05-13,11
ST-005741,CEQ3J96G,Anna Snelling,Engaging,Won,2017-08-04,83
ST-005742,P96S0ATV,Boris Faz,Prospecting,Engaging,2017-05-13,12
ST-005743,P96S0ATV,Boris Faz,Engaging,Won,2017-06-01,19
ST-005744,GXKR6EG9,Cecily Lampkin,Prospecting,Engaging,2017-05-13,6
ST-005745,GXKR6EG9,Cecily Lampkin,Engaging,Won,2017-05-27,14
ST-005746,I6UG2OLX,Corliss Cosme,Prospecting,Engaging,2017-05-13,21
ST-005747,XA4PGIHG,Corliss Cosme,Prospecting,Engaging,2017-05-13,24
ST-005748,XA4PGIHG,Corliss Cosme,Engaging,Lost,2017-08-08,87
ST-005749,INBSL1I4,Corliss Cosme,Prospecting,Engaging,2017-05-13,20
ST-005750,INBSL1I4,Corliss Cosme,Engaging,Won,2017-08-20,99
ST-005751,4N2KE2ER,Darcel Schlecht,Prospecting,Engaging,2017-05-13,15
ST-005752,4N2KE2ER,Darcel Schlecht,Engaging,Won,2017-08-24,103
ST-005753,UJSFG18F,Darcel Schlecht,Prospecting,Engaging,2017-05-13,15
ST-005754,UJSFG18F,Darcel Schlecht,Engaging,Won,2017-08-15,94
ST-005755,R9TWUEAT,Donn Cantrell,Prospecting,Engaging,2017-05-13,29
ST-005756,R9TWUEAT,Donn Cantrell,Engaging,Lost,2017-08-09,88
ST-005757,3K97S8L9,Donn Cantrell,Prospecting,Engaging,2017-05-13,14
ST-005758,3K97S8L9,Donn Cantrell,Engaging,Lost,2017-05-19,6
ST-005759,QWR1O5R9,Donn Cantrell,Prospecting,Engaging,2017-05-13,27
ST-005760,QWR1O5R9,Donn Cantrell,Engaging,Lost,2017-05-17,4
ST-005761,0MZIJDPM,Elease Gluck,Prospecting,Engaging,2017-05-13,28
ST-005762,0MZIJDPM,Elease Gluck,Engaging,Won,2017-09-13,123
ST-005763,3N46WQVI,Hayden Neloms,Prospecting,Engaging,2017-05-13,7
ST-005764,FNQYVW3T,Hayden Neloms,Prospecting,Engaging,2017-05-13,12
ST-005765,FNQYVW3T,Hayden Neloms,Engaging,Won,2017-05-17,4
ST-005766,CO6JN5NH,James Ascencio,Prospecting,Engaging,2017-05-13,4
ST-005767,CO6JN5NH,James Ascencio,Engaging,Lost,2017-08-22,101
ST-005768,D6XIVDQF,Jonathan Berthelot,Prospecting,Engaging,2017-05-13,12
ST-005769,D6XIVDQF,Jonathan Berthelot,Engaging,Won,2017-09-06,116
ST-005770,CQXYCHKN,Lajuana Vencill,Prospecting,Engaging,2017-05-13,25
ST-005771,CQXYCHKN,Lajuana Vencill,Engaging,Lost,2017-05-15,2
ST-005772,TWXUDY78,Markita Hansen,Prospecting,Engaging,2017-05-13,5
ST-005773,TWXUDY78,Markita Hansen,Engaging,Won,2017-08-23,102
ST-005774,OPL7DH0Q,Niesha Huffines,Prospecting,Engaging,2017-05-13,14
ST-005775,OPL7DH0Q,Niesha Huffines,Engaging,Lost,2017-08-24,103
ST-005776,5VKRCTJE,Rosalina Dieter,Prospecting,Engaging,2017-05-13,17
ST-005777,5VKRCTJE,Rosalina Dieter,Engaging,Won,2017-08-01,80
ST-005778,7DDD3NZ2,Rosie Papadopoulos,Prospecting,Engaging,2017-05-13,23
ST-005779,7DDD3NZ2,Rosie Papadopoulos,Engaging,Won,2017-05-17,4
ST-005780,QL97HH1Y,Versie Hillebrand,Prospecting,Engaging,2017-05-13,11
ST-005781,QL97HH1Y,Versie Hillebrand,Engaging,Won,2017-05-19,6
ST-005782,9KN4MG14,Anna Snelling,Prospecting,Engaging,2017-05-14,26
ST-005783,9KN4MG14,Anna Snelling,Engaging,Lost,2017-08-25,103
ST-005784,4V3TLIGG,Anna Snelling,Prospecting,Engaging,2017-05-14,18
ST-005785,4V3TLIGG,Anna Snelling,Engaging,Won,2017-05-22,8
ST-005786,ALZNZ666,Boris Faz,Prospecting,Engaging,2017-05-14,9
ST-005787,BJO24Z5A,Cassey Cress,Prospecting,Engaging,2017-05-14,9
ST-005788,BWRNVTNR,Cassey Cress,Prospecting,Engaging,2017-05-14,29
ST-005789,BWRNVTNR,Cassey Cress,Engaging,Lost,2017-08-02,80
ST-005790,0H4AHJRI,Daniell Hammack,Prospecting,Engaging,2017-05-14,20
ST-005791,0H4AHJRI,Daniell Hammack,Engaging,Lost,2017-06-01,18
ST-005792,S9WJ9NAS,Darcel Schlecht,Prospecting,Engaging,2017-05-14,11
ST-005793,S9WJ9NAS,Darcel Schlecht,Engaging,Won,2017-06-24,41
ST-005794,BCA3ICIO,Donn Cantrell,Prospecting,Engaging,2017-05-14,20
ST-005795,BCA3ICIO,Donn Cantrell,Engaging,Lost,2017-08-14,92
ST-005796,F914VHA3,Donn Cantrell,Prospecting,Engaging,2017-05-14,25
ST-005797,F914VHA3,Donn Cantrell,Engaging,Won,2017-08-06,84
ST-005798,EF24VTVA,James Ascencio,Prospecting,Engaging,2017-05-14,11
ST-005799,1CZU97OX,James Ascencio,Prospecting,Engaging,2017-05-14,7
ST-005800,1CZU97OX,James Ascencio,Engaging,Won,2017-08-02,80
ST-005801,HY94AVIW,Maureen Marcano,Prospecting,Engaging,2017-05-14,6
ST-005802,T4FQOS6J,Maureen Marcano,Prospecting,Engaging,2017-05-14,22
ST-005803,4BPA17HF,Maureen Marcano,Prospecting,Engaging,2017-05-14,26
ST-005804,4BPA17HF,Maureen Marcano,Engaging,Won,2017-05-28,14
ST-005805,LAOGNZOU,Maureen Marcano,Prospecting,Engaging,2017-05-14,21
ST-005806,LAOGNZOU,Maureen Marcano,Engaging,Won,2017-05-22,8
ST-005807,V3KGPHH9,Niesha Huffines,Prospecting,Engaging,2017-05-14,10
ST-005808,V3KGPHH9,Niesha Huffines,Engaging,Won,2017-06-07,24
ST-005809,RNH95U0V,Reed Clapper,Prospecting,Engaging,2017-05-14,10
ST-005810,RNH95U0V,Reed Clapper,Engaging,Won,2017-08-20,98
ST-005811,ZJ1BOSNL,Reed Clapper,Prospecting,Engaging,2017-05-14,4
ST-005812,ZJ1BOSNL,Reed Clapper,Engaging,Won,2017-05-24,10
ST-005813,0X1AY1FM,Rosalina Dieter,Prospecting,Engaging,2017-05-14,24
ST-005814,0X1AY1FM,Rosalina Dieter,Engaging,Won,2017-05-18,4
ST-005815,D821LEQV,Versie Hillebrand,Prospecting,Engaging,2017-05-14,19
ST-005816,D821LEQV,Versie Hillebrand,Engaging,Lost,2017-08-24,102
ST-005817,B1O27MFD,Versie Hillebrand,Prospecting,Engaging,2017-05-14,10
ST-005818,B1O27MFD,Versie Hillebrand,Engaging,Lost,2017-08-06,84
ST-005819,UOUG01WG,Versie Hillebrand,Prospecting,Engaging,2017-05-14,23
ST-005820,UOUG01WG,Versie Hillebrand,Engaging,Won,2017-05-16,2
ST-005821,848QSODT,Vicki Laflamme,Prospecting,Engaging,2017-05-14,10
ST-005822,3X2HOUYU,Vicki Laflamme,Prospecting,Engaging,2017-05-14,4
ST-005823,3X2HOUYU,Vicki Laflamme,Engaging,Won,2017-08-16,94
ST-005824,V135X5B7,Violet Mclelland,Prospecting,Engaging,2017-05-14,6
ST-005825,V135X5B7,Violet Mclelland,Engaging,Won,2017-05-17,3
ST-005826,89P5UVQ0,Wilburn Farren,Prospecting,Engaging,2017-05-14,16
ST-005827,WUXGF870,Zane Levy,Prospecting,Engaging,2017-05-14,13
ST-005828,WUXGF870,Zane Levy,Engaging,Lost,2017-05-27,13
ST-005829,3372JYYQ,Cassey Cress,Prospecting,Engaging,2017-05-15,25
ST-005830,ENE1HNL3,Cassey Cress,Prospecting,Engaging,2017-05-15,18
ST-005831,ENE1HNL3,Cassey Cress,Engaging,Won,2017-06-27,43
ST-005832,C8SWZNON,Cassey Cress,Prospecting,Engaging,2017-05-15,6
ST-005833,C8SWZNON,Cassey Cress,Engaging,Won,2017-05-23,8
ST-005834,EXMA7FRC,Cecily Lampkin,Prospecting,Engaging,2017-05-15,24
ST-005835,EXMA7FRC,Cecily Lampkin,Engaging,Won,2017-05-30,15
ST-005836,KJHM27ZM,Daniell Hammack,Prospecting,Engaging,2017-05-15,27
ST-005837,8H1VRXAK,Daniell Hammack,Prospecting,Engaging,2017-05-15,7
ST-005838,8H1VRXAK,Daniell Hammack,Engaging,Won,2017-09-15,123
ST-005839,10QXTLQX,Daniell Hammack,Prospecting,Engaging,2017-05-15,3
ST-005840,10QXTLQX,Daniell Hammack,Engaging,Won,2017-06-25,41
ST-005841,7YT7NRV9,Elease Gluck,Prospecting,Engaging,2017-05-15,20
ST-005842,5BRZKG6Y,Hayden Neloms,Prospecting,Engaging,2017-05-15,8
ST-005843,5BRZKG6Y,Hayden Neloms,Engaging,Lost,2017-09-08,116
ST-005844,X4FW4JR1,Kary Hendrixson,Prospecting,Engaging,2017-05-15,16
ST-005845,BHV4K3VV,Kary Hendrixson,Prospecting,Engaging,2017-05-15,23
ST-005846,BHV4K3VV,Kary Hendrixson,Engaging,Won,2017-05-25,10
ST-005847,BOHWQ1B3,Lajuana Vencill,Prospecting,Engaging,2017-05-15,18
ST-005848,BOHWQ1B3,Lajuana Vencill,Engaging,Won,2017-09-07,115
ST-005849,K4KNZQY6,Markita Hansen,Prospecting,Engaging,2017-05-15,18
ST-005850,K4KNZQY6,Markita Hansen,Engaging,Lost,2017-08-07,84
ST-005851,9WUD1Q5D,Marty Freudenburg,Prospecting,Engaging,2017-05-15,23
ST-005852,9WUD1Q5D,Marty Freudenburg,Engaging,Lost,2017-08-10,87
ST-005853,KAPP0SBT,Marty Freudenburg,Prospecting,Engaging,2017-05-15,9
ST-005854,KAPP0SBT,Marty Freudenburg,Engaging,Lost,2017-08-21,98
ST-005855,XSWTUMGY,Maureen Marcano,Prospecting,Engaging,2017-05-15,27
ST-005856,XSWTUMGY,Maureen Marcano,Engaging,Lost,2017-08-13,90
ST-005857,KS9B13NQ,Maureen Marcano,Prospecting,Engaging,2017-05-15,12
ST-005858,KS9B13NQ,Maureen Marcano,Engaging,Won,2017-09-10,118
ST-005859,S983P5KR,Niesha Huffines,Prospecting,Engaging,2017-05-15,13
ST-005860,S983P5KR,Niesha Huffines,Engaging,Lost,2017-08-11,88
ST-005861,K0ZYCW3U,Niesha Huffines,Prospecting,Engaging,2017-05-15,12
ST-005862,K0ZYCW3U,Niesha Huffines,Engaging,Won,2017-06-27,43
ST-005863,SFCT64YG,Niesha Huffines,Prospecting,Engaging,2017-05-15,23
ST-005864,SFCT64YG,Niesha Huffines,Engaging,Won,2017-09-05,113
ST-005865,DUM5AP8P,Reed Clapper,Prospecting,Engaging,2017-05-15,4
ST-005866,DUM5AP8P,Reed Clapper,Engaging,Lost,2017-05-30,15
ST-005867,XAC1J3TF,Rosalina Dieter,Prospecting,Engaging,2017-05-15,27
ST-005868,RNV54AZ7,Rosie Papadopoulos,Prospecting,Engaging,2017-05-15,5
ST-005869,RNV54AZ7,Rosie Papadopoulos,Engaging,Lost,2017-05-26,11
ST-005870,AVNVFAIR,Vicki Laflamme,Prospecting,Engaging,2017-05-15,23
ST-005871,AVNVFAIR,Vicki Laflamme,Engaging,Won,2017-08-25,102
ST-005872,TEJBT5CP,Vicki Laflamme,Prospecting,Engaging,2017-05-15,21
ST-005873,TEJBT5CP,Vicki Laflamme,Engaging,Won,2017-06-03,19
ST-005874,UFALPP82,Vicki Laflamme,Prospecting,Engaging,2017-05-15,10
ST-005875,UFALPP82,Vicki Laflamme,Engaging,Won,2017-08-19,96
ST-005876,NHA6MNJF,Violet Mclelland,Prospecting,Engaging,2017-05-15,20
ST-005877,NHA6MNJF,Violet Mclelland,Engaging,Won,2017-09-26,134
ST-005878,S3UOGUU5,Zane Levy,Prospecting,Engaging,2017-05-15,26
ST-005879,S3UOGUU5,Zane Levy,Engaging,Lost,2017-06-21,37
ST-005880,TSRHYEOQ,Cassey Cress,Prospecting,Engaging,2017-05-16,26
ST-005881,TSRHYEOQ,Cassey Cress,Engaging,Lost,2017-08-13,89
ST-005882,ZIK2R3S7,Corliss Cosme,Prospecting,Engaging,2017-05-16,30
ST-005883,K44WX2BT,Donn Cantrell,Prospecting,Engaging,2017-05-16,4
ST-005884,K44WX2BT,Donn Cantrell,Engaging,Won,2017-08-13,89
ST-005885,HF2DSIT5,Elease Gluck,Prospecting,Engaging,2017-05-16,8
ST-005886,XD6R8R5B,Hayden Neloms,Prospecting,Engaging,2017-05-16,16
ST-005887,XD6R8R5B,Hayden Neloms,Engaging,Won,2017-05-30,14
ST-005888,CEGQ4V9F,James Ascencio,Prospecting,Engaging,2017-05-16,29
ST-005889,CEGQ4V9F,James Ascencio,Engaging,Lost,2017-05-20,4
ST-005890,58DMWXXI,James Ascencio,Prospecting,Engaging,2017-05-16,8
ST-005891,58DMWXXI,James Ascencio,Engaging,Lost,2017-05-27,11
ST-005892,8GYJOE85,Kami Bicknell,Prospecting,Engaging,2017-05-16,4
ST-005893,8GYJOE85,Kami Bicknell,Engaging,Lost,2017-08-22,98
ST-005894,KJP1JFKX,Kami Bicknell,Prospecting,Engaging,2017-05-16,29
ST-005895,KJP1JFKX,Kami Bicknell,Engaging,Won,2017-06-06,21
ST-005896,LGK00C12,Lajuana Vencill,Prospecting,Engaging,2017-05-16,15
ST-005897,LGK00C12,Lajuana Vencill,Engaging,Lost,2017-08-24,100
ST-005898,1F950BGI,Lajuana Vencill,Prospecting,Engaging,2017-05-16,28
ST-005899,1F950BGI,Lajuana Vencill,Engaging,Won,2017-06-01,16
ST-005900,1KV8WY84,Marty Freudenburg,Prospecting,Engaging,2017-05-16,18
ST-005901,1KV8WY84,Marty Freudenburg,Engaging,Lost,2017-05-24,8
ST-005902,FN080GSV,Maureen Marcano,Prospecting,Engaging,2017-05-16,8
ST-005903,FN080GSV,Maureen Marcano,Engaging,Won,2017-08-04,80
ST-005904,M3IMVC9G,Rosalina Dieter,Prospecting,Engaging,2017-05-16,26
ST-005905,XR3BL1JL,Rosalina Dieter,Prospecting,Engaging,2017-05-16,30
ST-005906,XR3BL1JL,Rosalina Dieter,Engaging,Won,2017-08-20,96
ST-005907,BTRIUUWG,Rosie Papadopoulos,Prospecting,Engaging,2017-05-16,12
ST-005908,YD38G676,Vicki Laflamme,Prospecting,Engaging,2017-05-16,4
ST-005909,YD38G676,Vicki Laflamme,Engaging,Lost,2017-05-27,11
ST-005910,4AS1VXQM,Vicki Laflamme,Prospecting,Engaging,2017-05-16,3
ST-005911,4AS1VXQM,Vicki Laflamme,Engaging,Won,2017-09-07,114
ST-005912,UW6FSSDK,Violet Mclelland,Prospecting,Engaging,2017-05-16,12
ST-005913,UW6FSSDK,Violet Mclelland,Engaging,Lost,2017-08-16,92
ST-005914,GYC77KNM,Wilburn Farren,Prospecting,Engaging,2017-05-16,21
ST-005915,GYC77KNM,Wilburn Farren,Engaging,Won,2017-09-16,123
ST-005916,XRO7PMA2,Cassey Cress,Prospecting,Engaging,2017-05-17,22
ST-005917,HS58SPS7,Cassey Cress,Prospecting,Engaging,2017-05-17,6
ST-005918,HS58SPS7,Cassey Cress,Engaging,Lost,2017-05-25,8
ST-005919,5BGYQS4R,Darcel Schlecht,Prospecting,Engaging,2017-05-17,13
ST-005920,5BGYQS4R,Darcel Schlecht,Engaging,Won,2017-08-11,86
ST-005921,YMS8IG4L,Donn Cantrell,Prospecting,Engaging,2017-05-17,12
ST-005922,YMS8IG4L,Donn Cantrell,Engaging,Won,2017-05-27,10
ST-005923,04OAV3CV,Elease Gluck,Prospecting,Engaging,2017-05-17,17
ST-005924,NISR8D1V,Elease Gluck,Prospecting,Engaging,2017-05-17,23
ST-005925,NISR8D1V,Elease Gluck,Engaging,Won,2017-08-08,83
ST-005926,T4MF2SMF,Hayden Neloms,Prospecting,Engaging,2017-05-17,20
ST-005927,T4MF2SMF,Hayden Neloms,Engaging,Won,2017-06-04,18
ST-005928,G6PDDHMN,Jonathan Berthelot,Prospecting,Engaging,2017-05-17,19
ST-005929,G6PDDHMN,Jonathan Berthelot,Engaging,Lost,2017-05-31,14
ST-005930,S2GG93I6,Kami Bicknell,Prospecting,Engaging,2017-05-17,18
ST-005931,S2GG93I6,Kami Bicknell,Engaging,Lost,2017-08-22,97
ST-005932,8GV0BQTU,Kary Hendrixson,Prospecting,Engaging,2017-05-17,7
ST-005933,I99AI8C5,Lajuana Vencill,Prospecting,Engaging,2017-05-17,30
ST-005934,I99AI8C5,Lajuana Vencill,Engaging,Lost,2017-08-08,83
ST-005935,3SEMPUU1,Markita Hansen,Prospecting,Engaging,2017-05-17,19
ST-005936,8W87JE97,Markita Hansen,Prospecting,Engaging,2017-05-17,17
ST-005937,8W87JE97,Markita Hansen,Engaging,Lost,2017-08-12,87
ST-005938,RQM0PS59,Markita Hansen,Prospecting,Engaging,2017-05-17,11
ST-005939,RQM0PS59,Markita Hansen,Engaging,Lost,2017-08-18,93
ST-005940,483NKH0E,Markita Hansen,Prospecting,Engaging,2017-05-17,9
ST-005941,483NKH0E,Markita Hansen,Engaging,Won,2017-08-18,93
ST-005942,G6QI40AT,Rosie Papadopoulos,Prospecting,Engaging,2017-05-17,28
ST-005943,G6QI40AT,Rosie Papadopoulos,Engaging,Lost,2017-05-29,12
ST-005944,UQY5TEE8,Versie Hillebrand,Prospecting,Engaging,2017-05-17,6
ST-005945,UQY5TEE8,Versie Hillebrand,Engaging,Won,2017-09-20,126
ST-005946,AXHNVQPQ,Vicki Laflamme,Prospecting,Engaging,2017-05-17,13
ST-005947,AXHNVQPQ,Vicki Laflamme,Engaging,Won,2017-09-08,114
ST-005948,N2KXGJO3,Violet Mclelland,Prospecting,Engaging,2017-05-17,8
ST-005949,N2KXGJO3,Violet Mclelland,Engaging,Won,2017-08-01,76
ST-005950,DDP76LIP,Zane Levy,Prospecting,Engaging,2017-05-17,26
ST-005951,DDP76LIP,Zane Levy,Engaging,Lost,2017-05-26,9
ST-005952,43AH1M09,Anna Snelling,Prospecting,Engaging,2017-05-18,17
ST-005953,43AH1M09,Anna Snelling,Engaging,Lost,2017-05-24,6
ST-005954,852ZZB90,Anna Snelling,Prospecting,Engaging,2017-05-18,23
ST-005955,852ZZB90,Anna Snelling,Engaging,Won,2017-06-02,15
ST-005956,V2GGEAOC,Anna Snelling,Prospecting,Engaging,2017-05-18,11
ST-005957,V2GGEAOC,Anna Snelling,Engaging,Won,2017-09-15,120
ST-005958,0Y8HO91H,Cassey Cress,Prospecting,Engaging,2017-05-18,25
ST-005959,0Y8HO91H,Cassey Cress,Engaging,Won,2017-08-02,76
ST-005960,0K59ZLQC,Corliss Cosme,Prospecting,Engaging,2017-05-18,8
ST-005961,PNUBACZM,Darcel Schlecht,Prospecting,Engaging,2017-05-18,3
ST-005962,PNUBACZM,Darcel Schlecht,Engaging,Won,2017-06-07,20
ST-005963,DPT11UGS,Donn Cantrell,Prospecting,Engaging,2017-05-18,26
ST-005964,DPT11UGS,Donn Cantrell,Engaging,Won,2017-09-05,110
ST-005965,GQFRHJF6,Donn Cantrell,Prospecting,Engaging,2017-05-18,13
ST-005966,GQFRHJF6,Donn Cantrell,Engaging,Won,2017-08-10,84
ST-005967,S8ALJKKH,Garret Kinder,Prospecting,Engaging,2017-05-18,28
ST-005968,S8ALJKKH,Garret Kinder,Engaging,Won,2017-08-14,88
ST-005969,2BXYT4PD,Hayden Neloms,Prospecting,Engaging,2017-05-18,12
ST-005970,2FMT1053,Hayden Neloms,Prospecting,Engaging,2017-05-18,21
ST-005971,HU970PDK,James Ascencio,Prospecting,Engaging,2017-05-18,24
ST-005972,D85PDC6S,James Ascencio,Prospecting,Engaging,2017-05-18,27
ST-005973,7D75QXBD,Kary Hendrixson,Prospecting,Engaging,2017-05-18,9
ST-005974,N3GVE0VP,Markita Hansen,Prospecting,Engaging,2017-05-18,8
ST-005975,L71FBIF7,Marty Freudenburg,Prospecting,Engaging,2017-05-18,22
ST-005976,L71FBIF7,Marty Freudenburg,Engaging,Lost,2017-09-10,115
ST-005977,HU6IS6Q2,Marty Freudenburg,Prospecting,Engaging,2017-05-18,30
ST-005978,HU6IS6Q2,Marty Freudenburg,Engaging,Won,2017-06-11,24
ST-005979,UXFEJC9Q,Maureen Marcano,Prospecting,Engaging,2017-05-18,23
ST-005980,UXFEJC9Q,Maureen Marcano,Engaging,Won,2017-05-22,4
ST-005981,D4Z6IL8W,Niesha Huffines,Prospecting,Engaging,2017-05-18,15
ST-005982,D4Z6IL8W,Niesha Huffines,Engaging,Won,2017-06-05,18
ST-005983,OK39IHP1,Rosalina Dieter,Prospecting,Engaging,2017-05-18,29
ST-005984,5FG7S674,Rosie Papadopoulos,Prospecting,Engaging,2017-05-18,16
ST-005985,5FG7S674,Rosie Papadopoulos,Engaging,Lost,2017-08-14,88
ST-005986,KJXB9Q7O,Versie Hillebrand,Prospecting,Engaging,2017-05-18,19
ST-005987,KJXB9Q7O,Versie Hillebrand,Engaging,Lost,2017-05-24,6
ST-005988,CX4ZLSDW,Wilburn Farren,Prospecting,Engaging,2017-05-18,13
ST-005989,UFL6ZQDV,Zane Levy,Prospecting,Engaging,2017-05-18,5
ST-005990,KN3H2R4V,Zane Levy,Prospecting,Engaging,2017-05-18,15
ST-005991,KN3H2R4V,Zane Levy,Engaging,Lost,2017-06-25,38
ST-005992,20QTAZ1L,Zane Levy,Prospecting,Engaging,2017-05-18,24
ST-005993,20QTAZ1L,Zane Levy,Engaging,Lost,2017-05-23,5
ST-005994,NJCI3Y9S,Zane Levy,Prospecting,Engaging,2017-05-18,6
ST-005995,NJCI3Y9S,Zane Levy,Engaging,Won,2017-06-03,16
ST-005996,OATOYNX2,Anna Snelling,Prospecting,Engaging,2017-05-19,8
ST-005997,OATOYNX2,Anna Snelling,Engaging,Won,2017-06-27,39
ST-005998,GAH11YHT,Boris Faz,Prospecting,Engaging,2017-05-19,7
ST-005999,GAH11YHT,Boris Faz,Engaging,Lost,2017-05-20,1
ST-006000,FT8227WB,Cassey Cress,Prospecting,Engaging,2017-05-19,18
ST-006001,FT8227WB,Cassey Cress,Engaging,Lost,2017-06-01,13
ST-006002,0XHTFQE8,Cassey Cress,Prospecting,Engaging,2017-05-19,13
ST-006003,0XHTFQE8,Cassey Cress,Engaging,Won,2017-08-19,92
ST-006004,6I76NXTK,Corliss Cosme,Prospecting,Engaging,2017-05-19,10
ST-006005,6I76NXTK,Corliss Cosme,Engaging,Won,2017-09-04,108
ST-006006,0FLFT1R4,Corliss Cosme,Prospecting,Engaging,2017-05-19,3
ST-006007,0FLFT1R4,Corliss Cosme,Engaging,Won,2017-08-03,76
ST-006008,QX4VN0WB,Daniell Hammack,Prospecting,Engaging,2017-05-19,11
ST-006009,QX4VN0WB,Daniell Hammack,Engaging,Won,2017-09-01,105
ST-006010,14V0RQBV,Darcel Schlecht,Prospecting,Engaging,2017-05-19,15
ST-006011,14V0RQBV,Darcel Schlecht,Engaging,Lost,2017-08-27,100
ST-006012,2G82J8WD,Darcel Schlecht,Prospecting,Engaging,2017-05-19,10
ST-006013,2G82J8WD,Darcel Schlecht,Engaging,Won,2017-09-11,115
ST-006014,00KY25OA,Donn Cantrell,Prospecting,Engaging,2017-05-19,17
ST-006015,00KY25OA,Donn Cantrell,Engaging,Won,2017-06-01,13
ST-006016,QDDD0L2Y,Elease Gluck,Prospecting,Engaging,2017-05-19,27
ST-006017,QDDD0L2Y,Elease Gluck,Engaging,Lost,2017-05-27,8
ST-006018,6TN4T6HN,Hayden Neloms,Prospecting,Engaging,2017-05-19,11
ST-006019,6TN4T6HN,Hayden Neloms,Engaging,Won,2017-06-01,13
ST-006020,VA2JJZXD,Jonathan Berthelot,Prospecting,Engaging,2017-05-19,13
ST-006021,VA2JJZXD,Jonathan Berthelot,Engaging,Lost,2017-09-09,113
ST-006022,MQY3YOQS,Jonathan Berthelot,Prospecting,Engaging,2017-05-19,12
ST-006023,MQY3YOQS,Jonathan Berthelot,Engaging,Won,2017-06-02,14
ST-006024,MGD7DZAU,Kami Bicknell,Prospecting,Engaging,2017-05-19,21
ST-006025,BRFHWGVC,Kary Hendrixson,Prospecting,Engaging,2017-05-19,26
ST-006026,3YWITFR5,Lajuana Vencill,Prospecting,Engaging,2017-05-19,21
ST-006027,3YWITFR5,Lajuana Vencill,Engaging,Won,2017-08-15,88
ST-006028,BEKQZ411,Moses Frase,Prospecting,Engaging,2017-05-19,3
ST-006029,BEKQZ411,Moses Frase,Engaging,Won,2017-08-31,104
ST-006030,PK0T5N02,Reed Clapper,Prospecting,Engaging,2017-05-19,11
ST-006031,PK0T5N02,Reed Clapper,Engaging,Won,2017-05-26,7
ST-006032,8Z4ZMS9U,Violet Mclelland,Prospecting,Engaging,2017-05-19,23
ST-006033,DTSCBNCX,Violet Mclelland,Prospecting,Engaging,2017-05-19,14
ST-006034,DTSCBNCX,Violet Mclelland,Engaging,Lost,2017-08-12,85
ST-006035,TUDKP25E,Anna Snelling,Prospecting,Engaging,2017-05-20,25
ST-006036,TUDKP25E,Anna Snelling,Engaging,Lost,2017-08-01,73
ST-006037,JL9ERNVY,Boris Faz,Prospecting,Engaging,2017-05-20,10
ST-006038,E1OBRLYZ,Boris Faz,Prospecting,Engaging,2017-05-20,4
ST-006039,E1OBRLYZ,Boris Faz,Engaging,Won,2017-05-27,7
ST-006040,913RPKAD,Cassey Cress,Prospecting,Engaging,2017-05-20,24
ST-006041,913RPKAD,Cassey Cress,Engaging,Won,2017-05-24,4
ST-006042,JM5GDLEF,Corliss Cosme,Prospecting,Engaging,2017-05-20,6
ST-006043,NJC209SC,Darcel Schlecht,Prospecting,Engaging,2017-05-20,17
ST-006044,NJC209SC,Darcel Schlecht,Engaging,Won,2017-09-27,130
ST-006045,MMUC1AXI,Darcel Schlecht,Prospecting,Engaging,2017-05-20,12
ST-006046,MMUC1AXI,Darcel Schlecht,Engaging,Won,2017-08-09,81
ST-006047,X66G66ZA,Darcel Schlecht,Prospecting,Engaging,2017-05-20,8
ST-006048,X66G66ZA,Darcel Schlecht,Engaging,Won,2017-08-18,90
ST-006049,PI2PHSBE,Donn Cantrell,Prospecting,Engaging,2017-05-20,15
ST-006050,PI2PHSBE,Donn Cantrell,Engaging,Lost,2017-08-05,77
ST-006051,CYKC7RXH,Donn Cantrell,Prospecting,Engaging,2017-05-20,24
ST-006052,CYKC7RXH,Donn Cantrell,Engaging,Lost,2017-08-06,78
ST-006053,WXRWSVTT,Garret Kinder,Prospecting,Engaging,2017-05-20,19
ST-006054,WXRWSVTT,Garret Kinder,Engaging,Won,2017-08-18,90
ST-006055,81NOKKSW,Gladys Colclough,Prospecting,Engaging,2017-05-20,25
ST-006056,81NOKKSW,Gladys Colclough,Engaging,Won,2017-08-31,103
ST-006057,CP3JY4PE,Hayden Neloms,Prospecting,Engaging,2017-05-20,27
ST-006058,CP3JY4PE,Hayden Neloms,Engaging,Won,2017-09-14,117
ST-006059,K2683261,Kami Bicknell,Prospecting,Engaging,2017-05-20,12
ST-006060,K2683261,Kami Bicknell,Engaging,Won,2017-09-13,116
ST-006061,MPCJV2LA,Kary Hendrixson,Prospecting,Engaging,2017-05-20,25
ST-006062,MPCJV2LA,Kary Hendrixson,Engaging,Lost,2017-08-21,93
ST-006063,0DDBDPJU,Lajuana Vencill,Prospecting,Engaging,2017-05-20,6
ST-006064,0DDBDPJU,Lajuana Vencill,Engaging,Won,2017-08-05,77
ST-006065,RXIQFV8D,Niesha Huffines,Prospecting,Engaging,2017-05-20,23
ST-006066,RXIQFV8D,Niesha Huffines,Engaging,Won,2017-08-09,81
ST-006067,5RGYU88R,Versie Hillebrand,Prospecting,Engaging,2017-05-20,12
ST-006068,5RGYU88R,Versie Hillebrand,Engaging,Won,2017-05-25,5
ST-006069,F3P73EG4,Versie Hillebrand,Prospecting,Engaging,2017-05-20,14
ST-006070,F3P73EG4,Versie Hillebrand,Engaging,Won,2017-08-04,76
ST-006071,CRLWCEMY,Versie Hillebrand,Prospecting,Engaging,2017-05-20,22
ST-006072,CRLWCEMY,Versie Hillebrand,Engaging,Won,2017-06-10,21
ST-006073,3590U14O,Vicki Laflamme,Prospecting,Engaging,2017-05-20,10
ST-006074,3590U14O,Vicki Laflamme,Engaging,Lost,2017-08-23,95
ST-006075,CFOYAHQ1,Zane Levy,Prospecting,Engaging,2017-05-20,10
ST-006076,CFOYAHQ1,Zane Levy,Engaging,Lost,2017-05-30,10
ST-006077,IQ5ASHI1,Anna Snelling,Prospecting,Engaging,2017-05-21,7
ST-006078,IQ5ASHI1,Anna Snelling,Engaging,Won,2017-08-11,82
ST-006079,G378ZBNC,Anna Snelling,Prospecting,Engaging,2017-05-21,18
ST-006080,G378ZBNC,Anna Snelling,Engaging,Won,2017-08-03,74
ST-006081,6ZVC87CV,Boris Faz,Prospecting,Engaging,2017-05-21,7
ST-006082,6ZVC87CV,Boris Faz,Engaging,Won,2017-08-09,80
ST-006083,4Y1DYANE,Cassey Cress,Prospecting,Engaging,2017-05-21,17
ST-006084,4Y1DYANE,Cassey Cress,Engaging,Won,2017-06-04,14
ST-006085,CX0SXNCN,Corliss Cosme,Prospecting,Engaging,2017-05-21,26
ST-006086,PGYBGBU3,Daniell Hammack,Prospecting,Engaging,2017-05-21,22
ST-006087,PGYBGBU3,Daniell Hammack,Engaging,Won,2017-09-11,113
ST-006088,GQPQ6XBD,Elease Gluck,Prospecting,Engaging,2017-05-21,14
ST-006089,GQPQ6XBD,Elease Gluck,Engaging,Won,2017-06-06,16
ST-006090,G4KL8QWY,James Ascencio,Prospecting,Engaging,2017-05-21,16
ST-006091,G4KL8QWY,James Ascencio,Engaging,Won,2017-06-04,14
ST-006092,GIVVPRQQ,Jonathan Berthelot,Prospecting,Engaging,2017-05-21,25
ST-006093,GIVVPRQQ,Jonathan Berthelot,Engaging,Won,2017-08-30,101
ST-006094,JF178AXO,Kami Bicknell,Prospecting,Engaging,2017-05-21,20
ST-006095,JF178AXO,Kami Bicknell,Engaging,Won,2017-08-11,82
ST-006096,43NBMRFY,Kami Bicknell,Prospecting,Engaging,2017-05-21,18
ST-006097,43NBMRFY,Kami Bicknell,Engaging,Won,2017-08-18,89
ST-006098,RE3UNESR,Kary Hendrixson,Prospecting,Engaging,2017-05-21,27
ST-006099,PPUSV3RG,Kary Hendrixson,Prospecting,Engaging,2017-05-21,20
ST-006100,UQ67214Z,Lajuana Vencill,Prospecting,Engaging,2017-05-21,28
ST-006101,UQ67214Z,Lajuana Vencill,Engaging,Won,2017-08-20,91
ST-006102,HDITQL1S,Marty Freudenburg,Prospecting,Engaging,2017-05-21,24
ST-006103,HDITQL1S,Marty Freudenburg,Engaging,Won,2017-09-05,107
ST-006104,1WPONGOS,Maureen Marcano,Prospecting,Engaging,2017-05-21,29
ST-006105,1WPONGOS,Maureen Marcano,Engaging,Won,2017-08-11,82
ST-006106,UF0S02A4,Moses Frase,Prospecting,Engaging,2017-05-21,9
ST-006107,UF0S02A4,Moses Frase,Engaging,Lost,2017-05-25,4
ST-006108,ZG1DFNPW,Moses Frase,Prospecting,Engaging,2017-05-21,27
ST-006109,ZG1DFNPW,Moses Frase,Engaging,Won,2017-09-15,117
ST-006110,SS9FXCS2,Niesha Huffines,Prospecting,Engaging,2017-05-21,10
ST-006111,SS9FXCS2,Niesha Huffines,Engaging,Won,2017-08-01,72
ST-006112,SHE8LB0Y,Rosalina Dieter,Prospecting,Engaging,2017-05-21,24
ST-006113,SHE8LB0Y,Rosalina Dieter,Engaging,Lost,2017-08-08,79
ST-006114,9D6NTQ16,Rosalina Dieter,Prospecting,Engaging,2017-05-21,27
ST-006115,9D6NTQ16,Rosalina Dieter,Engaging,Lost,2017-08-06,77
ST-006116,59N6QWQM,Vicki Laflamme,Prospecting,Engaging,2017-05-21,22
ST-006117,59N6QWQM,Vicki Laflamme,Engaging,Lost,2017-05-23,2
ST-006118,ZHKJIJA1,Vicki Laflamme,Prospecting,Engaging,2017-05-21,30
ST-006119,ZHKJIJA1,Vicki Laflamme,Engaging,Won,2017-08-05,76
ST-006120,SDL8MJ4R,Violet Mclelland,Prospecting,Engaging,2017-05-21,28
ST-006121,SDL8MJ4R,Violet Mclelland,Engaging,Won,2017-06-10,20
ST-006122,G86OKJFV,Anna Snelling,Prospecting,Engaging,2017-05-22,5
ST-006123,G86OKJFV,Anna Snelling,Engaging,Lost,2017-05-31,9
ST-006124,WM7XURV6,Corliss Cosme,Prospecting,Engaging,2017-05-22,19
ST-006125,6I125KPN,Daniell Hammack,Prospecting,Engaging,2017-05-22,17
ST-006126,HUCB9WIQ,Darcel Schlecht,Prospecting,Engaging,2017-05-22,19
ST-006127,HUCB9WIQ,Darcel Schlecht,Engaging,Lost,2017-09-08,109
ST-006128,R8CMI00I,Garret Kinder,Prospecting,Engaging,2017-05-22,25
ST-006129,R8CMI00I,Garret Kinder,Engaging,Won,2017-06-06,15
ST-006130,T7HHH8HK,Garret Kinder,Prospecting,Engaging,2017-05-22,14
ST-006131,T7HHH8HK,Garret Kinder,Engaging,Won,2017-09-02,103
ST-006132,2YLXKON1,Hayden Neloms,Prospecting,Engaging,2017-05-22,5
ST-006133,407NLHJH,James Ascencio,Prospecting,Engaging,2017-05-22,21
ST-006134,407NLHJH,James Ascencio,Engaging,Won,2017-06-14,23
ST-006135,ZJQKUIZ4,Kary Hendrixson,Prospecting,Engaging,2017-05-22,6
ST-006136,KD63LC6D,Kary Hendrixson,Prospecting,Engaging,2017-05-22,4
ST-006137,KD63LC6D,Kary Hendrixson,Engaging,Won,2017-09-25,126
ST-006138,WS3BIQ4S,Markita Hansen,Prospecting,Engaging,2017-05-22,29
ST-006139,TB27K4GC,Markita Hansen,Prospecting,Engaging,2017-05-22,20
ST-006140,TB27K4GC,Markita Hansen,Engaging,Won,2017-08-14,84
ST-006141,U177IWW0,Maureen Marcano,Prospecting,Engaging,2017-05-22,19
ST-006142,VN8YFKTN,Reed Clapper,Prospecting,Engaging,2017-05-22,9
ST-006143,VN8YFKTN,Reed Clapper,Engaging,Lost,2017-05-25,3
ST-006144,NFFS1KSK,Reed Clapper,Prospecting,Engaging,2017-05-22,21
ST-006145,NFFS1KSK,Reed Clapper,Engaging,Won,2017-05-27,5
ST-006146,SWEQFKRF,Rosie Papadopoulos,Prospecting,Engaging,2017-05-22,20
ST-006147,V1T47SKL,Vicki Laflamme,Prospecting,Engaging,2017-05-22,7
ST-006148,V1T47SKL,Vicki Laflamme,Engaging,Won,2017-06-07,16
ST-006149,LFPY1Z14,Zane Levy,Prospecting,Engaging,2017-05-22,8
ST-006150,LFPY1Z14,Zane Levy,Engaging,Lost,2017-09-07,108
ST-006151,M6IGBW79,Zane Levy,Prospecting,Engaging,2017-05-22,13
ST-006152,M6IGBW79,Zane Levy,Engaging,Won,2017-08-08,78
ST-006153,HYSOZRCG,Boris Faz,Prospecting,Engaging,2017-05-23,30
ST-006154,41RF80KQ,Boris Faz,Prospecting,Engaging,2017-05-23,19
ST-006155,CYB0NUCJ,Cassey Cress,Prospecting,Engaging,2017-05-23,17
ST-006156,2QGI573A,Corliss Cosme,Prospecting,Engaging,2017-05-23,6
ST-006157,2QGI573A,Corliss Cosme,Engaging,Won,2017-05-26,3
ST-006158,QW4QPPSY,Donn Cantrell,Prospecting,Engaging,2017-05-23,24
ST-006159,QW4QPPSY,Donn Cantrell,Engaging,Won,2017-08-24,93
ST-006160,99L2TNR5,Gladys Colclough,Prospecting,Engaging,2017-05-23,9
ST-006161,99L2TNR5,Gladys Colclough,Engaging,Won,2017-08-24,93
ST-006162,3H3TNCP5,James Ascencio,Prospecting,Engaging,2017-05-23,25
ST-006163,J8Y1OGY2,Jonathan Berthelot,Prospecting,Engaging,2017-05-23,21
ST-006164,J8Y1OGY2,Jonathan Berthelot,Engaging,Lost,2017-05-28,5
ST-006165,7SJD7M9K,Jonathan Berthelot,Prospecting,Engaging,2017-05-23,18
ST-006166,7SJD7M9K,Jonathan Berthelot,Engaging,Won,2017-08-20,89
ST-006167,OKNOWHS3,Kary Hendrixson,Prospecting,Engaging,2017-05-23,5
ST-006168,OKNOWHS3,Kary Hendrixson,Engaging,Lost,2017-08-02,71
ST-006169,VO8WTDHE,Markita Hansen,Prospecting,Engaging,2017-05-23,19
ST-006170,VO8WTDHE,Markita Hansen,Engaging,Lost,2017-05-26,3
ST-006171,5FX5TX9L,Markita Hansen,Prospecting,Engaging,2017-05-23,17
ST-006172,5FX5TX9L,Markita Hansen,Engaging,Won,2017-08-14,83
ST-006173,TLT4JJ0U,Marty Freudenburg,Prospecting,Engaging,2017-05-23,28
ST-006174,TLT4JJ0U,Marty Freudenburg,Engaging,Lost,2017-09-13,113
ST-006175,RA77E84P,Niesha Huffines,Prospecting,Engaging,2017-05-23,4
ST-006176,RA77E84P,Niesha Huffines,Engaging,Won,2017-09-08,108
ST-006177,7U225819,Versie Hillebrand,Prospecting,Engaging,2017-05-23,17
ST-006178,7U225819,Versie Hillebrand,Engaging,Won,2017-08-11,80
ST-006179,075SHVO3,Vicki Laflamme,Prospecting,Engaging,2017-05-23,7
ST-006180,075SHVO3,Vicki Laflamme,Engaging,Lost,2017-08-12,81
ST-006181,HHNFD7DX,Violet Mclelland,Prospecting,Engaging,2017-05-23,19
ST-006182,HHNFD7DX,Violet Mclelland,Engaging,Lost,2017-08-29,98
ST-006183,PA55AGYL,Zane Levy,Prospecting,Engaging,2017-05-23,16
ST-006184,PA55AGYL,Zane Levy,Engaging,Won,2017-05-31,8
ST-006185,V93ZA48C,Cassey Cress,Prospecting,Engaging,2017-05-24,17
ST-006186,V93ZA48C,Cassey Cress,Engaging,Won,2017-09-24,123
ST-006187,TR3TXXHF,Cassey Cress,Prospecting,Engaging,2017-05-24,21
ST-006188,TR3TXXHF,Cassey Cress,Engaging,Won,2017-09-13,112
ST-006189,11V16SZZ,Corliss Cosme,Prospecting,Engaging,2017-05-24,4
ST-006190,SURL8H49,Donn Cantrell,Prospecting,Engaging,2017-05-24,20
ST-006191,SURL8H49,Donn Cantrell,Engaging,Won,2017-09-10,109
ST-006192,3IWUUUCN,Elease Gluck,Prospecting,Engaging,2017-05-24,17
ST-006193,POXC3DA1,Garret Kinder,Prospecting,Engaging,2017-05-24,24
ST-006194,POXC3DA1,Garret Kinder,Engaging,Lost,2017-09-21,120
ST-006195,KMGXUADZ,Gladys Colclough,Prospecting,Engaging,2017-05-24,28
ST-006196,KMGXUADZ,Gladys Colclough,Engaging,Won,2017-08-06,74
ST-006197,K7TV5UBZ,James Ascencio,Prospecting,Engaging,2017-05-24,12
ST-006198,X5IZZ69D,James Ascencio,Prospecting,Engaging,2017-05-24,26
ST-006199,X5IZZ69D,James Ascencio,Engaging,Lost,2017-06-20,27
ST-006200,X58FLJ8K,James Ascencio,Prospecting,Engaging,2017-05-24,3
ST-006201,X58FLJ8K,James Ascencio,Engaging,Won,2017-09-18,117
ST-006202,IDBXD4OU,Kary Hendrixson,Prospecting,Engaging,2017-05-24,15
ST-006203,IDBXD4OU,Kary Hendrixson,Engaging,Lost,2017-08-22,90
ST-006204,TDNJDFU6,Kary Hendrixson,Prospecting,Engaging,2017-05-24,11
ST-006205,TDNJDFU6,Kary Hendrixson,Engaging,Lost,2017-08-13,81
ST-006206,KIMUGBN5,Lajuana Vencill,Prospecting,Engaging,2017-05-24,29
ST-006207,KIMUGBN5,Lajuana Vencill,Engaging,Lost,2017-08-14,82
ST-006208,4G0X8VHP,Markita Hansen,Prospecting,Engaging,2017-05-24,3
ST-006209,6BIZ2MB6,Maureen Marcano,Prospecting,Engaging,2017-05-24,26
ST-006210,7U81B9AQ,Maureen Marcano,Prospecting,Engaging,2017-05-24,9
ST-006211,7U81B9AQ,Maureen Marcano,Engaging,Won,2017-09-27,126
ST-006212,WGSS08LF,Niesha Huffines,Prospecting,Engaging,2017-05-24,21
ST-006213,WGSS08LF,Niesha Huffines,Engaging,Lost,2017-08-26,94
ST-006214,WC8KQJV9,Rosalina Dieter,Prospecting,Engaging,2017-05-24,5
ST-006215,WC8KQJV9,Rosalina Dieter,Engaging,Won,2017-08-06,74
ST-006216,FENOSL5C,Vicki Laflamme,Prospecting,Engaging,2017-05-24,4
ST-006217,FENOSL5C,Vicki Laflamme,Engaging,Won,2017-08-17,85
ST-006218,PQ3CLZ2N,Violet Mclelland,Prospecting,Engaging,2017-05-24,16
ST-006219,PQ3CLZ2N,Violet Mclelland,Engaging,Won,2017-09-10,109
ST-006220,N4ZJ2PJT,Wilburn Farren,Prospecting,Engaging,2017-05-24,14
ST-006221,N4ZJ2PJT,Wilburn Farren,Engaging,Won,2017-08-19,87
ST-006222,32A5TJ6D,Anna Snelling,Prospecting,Engaging,2017-05-25,25
ST-006223,32A5TJ6D,Anna Snelling,Engaging,Lost,2017-08-13,80
ST-006224,HZCF65PU,Boris Faz,Prospecting,Engaging,2017-05-25,5
ST-006225,HZCF65PU,Boris Faz,Engaging,Won,2017-08-04,71
ST-006226,TCTLOMKP,Cassey Cress,Prospecting,Engaging,2017-05-25,20
ST-006227,TCTLOMKP,Cassey Cress,Engaging,Won,2017-06-27,33
ST-006228,O0NCMYX9,Cecily Lampkin,Prospecting,Engaging,2017-05-25,4
ST-006229,O0NCMYX9,Cecily Lampkin,Engaging,Won,2017-06-05,11
ST-006230,0STR2QEA,Corliss Cosme,Prospecting,Engaging,2017-05-25,5
ST-006231,HELQUZNO,Corliss Cosme,Prospecting,Engaging,2017-05-25,18
ST-006232,HELQUZNO,Corliss Cosme,Engaging,Won,2017-09-25,123
ST-006233,V7DHDF8V,Darcel Schlecht,Prospecting,Engaging,2017-05-25,4
ST-006234,V7DHDF8V,Darcel Schlecht,Engaging,Lost,2017-08-07,74
ST-006235,A3OROHUS,Darcel Schlecht,Prospecting,Engaging,2017-05-25,12
ST-006236,A3OROHUS,Darcel Schlecht,Engaging,Won,2017-08-14,81
ST-006237,CXYWGOPF,Donn Cantrell,Prospecting,Engaging,2017-05-25,16
ST-006238,CXYWGOPF,Donn Cantrell,Engaging,Lost,2017-08-21,88
ST-006239,DLQTM07N,Gladys Colclough,Prospecting,Engaging,2017-05-25,8
ST-006240,DLQTM07N,Gladys Colclough,Engaging,Won,2017-08-22,89
ST-006241,Y2EC6KYG,Hayden Neloms,Prospecting,Engaging,2017-05-25,27
ST-006242,SUXDAQNV,Jonathan Berthelot,Prospecting,Engaging,2017-05-25,7
ST-006243,SUXDAQNV,Jonathan Berthelot,Engaging,Lost,2017-08-28,95
ST-006244,ZT2NKCV5,Jonathan Berthelot,Prospecting,Engaging,2017-05-25,27
ST-006245,ZT2NKCV5,Jonathan Berthelot,Engaging,Won,2017-05-31,6
ST-006246,I4YPNNTU,Jonathan Berthelot,Prospecting,Engaging,2017-05-25,23
ST-006247,I4YPNNTU,Jonathan Berthelot,Engaging,Won,2017-08-09,76
ST-006248,2PI827MA,Kary Hendrixson,Prospecting,Engaging,2017-05-25,26
ST-006249,KOYW9WIV,Lajuana Vencill,Prospecting,Engaging,2017-05-25,23
ST-006250,KOYW9WIV,Lajuana Vencill,Engaging,Won,2017-09-23,121
ST-006251,JRAAPD3L,Lajuana Vencill,Prospecting,Engaging,2017-05-25,16
ST-006252,JRAAPD3L,Lajuana Vencill,Engaging,Won,2017-09-16,114
ST-006253,21JDZDNJ,Markita Hansen,Prospecting,Engaging,2017-05-25,14
ST-006254,21JDZDNJ,Markita Hansen,Engaging,Won,2017-08-14,81
ST-006255,EP0H3SJO,Marty Freudenburg,Prospecting,Engaging,2017-05-25,15
ST-006256,EP0H3SJO,Marty Freudenburg,Engaging,Won,2017-08-04,71
ST-006257,GIP11NY3,Marty Freudenburg,Prospecting,Engaging,2017-05-25,17
ST-006258,GIP11NY3,Marty Freudenburg,Engaging,Won,2017-08-19,86
ST-006259,7X1D49TU,Moses Frase,Prospecting,Engaging,2017-05-25,30
ST-006260,7X1D49TU,Moses Frase,Engaging,Lost,2017-09-11,109
ST-006261,PDXFONE0,Reed Clapper,Prospecting,Engaging,2017-05-25,15
ST-006262,PDXFONE0,Reed Clapper,Engaging,Won,2017-06-07,13
ST-006263,77WSI0TH,Rosalina Dieter,Prospecting,Engaging,2017-05-25,15
ST-006264,77WSI0TH,Rosalina Dieter,Engaging,Lost,2017-08-28,95
ST-006265,DJDVV89L,Versie Hillebrand,Prospecting,Engaging,2017-05-25,5
ST-006266,DJDVV89L,Versie Hillebrand,Engaging,Won,2017-06-11,17
ST-006267,ZK4S74FD,Vicki Laflamme,Prospecting,Engaging,2017-05-25,24
ST-006268,E5V4WT18,Vicki Laflamme,Prospecting,Engaging,2017-05-25,24
ST-006269,CYSF0YQN,Anna Snelling,Prospecting,Engaging,2017-05-26,30
ST-006270,CYSF0YQN,Anna Snelling,Engaging,Lost,2017-08-15,81
ST-006271,HEK08UMI,Anna Snelling,Prospecting,Engaging,2017-05-26,20
ST-006272,HEK08UMI,Anna Snelling,Engaging,Lost,2017-08-19,85
ST-006273,7AXR8U55,Boris Faz,Prospecting,Engaging,2017-05-26,7
ST-006274,GRRY4DQR,Boris Faz,Prospecting,Engaging,2017-05-26,23
ST-006275,GRRY4DQR,Boris Faz,Engaging,Won,2017-09-15,112
ST-006276,S3JAC8GQ,Boris Faz,Prospecting,Engaging,2017-05-26,30
ST-006277,S3JAC8GQ,Boris Faz,Engaging,Won,2017-08-10,76
ST-006278,E3JP7HCX,Cassey Cress,Prospecting,Engaging,2017-05-26,14
ST-006279,E3JP7HCX,Cassey Cress,Engaging,Won,2017-09-18,115
ST-006280,FF5G00YD,Corliss Cosme,Prospecting,Engaging,2017-05-26,6
ST-006281,FF5G00YD,Corliss Cosme,Engaging,Won,2017-09-18,115
ST-006282,5975TDTI,Corliss Cosme,Prospecting,Engaging,2017-05-26,8
ST-006283,5975TDTI,Corliss Cosme,Engaging,Won,2017-06-09,14
ST-006284,7X0T2QOL,Hayden Neloms,Prospecting,Engaging,2017-05-26,20
ST-006285,7KKFQ7LX,Hayden Neloms,Prospecting,Engaging,2017-05-26,15
ST-006286,IBZI95HI,James Ascencio,Prospecting,Engaging,2017-05-26,19
ST-006287,3ATYY665,Kami Bicknell,Prospecting,Engaging,2017-05-26,7
ST-006288,GZU4ZSFE,Kami Bicknell,Prospecting,Engaging,2017-05-26,26
ST-006289,GZU4ZSFE,Kami Bicknell,Engaging,Won,2017-09-23,120
ST-006290,E4KL4NGF,Kary Hendrixson,Prospecting,Engaging,2017-05-26,10
ST-006291,E4KL4NGF,Kary Hendrixson,Engaging,Won,2017-08-07,73
ST-006292,QCH2R1VO,Kary Hendrixson,Prospecting,Engaging,2017-05-26,29
ST-006293,QCH2R1VO,Kary Hendrixson,Engaging,Won,2017-08-12,78
ST-006294,SH6F6COK,Lajuana Vencill,Prospecting,Engaging,2017-05-26,3
ST-006295,SH6F6COK,Lajuana Vencill,Engaging,Lost,2017-08-12,78
ST-006296,KOJ4SQ1T,Maureen Marcano,Prospecting,Engaging,2017-05-26,27
ST-006297,KOJ4SQ1T,Maureen Marcano,Engaging,Lost,2017-08-22,88
ST-006298,DMUQAWQH,Maureen Marcano,Prospecting,Engaging,2017-05-26,3
ST-006299,DMUQAWQH,Maureen Marcano,Engaging,Won,2017-06-12,17
ST-006300,C2RL3DUQ,Moses Frase,Prospecting,Engaging,2017-05-26,12
ST-006301,C2RL3DUQ,Moses Frase,Engaging,Lost,2017-08-09,75
ST-006302,2LTS2CL8,Niesha Huffines,Prospecting,Engaging,2017-05-26,17
ST-006303,2LTS2CL8,Niesha Huffines,Engaging,Lost,2017-05-31,5
ST-006304,113O9JCA,Versie Hillebrand,Prospecting,Engaging,2017-05-26,24
ST-006305,113O9JCA,Versie Hillebrand,Engaging,Lost,2017-09-09,106
ST-006306,54XWHO19,Vicki Laflamme,Prospecting,Engaging,2017-05-26,26
ST-006307,54XWHO19,Vicki Laflamme,Engaging,Lost,2017-08-03,69
ST-006308,09RN3MHV,Vicki Laflamme,Prospecting,Engaging,2017-05-26,20
ST-006309,09RN3MHV,Vicki Laflamme,Engaging,Won,2017-09-21,118
ST-006310,EPSIB2JR,Violet Mclelland,Prospecting,Engaging,2017-05-26,16
ST-006311,YW14K7PE,Wilburn Farren,Prospecting,Engaging,2017-05-26,20
ST-006312,YW14K7PE,Wilburn Farren,Engaging,Won,2017-09-23,120
ST-006313,G1L2YY5P,Zane Levy,Prospecting,Engaging,2017-05-26,15
ST-006314,9UYUV724,Zane Levy,Prospecting,Engaging,2017-05-26,29
ST-006315,9UYUV724,Zane Levy,Engaging,Lost,2017-09-06,103
ST-006316,UZI6MKVR,Anna Snelling,Prospecting,Engaging,2017-05-27,10
ST-006317,UZI6MKVR,Anna Snelling,Engaging,Lost,2017-08-24,89
ST-006318,N1H9ILZ9,Anna Snelling,Prospecting,Engaging,2017-05-27,10
ST-006319,N1H9ILZ9,Anna Snelling,Engaging,Won,2017-09-03,99
ST-006320,V8RYC18P,Anna Snelling,Prospecting,Engaging,2017-05-27,17
ST-006321,V8RYC18P,Anna Snelling,Engaging,Won,2017-08-21,86
ST-006322,5OQELHMF,Cassey Cress,Prospecting,Engaging,2017-05-27,14
ST-006323,5OQELHMF,Cassey Cress,Engaging,Lost,2017-08-14,79
ST-006324,NCF4DT7H,Cecily Lampkin,Prospecting,Engaging,2017-05-27,7
ST-006325,NCF4DT7H,Cecily Lampkin,Engaging,Lost,2017-06-05,9
ST-006326,DC2JL47C,Daniell Hammack,Prospecting,Engaging,2017-05-27,11
ST-006327,GMN9KQN2,Daniell Hammack,Prospecting,Engaging,2017-05-27,9
ST-006328,L9WWFYQW,Darcel Schlecht,Prospecting,Engaging,2017-05-27,26
ST-006329,L9WWFYQW,Darcel Schlecht,Engaging,Lost,2017-08-18,83
ST-006330,AR2T4LAR,Darcel Schlecht,Prospecting,Engaging,2017-05-27,27
ST-006331,AR2T4LAR,Darcel Schlecht,Engaging,Won,2017-08-22,87
ST-006332,GPC8PLM7,Donn Cantrell,Prospecting,Engaging,2017-05-27,6
ST-006333,GPC8PLM7,Donn Cantrell,Engaging,Won,2017-09-02,98
ST-006334,YA822MOB,James Ascencio,Prospecting,Engaging,2017-05-27,4
ST-006335,YA822MOB,James Ascencio,Engaging,Lost,2017-08-22,87
ST-006336,JBCQ1ODR,James Ascencio,Prospecting,Engaging,2017-05-27,28
ST-006337,JBCQ1ODR,James Ascencio,Engaging,Won,2017-08-28,93
ST-006338,M26BSX5S,Jonathan Berthelot,Prospecting,Engaging,2017-05-27,24
ST-006339,M26BSX5S,Jonathan Berthelot,Engaging,Lost,2017-08-06,71
ST-006340,PLYYX5CD,Jonathan Berthelot,Prospecting,Engaging,2017-05-27,16
ST-006341,PLYYX5CD,Jonathan Berthelot,Engaging,Won,2017-08-17,82
ST-006342,JP2EY6QU,Jonathan Berthelot,Prospecting,Engaging,2017-05-27,22
ST-006343,JP2EY6QU,Jonathan Berthelot,Engaging,Won,2017-09-02,98
ST-006344,48INT6OA,Jonathan Berthelot,Prospecting,Engaging,2017-05-27,27
ST-006345,48INT6OA,Jonathan Berthelot,Engaging,Won,2017-08-05,70
ST-006346,EVDMSM4N,Kami Bicknell,Prospecting,Engaging,2017-05-27,3
ST-006347,EVDMSM4N,Kami Bicknell,Engaging,Lost,2017-08-14,79
ST-006348,9FH4OP4U,Kary Hendrixson,Prospecting,Engaging,2017-05-27,10
ST-006349,9FH4OP4U,Kary Hendrixson,Engaging,Won,2017-08-04,69
ST-006350,N128I4H8,Kary Hendrixson,Prospecting,Engaging,2017-05-27,9
ST-006351,N128I4H8,Kary Hendrixson,Engaging,Won,2017-06-07,11
ST-006352,8NKLCSES,Marty Freudenburg,Prospecting,Engaging,2017-05-27,5
ST-006353,8NKLCSES,Marty Freudenburg,Engaging,Won,2017-06-18,22
ST-006354,1ZMWMU21,Marty Freudenburg,Prospecting,Engaging,2017-05-27,6
ST-006355,1ZMWMU21,Marty Freudenburg,Engaging,Won,2017-08-23,88
ST-006356,R617R51D,Niesha Huffines,Prospecting,Engaging,2017-05-27,22
ST-006357,R617R51D,Niesha Huffines,Engaging,Won,2017-09-03,99
ST-006358,W8E2YLNY,Reed Clapper,Prospecting,Engaging,2017-05-27,4
ST-006359,W8E2YLNY,Reed Clapper,Engaging,Won,2017-09-04,100
ST-006360,TX9VFL4J,Reed Clapper,Prospecting,Engaging,2017-05-27,17
ST-006361,TX9VFL4J,Reed Clapper,Engaging,Won,2017-08-23,88
ST-006362,5ELX1QYM,Vicki Laflamme,Prospecting,Engaging,2017-05-27,22
ST-006363,5ELX1QYM,Vicki Laflamme,Engaging,Lost,2017-05-30,3
ST-006364,RTQVKK41,Vicki Laflamme,Prospecting,Engaging,2017-05-27,24
ST-006365,RTQVKK41,Vicki Laflamme,Engaging,Lost,2017-08-17,82
ST-006366,9DEDEQ5O,Vicki Laflamme,Prospecting,Engaging,2017-05-27,25
ST-006367,9DEDEQ5O,Vicki Laflamme,Engaging,Won,2017-09-14,110
ST-006368,Z8JLMCOM,Vicki Laflamme,Prospecting,Engaging,2017-05-27,30
ST-006369,Z8JLMCOM,Vicki Laflamme,Engaging,Won,2017-06-02,6
ST-006370,1O58TWRZ,Anna Snelling,Prospecting,Engaging,2017-05-28,4
ST-006371,1O58TWRZ,Anna Snelling,Engaging,Lost,2017-08-20,84
ST-006372,RHOZIG9P,Anna Snelling,Prospecting,Engaging,2017-05-28,10
ST-006373,RHOZIG9P,Anna Snelling,Engaging,Lost,2017-06-13,16
ST-006374,VXTVHC1Z,Boris Faz,Prospecting,Engaging,2017-05-28,26
ST-006375,52Q1PYGW,Boris Faz,Prospecting,Engaging,2017-05-28,4
ST-006376,52Q1PYGW,Boris Faz,Engaging,Won,2017-06-08,11
ST-006377,56ZJUSNG,Daniell Hammack,Prospecting,Engaging,2017-05-28,15
ST-006378,56ZJUSNG,Daniell Hammack,Engaging,Won,2017-06-07,10
ST-006379,Y92RU9V8,Daniell Hammack,Prospecting,Engaging,2017-05-28,17
ST-006380,Y92RU9V8,Daniell Hammack,Engaging,Won,2017-06-15,18
ST-006381,SXV6VZVC,Darcel Schlecht,Prospecting,Engaging,2017-05-28,10
ST-006382,SXV6VZVC,Darcel Schlecht,Engaging,Won,2017-08-25,89
ST-006383,BGY307FC,Donn Cantrell,Prospecting,Engaging,2017-05-28,20
ST-006384,BGY307FC,Donn Cantrell,Engaging,Won,2017-08-11,75
ST-006385,BAN0BVHW,Donn Cantrell,Prospecting,Engaging,2017-05-28,9
ST-006386,BAN0BVHW,Donn Cantrell,Engaging,Won,2017-08-05,69
ST-006387,GV9G96Z1,Garret Kinder,Prospecting,Engaging,2017-05-28,27
ST-006388,GV9G96Z1,Garret Kinder,Engaging,Lost,2017-08-30,94
ST-006389,Z75R686C,Hayden Neloms,Prospecting,Engaging,2017-05-28,30
ST-006390,Z75R686C,Hayden Neloms,Engaging,Won,2017-08-28,92
ST-006391,BO1ZOZG2,Kary Hendrixson,Prospecting,Engaging,2017-05-28,27
ST-006392,OERROEPM,Markita Hansen,Prospecting,Engaging,2017-05-28,4
ST-006393,12GLKKV4,Markita Hansen,Prospecting,Engaging,2017-05-28,7
ST-006394,12GLKKV4,Markita Hansen,Engaging,Won,2017-06-08,11
ST-006395,VDD7H92Q,Maureen Marcano,Prospecting,Engaging,2017-05-28,19
ST-006396,VDD7H92Q,Maureen Marcano,Engaging,Won,2017-06-05,8
ST-006397,83JP1K4E,Rosalina Dieter,Prospecting,Engaging,2017-05-28,12
ST-006398,83JP1K4E,Rosalina Dieter,Engaging,Won,2017-08-28,92
ST-006399,ME3H0RUJ,Rosalina Dieter,Prospecting,Engaging,2017-05-28,10
ST-006400,ME3H0RUJ,Rosalina Dieter,Engaging,Won,2017-09-21,116
ST-006401,W8E76HJG,Vicki Laflamme,Prospecting,Engaging,2017-05-28,29
ST-006402,W8E76HJG,Vicki Laflamme,Engaging,Won,2017-06-08,11
ST-006403,MWSPTOQK,Zane Levy,Prospecting,Engaging,2017-05-28,26
ST-006404,IMB2N710,Zane Levy,Prospecting,Engaging,2017-05-28,21
ST-006405,IMB2N710,Zane Levy,Engaging,Won,2017-08-04,68
ST-006406,OJBBZHM4,Anna Snelling,Prospecting,Engaging,2017-05-29,13
ST-006407,OJBBZHM4,Anna Snelling,Engaging,Won,2017-06-11,13
ST-006408,2PQORQGO,Boris Faz,Prospecting,Engaging,2017-05-29,21
ST-006409,2PQORQGO,Boris Faz,Engaging,Won,2017-09-13,107
ST-006410,I3RW4OMF,Cecily Lampkin,Prospecting,Engaging,2017-05-29,22
ST-006411,I3RW4OMF,Cecily Lampkin,Engaging,Won,2017-08-29,92
ST-006412,RY6T3GLC,Corliss Cosme,Prospecting,Engaging,2017-05-29,27
ST-006413,LG8ZAMCB,Corliss Cosme,Prospecting,Engaging,2017-05-29,24
ST-006414,LG8ZAMCB,Corliss Cosme,Engaging,Won,2017-06-11,13
ST-006415,XJ8UTM6B,Corliss Cosme,Prospecting,Engaging,2017-05-29,29
ST-006416,XJ8UTM6B,Corliss Cosme,Engaging,Won,2017-06-11,13
ST-006417,CVGTFBZE,Darcel Schlecht,Prospecting,Engaging,2017-05-29,13
ST-006418,CVGTFBZE,Darcel Schlecht,Engaging,Won,2017-08-02,65
ST-006419,RW02HG5P,Donn Cantrell,Prospecting,Engaging,2017-05-29,10
ST-006420,RW02HG5P,Donn Cantrell,Engaging,Won,2017-06-11,13
ST-006421,7W8CQJ2Z,Elease Gluck,Prospecting,Engaging,2017-05-29,12
ST-006422,7W8CQJ2Z,Elease Gluck,Engaging,Won,2017-06-11,13
ST-006423,M03IHS3P,Gladys Colclough,Prospecting,Engaging,2017-05-29,7
ST-006424,M03IHS3P,Gladys Colclough,Engaging,Won,2017-08-06,69
ST-006425,GX3SHSEA,Gladys Colclough,Prospecting,Engaging,2017-05-29,24
ST-006426,GX3SHSEA,Gladys Colclough,Engaging,Won,2017-08-08,71
ST-006427,8G3HB5S6,James Ascencio,Prospecting,Engaging,2017-05-29,19
ST-006428,9KTHISLX,James Ascencio,Prospecting,Engaging,2017-05-29,10
ST-006429,9KTHISLX,James Ascencio,Engaging,Lost,2017-08-18,81
ST-006430,Q808L4HZ,James Ascencio,Prospecting,Engaging,2017-05-29,16
ST-006431,Q808L4HZ,James Ascencio,Engaging,Won,2017-08-07,70
ST-006432,IWQP4M72,Jonathan Berthelot,Prospecting,Engaging,2017-05-29,12
ST-006433,IWQP4M72,Jonathan Berthelot,Engaging,Lost,2017-08-29,92
ST-006434,MPME6VZD,Kami Bicknell,Prospecting,Engaging,2017-05-29,11
ST-006435,EUYJDW9C,Kary Hendrixson,Prospecting,Engaging,2017-05-29,4
ST-006436,3GOXMQPF,Kary Hendrixson,Prospecting,Engaging,2017-05-29,20
ST-006437,3GOXMQPF,Kary Hendrixson,Engaging,Won,2017-08-17,80
ST-006438,1WZ5N86Q,Kary Hendrixson,Prospecting,Engaging,2017-05-29,21
ST-006439,1WZ5N86Q,Kary Hendrixson,Engaging,Won,2017-08-17,80
ST-006440,C3QK8M7F,Markita Hansen,Prospecting,Engaging,2017-05-29,26
ST-006441,C3QK8M7F,Markita Hansen,Engaging,Won,2017-06-15,17
ST-006442,9BXXDYH9,Markita Hansen,Prospecting,Engaging,2017-05-29,8
ST-006443,9BXXDYH9,Markita Hansen,Engaging,Won,2017-08-18,81
ST-006444,YRTI0EKE,Rosalina Dieter,Prospecting,Engaging,2017-05-29,23
ST-006445,4X3H9YD5,Rosalina Dieter,Prospecting,Engaging,2017-05-29,24
ST-006446,4X3H9YD5,Rosalina Dieter,Engaging,Won,2017-08-29,92
ST-006447,K83L4L0I,Rosie Papadopoulos,Prospecting,Engaging,2017-05-29,16
ST-006448,K83L4L0I,Rosie Papadopoulos,Engaging,Won,2017-06-17,19
ST-006449,E9C7WXQL,Versie Hillebrand,Prospecting,Engaging,2017-05-29,20
ST-006450,E9C7WXQL,Versie Hillebrand,Engaging,Won,2017-09-19,113
ST-006451,UMXZFLO8,Zane Levy,Prospecting,Engaging,2017-05-29,18
ST-006452,AAVJHH3M,Zane Levy,Prospecting,Engaging,2017-05-29,4
ST-006453,AAVJHH3M,Zane Levy,Engaging,Won,2017-06-06,8
ST-006454,NEVHU7GV,Boris Faz,Prospecting,Engaging,2017-05-30,14
ST-006455,NEVHU7GV,Boris Faz,Engaging,Lost,2017-08-07,69
ST-006456,POLWB0UX,Corliss Cosme,Prospecting,Engaging,2017-05-30,23
ST-006457,POLWB0UX,Corliss Cosme,Engaging,Won,2017-06-06,7
ST-006458,ZSHK2ZXD,Darcel Schlecht,Prospecting,Engaging,2017-05-30,24
ST-006459,ZSHK2ZXD,Darcel Schlecht,Engaging,Won,2017-06-21,22
ST-006460,PF7GFMLQ,Donn Cantrell,Prospecting,Engaging,2017-05-30,15
ST-006461,PF7GFMLQ,Donn Cantrell,Engaging,Won,2017-08-10,72
ST-006462,LKMZWCKQ,Gladys Colclough,Prospecting,Engaging,2017-05-30,28
ST-006463,LKMZWCKQ,Gladys Colclough,Engaging,Lost,2017-09-06,99
ST-006464,3D6ZHLF0,Kami Bicknell,Prospecting,Engaging,2017-05-30,19
ST-006465,3D6ZHLF0,Kami Bicknell,Engaging,Lost,2017-08-05,67
ST-006466,3R8PJCCW,Kary Hendrixson,Prospecting,Engaging,2017-05-30,13
ST-006467,3R8PJCCW,Kary Hendrixson,Engaging,Won,2017-09-03,96
ST-006468,CPWTJ2WC,Marty Freudenburg,Prospecting,Engaging,2017-05-30,25
ST-006469,CPWTJ2WC,Marty Freudenburg,Engaging,Won,2017-06-03,4
ST-006470,QZLWUJEJ,Reed Clapper,Prospecting,Engaging,2017-05-30,16
ST-006471,QZLWUJEJ,Reed Clapper,Engaging,Lost,2017-05-31,1
ST-006472,NDVZAHYA,Vicki Laflamme,Prospecting,Engaging,2017-05-30,16
ST-006473,NDVZAHYA,Vicki Laflamme,Engaging,Won,2017-08-15,77
ST-006474,1R8VKE8O,Vicki Laflamme,Prospecting,Engaging,2017-05-30,7
ST-006475,1R8VKE8O,Vicki Laflamme,Engaging,Won,2017-08-15,77
ST-006476,QNVW1NSS,Wilburn Farren,Prospecting,Engaging,2017-05-30,12
ST-006477,LNX7ULEG,Zane Levy,Prospecting,Engaging,2017-05-30,15
ST-006478,LNX7ULEG,Zane Levy,Engaging,Won,2017-08-22,84
ST-006479,42N0IWF8,Zane Levy,Prospecting,Engaging,2017-05-30,8
ST-006480,42N0IWF8,Zane Levy,Engaging,Won,2017-06-05,6
ST-006481,N60TC14O,Cecily Lampkin,Prospecting,Engaging,2017-05-31,27
ST-006482,N60TC14O,Cecily Lampkin,Engaging,Lost,2017-08-05,66
ST-006483,V6YYDG56,Daniell Hammack,Prospecting,Engaging,2017-05-31,20
ST-006484,V6YYDG56,Daniell Hammack,Engaging,Lost,2017-06-16,16
ST-006485,S1AU0IZX,Darcel Schlecht,Prospecting,Engaging,2017-05-31,18
ST-006486,S1AU0IZX,Darcel Schlecht,Engaging,Won,2017-06-04,4
ST-006487,GFXKHCEM,Elease Gluck,Prospecting,Engaging,2017-05-31,10
ST-006488,GFXKHCEM,Elease Gluck,Engaging,Lost,2017-09-05,97
ST-006489,YH2NHVXC,Elease Gluck,Prospecting,Engaging,2017-05-31,30
ST-006490,YH2NHVXC,Elease Gluck,Engaging,Lost,2017-08-26,87
ST-006491,JSNPH01N,Elease Gluck,Prospecting,Engaging,2017-05-31,10
ST-006492,JSNPH01N,Elease Gluck,Engaging,Won,2017-06-10,10
ST-006493,CQDULMXS,Garret Kinder,Prospecting,Engaging,2017-05-31,12
ST-006494,CQDULMXS,Garret Kinder,Engaging,Won,2017-08-05,66
ST-006495,VKM187MX,Gladys Colclough,Prospecting,Engaging,2017-05-31,30
ST-006496,VKM187MX,Gladys Colclough,Engaging,Won,2017-06-09,9
ST-006497,GIPPUV2F,Hayden Neloms,Prospecting,Engaging,2017-05-31,25
ST-006498,4IUJNFPF,James Ascencio,Prospecting,Engaging,2017-05-31,7
ST-006499,4IUJNFPF,James Ascencio,Engaging,Lost,2017-08-18,79
ST-006500,ZE7PM90V,James Ascencio,Prospecting,Engaging,2017-05-31,28
ST-006501,ZE7PM90V,James Ascencio,Engaging,Won,2017-08-23,84
ST-006502,CAAYFKK8,James Ascencio,Prospecting,Engaging,2017-05-31,17
ST-006503,CAAYFKK8,James Ascencio,Engaging,Won,2017-06-04,4
ST-006504,HTBPSC2D,Kami Bicknell,Prospecting,Engaging,2017-05-31,4
ST-006505,NQZNAEYQ,Kami Bicknell,Prospecting,Engaging,2017-05-31,20
ST-006506,NQZNAEYQ,Kami Bicknell,Engaging,Won,2017-09-03,95
ST-006507,J47DPNB5,Kary Hendrixson,Prospecting,Engaging,2017-05-31,16
ST-006508,J47DPNB5,Kary Hendrixson,Engaging,Lost,2017-08-03,64
ST-006509,37B8ES7X,Kary Hendrixson,Prospecting,Engaging,2017-05-31,16
ST-006510,37B8ES7X,Kary Hendrixson,Engaging,Won,2017-06-21,21
ST-006511,KYABDCKE,Kary Hendrixson,Prospecting,Engaging,2017-05-31,20
ST-006512,KYABDCKE,Kary Hendrixson,Engaging,Won,2017-09-02,94
ST-006513,3CP9VXC1,Kary Hendrixson,Prospecting,Engaging,2017-05-31,19
ST-006514,3CP9VXC1,Kary Hendrixson,Engaging,Won,2017-08-15,76
ST-006515,9XGT3451,Lajuana Vencill,Prospecting,Engaging,2017-05-31,7
ST-006516,9XGT3451,Lajuana Vencill,Engaging,Won,2017-08-02,63
ST-006517,AG0H8IAZ,Markita Hansen,Prospecting,Engaging,2017-05-31,15
ST-006518,AG0H8IAZ,Markita Hansen,Engaging,Won,2017-09-23,115
ST-006519,28FTXKAB,Markita Hansen,Prospecting,Engaging,2017-05-31,10
ST-006520,28FTXKAB,Markita Hansen,Engaging,Won,2017-09-23,115
ST-006521,SIBR2J01,Maureen Marcano,Prospecting,Engaging,2017-05-31,11
ST-006522,ROUOR5L0,Maureen Marcano,Prospecting,Engaging,2017-05-31,9
ST-006523,ROUOR5L0,Maureen Marcano,Engaging,Won,2017-08-02,63
ST-006524,QPMZ5RG0,Moses Frase,Prospecting,Engaging,2017-05-31,13
ST-006525,QPMZ5RG0,Moses Frase,Engaging,Won,2017-08-27,88
ST-006526,2PMIYAFN,Reed Clapper,Prospecting,Engaging,2017-05-31,23
ST-006527,2PMIYAFN,Reed Clapper,Engaging,Won,2017-06-15,15
ST-006528,CRWE8FRT,Reed Clapper,Prospecting,Engaging,2017-05-31,5
ST-006529,CRWE8FRT,Reed Clapper,Engaging,Won,2017-09-22,114
ST-006530,FC1LS6PY,Versie Hillebrand,Prospecting,Engaging,2017-05-31,17
ST-006531,FC1LS6PY,Versie Hillebrand,Engaging,Lost,2017-06-08,8
ST-006532,6FI9HAX7,Versie Hillebrand,Prospecting,Engaging,2017-05-31,30
ST-006533,6FI9HAX7,Versie Hillebrand,Engaging,Won,2017-06-13,13
ST-006534,JL86Q0B4,Wilburn Farren,Prospecting,Engaging,2017-05-31,14
ST-006535,JL86Q0B4,Wilburn Farren,Engaging,Won,2017-06-14,14
ST-006536,Y2A8EUBM,Zane Levy,Prospecting,Engaging,2017-05-31,5
ST-006537,Y2A8EUBM,Zane Levy,Engaging,Lost,2017-08-20,81
ST-006538,C2MKJA8V,Zane Levy,Prospecting,Engaging,2017-05-31,20
ST-006539,C2MKJA8V,Zane Levy,Engaging,Won,2017-06-05,5
ST-006540,IJ4Y77D9,Zane Levy,Prospecting,Engaging,2017-05-31,26
ST-006541,IJ4Y77D9,Zane Levy,Engaging,Won,2017-08-12,73
ST-006542,CGCPVYNI,Anna Snelling,Prospecting,Engaging,2017-06-01,29
ST-006543,CGCPVYNI,Anna Snelling,Engaging,Won,2017-06-08,7
ST-006544,ST8ZOXKI,Anna Snelling,Prospecting,Engaging,2017-06-01,9
ST-006545,ST8ZOXKI,Anna Snelling,Engaging,Won,2017-06-11,10
ST-006546,P07OGZ3F,Anna Snelling,Prospecting,Engaging,2017-06-01,4
ST-006547,P07OGZ3F,Anna Snelling,Engaging,Won,2017-08-28,88
ST-006548,0DLEXLEV,Boris Faz,Prospecting,Engaging,2017-06-01,11
ST-006549,0DLEXLEV,Boris Faz,Engaging,Won,2017-09-07,98
ST-006550,27UN3UX8,Cassey Cress,Prospecting,Engaging,2017-06-01,15
ST-006551,27UN3UX8,Cassey Cress,Engaging,Won,2017-06-09,8
ST-006552,NR5D7201,Corliss Cosme,Prospecting,Engaging,2017-06-01,24
ST-006553,NR5D7201,Corliss Cosme,Engaging,Won,2017-09-03,94
ST-006554,UGTXH980,Daniell Hammack,Prospecting,Engaging,2017-06-01,22
ST-006555,LKBS2IJC,Darcel Schlecht,Prospecting,Engaging,2017-06-01,22
ST-006556,LKBS2IJC,Darcel Schlecht,Engaging,Lost,2017-06-11,10
ST-006557,MFO940S8,Darcel Schlecht,Prospecting,Engaging,2017-06-01,4
ST-006558,MFO940S8,Darcel Schlecht,Engaging,Lost,2017-08-24,84
ST-006559,5O0597PP,Darcel Schlecht,Prospecting,Engaging,2017-06-01,30
ST-006560,5O0597PP,Darcel Schlecht,Engaging,Lost,2017-08-07,67
ST-006561,C4FEG98K,Darcel Schlecht,Prospecting,Engaging,2017-06-01,5
ST-006562,C4FEG98K,Darcel Schlecht,Engaging,Won,2017-06-14,13
ST-006563,EKH5O1HH,Darcel Schlecht,Prospecting,Engaging,2017-06-01,9
ST-006564,EKH5O1HH,Darcel Schlecht,Engaging,Won,2017-06-09,8
ST-006565,BZ9C1LQT,Elease Gluck,Prospecting,Engaging,2017-06-01,28
ST-006566,BZ9C1LQT,Elease Gluck,Engaging,Lost,2017-08-09,69
ST-006567,ZT6D57ED,Gladys Colclough,Prospecting,Engaging,2017-06-01,27
ST-006568,ZT6D57ED,Gladys Colclough,Engaging,Won,2017-09-02,93
ST-006569,NKERMTB8,Hayden Neloms,Prospecting,Engaging,2017-06-01,21
ST-006570,NKERMTB8,Hayden Neloms,Engaging,Lost,2017-08-03,63
ST-006571,Q67320CY,Hayden Neloms,Prospecting,Engaging,2017-06-01,26
ST-006572,Q67320CY,Hayden Neloms,Engaging,Won,2017-08-17,77
ST-006573,K5NFTQRI,James Ascencio,Prospecting,Engaging,2017-06-01,24
ST-006574,K5NFTQRI,James Ascencio,Engaging,Won,2017-08-16,76
ST-006575,IJ7B896N,Kary Hendrixson,Prospecting,Engaging,2017-06-01,20
ST-006576,IJ7B896N,Kary Hendrixson,Engaging,Lost,2017-09-12,103
ST-006577,8KBVRQHD,Lajuana Vencill,Prospecting,Engaging,2017-06-01,9
ST-006578,8KBVRQHD,Lajuana Vencill,Engaging,Lost,2017-08-29,89
ST-006579,AGZ87JFX,Moses Frase,Prospecting,Engaging,2017-06-01,18
ST-006580,AGZ87JFX,Moses Frase,Engaging,Lost,2017-08-01,61
ST-006581,OBGCQ1BK,Niesha Huffines,Prospecting,Engaging,2017-06-01,9
ST-006582,OBGCQ1BK,Niesha Huffines,Engaging,Lost,2017-09-21,112
ST-006583,K05LLUU4,Niesha Huffines,Prospecting,Engaging,2017-06-01,30
ST-006584,K05LLUU4,Niesha Huffines,Engaging,Lost,2017-09-25,116
ST-006585,9WISPXZW,Reed Clapper,Prospecting,Engaging,2017-06-01,13
ST-006586,9WISPXZW,Reed Clapper,Engaging,Won,2017-06-12,11
ST-006587,ZTVWSE98,Rosalina Dieter,Prospecting,Engaging,2017-06-01,12
ST-006588,4ZGA57SX,Rosie Papadopoulos,Prospecting,Engaging,2017-06-01,3
ST-006589,4ZGA57SX,Rosie Papadopoulos,Engaging,Won,2017-08-03,63
ST-006590,6ONKN1IM,Vicki Laflamme,Prospecting,Engaging,2017-06-01,9
ST-006591,6ONKN1IM,Vicki Laflamme,Engaging,Lost,2017-08-22,82
ST-006592,JVIIWJDL,Violet Mclelland,Prospecting,Engaging,2017-06-01,9
ST-006593,JVIIWJDL,Violet Mclelland,Engaging,Won,2017-09-02,93
ST-006594,W8M8XI8Y,Zane Levy,Prospecting,Engaging,2017-06-01,26
ST-006595,W8M8XI8Y,Zane Levy,Engaging,Won,2017-08-05,65
ST-006596,MELHF0ZP,Anna Snelling,Prospecting,Engaging,2017-06-02,6
ST-006597,MELHF0ZP,Anna Snelling,Engaging,Won,2017-09-17,107
ST-006598,6SV2WYK4,Boris Faz,Prospecting,Engaging,2017-06-02,26
ST-006599,6SV2WYK4,Boris Faz,Engaging,Won,2017-09-05,95
ST-006600,SPV7OJTH,Cassey Cress,Prospecting,Engaging,2017-06-02,27
ST-006601,6JEAYHOE,Cecily Lampkin,Prospecting,Engaging,2017-06-02,18
ST-006602,6JEAYHOE,Cecily Lampkin,Engaging,Lost,2017-06-18,16
ST-006603,IKQSEYPT,Cecily Lampkin,Prospecting,Engaging,2017-06-02,10
ST-006604,IKQSEYPT,Cecily Lampkin,Engaging,Won,2017-06-12,10
ST-006605,ZN0FWO0L,Corliss Cosme,Prospecting,Engaging,2017-06-02,25
ST-006606,ZN0FWO0L,Corliss Cosme,Engaging,Won,2017-09-19,109
ST-006607,CPL37MZC,Darcel Schlecht,Prospecting,Engaging,2017-06-02,22
ST-006608,CPL37MZC,Darcel Schlecht,Engaging,Won,2017-08-02,61
ST-006609,N7G1TU1X,James Ascencio,Prospecting,Engaging,2017-06-02,25
ST-006610,GM68OLDH,James Ascencio,Prospecting,Engaging,2017-06-02,9
ST-006611,GM68OLDH,James Ascencio,Engaging,Won,2017-09-05,95
ST-006612,W604BPPE,Jonathan Berthelot,Prospecting,Engaging,2017-06-02,15
ST-006613,W604BPPE,Jonathan Berthelot,Engaging,Lost,2017-08-25,84
ST-006614,GIJ14130,Jonathan Berthelot,Prospecting,Engaging,2017-06-02,10
ST-006615,GIJ14130,Jonathan Berthelot,Engaging,Won,2017-09-04,94
ST-006616,CUA83384,Kami Bicknell,Prospecting,Engaging,2017-06-02,20
ST-006617,CUA83384,Kami Bicknell,Engaging,Won,2017-09-05,95
ST-006618,ZGQI86AQ,Kary Hendrixson,Prospecting,Engaging,2017-06-02,13
ST-006619,ZGQI86AQ,Kary Hendrixson,Engaging,Won,2017-09-05,95
ST-006620,L8NLCWFS,Kary Hendrixson,Prospecting,Engaging,2017-06-02,27
ST-006621,L8NLCWFS,Kary Hendrixson,Engaging,Won,2017-08-20,79
ST-006622,UPHLXZ3M,Lajuana Vencill,Prospecting,Engaging,2017-06-02,12
ST-006623,UPHLXZ3M,Lajuana Vencill,Engaging,Lost,2017-08-02,61
ST-006624,JDFQYP5L,Lajuana Vencill,Prospecting,Engaging,2017-06-02,15
ST-006625,JDFQYP5L,Lajuana Vencill,Engaging,Won,2017-08-09,68
ST-006626,06AIY3IS,Marty Freudenburg,Prospecting,Engaging,2017-06-02,17
ST-006627,06AIY3IS,Marty Freudenburg,Engaging,Won,2017-08-21,80
ST-006628,4LQAN2JX,Maureen Marcano,Prospecting,Engaging,2017-06-02,20
ST-006629,4LQAN2JX,Maureen Marcano,Engaging,Won,2017-08-29,88
ST-006630,84QGC91P,Maureen Marcano,Prospecting,Engaging,2017-06-02,23
ST-006631,84QGC91P,Maureen Marcano,Engaging,Won,2017-08-17,76
ST-006632,98MASV7P,Reed Clapper,Prospecting,Engaging,2017-06-02,14
ST-006633,98MASV7P,Reed Clapper,Engaging,Won,2017-08-12,71
ST-006634,QFBBRJL5,Reed Clapper,Prospecting,Engaging,2017-06-02,12
ST-006635,QFBBRJL5,Reed Clapper,Engaging,Won,2017-09-26,116
ST-006636,CUV49MUR,Violet Mclelland,Prospecting,Engaging,2017-06-02,11
ST-006637,XCGW5K0N,Violet Mclelland,Prospecting,Engaging,2017-06-02,14
ST-006638,XCGW5K0N,Violet Mclelland,Engaging,Won,2017-09-12,102
ST-006639,UUF8Z53N,Violet Mclelland,Prospecting,Engaging,2017-06-02,19
ST-006640,UUF8Z53N,Violet Mclelland,Engaging,Won,2017-08-30,89
ST-006641,J6MIKNYJ,Violet Mclelland,Prospecting,Engaging,2017-06-02,18
ST-006642,J6MIKNYJ,Violet Mclelland,Engaging,Won,2017-08-22,81
ST-006643,3W4AWYSK,Cassey Cress,Prospecting,Engaging,2017-06-03,17
ST-006644,3W4AWYSK,Cassey Cress,Engaging,Lost,2017-08-24,82
ST-006645,VBN5T6F8,Cassey Cress,Prospecting,Engaging,2017-06-03,6
ST-006646,VBN5T6F8,Cassey Cress,Engaging,Won,2017-08-31,89
ST-006647,W1J3L0EU,Daniell Hammack,Prospecting,Engaging,2017-06-03,28
ST-006648,W1J3L0EU,Daniell Hammack,Engaging,Won,2017-06-06,3
ST-006649,45CMXP2K,Darcel Schlecht,Prospecting,Engaging,2017-06-03,26
ST-006650,45CMXP2K,Darcel Schlecht,Engaging,Lost,2017-08-03,61
ST-006651,6OJAC85F,Darcel Schlecht,Prospecting,Engaging,2017-06-03,18
ST-006652,6OJAC85F,Darcel Schlecht,Engaging,Lost,2017-08-29,87
ST-006653,K94WM7M4,Donn Cantrell,Prospecting,Engaging,2017-06-03,27
ST-006654,K94WM7M4,Donn Cantrell,Engaging,Lost,2017-08-27,85
ST-006655,31KRB7R2,James Ascencio,Prospecting,Engaging,2017-06-03,29
ST-006656,31KRB7R2,James Ascencio,Engaging,Lost,2017-08-12,70
ST-006657,5PG1KSKD,James Ascencio,Prospecting,Engaging,2017-06-03,13
ST-006658,5PG1KSKD,James Ascencio,Engaging,Lost,2017-08-06,64
ST-006659,LDAXEBR0,Jonathan Berthelot,Prospecting,Engaging,2017-06-03,9
ST-006660,LDAXEBR0,Jonathan Berthelot,Engaging,Won,2017-06-22,19
ST-006661,NGTMVX1C,Jonathan Berthelot,Prospecting,Engaging,2017-06-03,14
ST-006662,NGTMVX1C,Jonathan Berthelot,Engaging,Won,2017-06-21,18
ST-006663,SFBHZLHK,Jonathan Berthelot,Prospecting,Engaging,2017-06-03,13
ST-006664,SFBHZLHK,Jonathan Berthelot,Engaging,Won,2017-09-12,101
ST-006665,7VMOJBPN,Kami Bicknell,Prospecting,Engaging,2017-06-03,16
ST-006666,13PPMGNM,Kami Bicknell,Prospecting,Engaging,2017-06-03,4
ST-006667,13PPMGNM,Kami Bicknell,Engaging,Lost,2017-08-07,65
ST-006668,6GY8Q8F0,Lajuana Vencill,Prospecting,Engaging,2017-06-03,21
ST-006669,6GY8Q8F0,Lajuana Vencill,Engaging,Won,2017-09-23,112
ST-006670,5JIXFMFY,Lajuana Vencill,Prospecting,Engaging,2017-06-03,30
ST-006671,5JIXFMFY,Lajuana Vencill,Engaging,Won,2017-09-14,103
ST-006672,JBY30BSR,Markita Hansen,Prospecting,Engaging,2017-06-03,10
ST-006673,JBY30BSR,Markita Hansen,Engaging,Lost,2017-08-05,63
ST-006674,69XL3JMB,Marty Freudenburg,Prospecting,Engaging,2017-06-03,26
ST-006675,69XL3JMB,Marty Freudenburg,Engaging,Won,2017-08-05,63
ST-006676,YTGQKC7A,Rosalina Dieter,Prospecting,Engaging,2017-06-03,7
ST-006677,DYWMK8OF,Rosalina Dieter,Prospecting,Engaging,2017-06-03,3
ST-006678,DYWMK8OF,Rosalina Dieter,Engaging,Won,2017-09-19,108
ST-006679,GG8XQD8Z,Versie Hillebrand,Prospecting,Engaging,2017-06-03,11
ST-006680,GG8XQD8Z,Versie Hillebrand,Engaging,Lost,2017-08-12,70
ST-006681,URT8A7OQ,Versie Hillebrand,Prospecting,Engaging,2017-06-03,20
ST-006682,URT8A7OQ,Versie Hillebrand,Engaging,Won,2017-08-24,82
ST-006683,LGO0XF4X,Vicki Laflamme,Prospecting,Engaging,2017-06-03,21
ST-006684,LGO0XF4X,Vicki Laflamme,Engaging,Won,2017-09-10,99
ST-006685,Y46OEBEH,Violet Mclelland,Prospecting,Engaging,2017-06-03,21
ST-006686,Y46OEBEH,Violet Mclelland,Engaging,Won,2017-06-09,6
ST-006687,G54JJCMX,Anna Snelling,Prospecting,Engaging,2017-06-04,26
ST-006688,G54JJCMX,Anna Snelling,Engaging,Lost,2017-08-18,75
ST-006689,BPQ0358T,Anna Snelling,Prospecting,Engaging,2017-06-04,16
ST-006690,BPQ0358T,Anna Snelling,Engaging,Lost,2017-09-16,104
ST-006691,EPH7L4K0,Boris Faz,Prospecting,Engaging,2017-06-04,12
ST-006692,EPH7L4K0,Boris Faz,Engaging,Lost,2017-09-05,93
ST-006693,SMU4542Q,Cecily Lampkin,Prospecting,Engaging,2017-06-04,7
ST-006694,SMU4542Q,Cecily Lampkin,Engaging,Lost,2017-08-16,73
ST-006695,E884CL8B,Daniell Hammack,Prospecting,Engaging,2017-06-04,9
ST-006696,E884CL8B,Daniell Hammack,Engaging,Won,2017-06-17,13
ST-006697,4K8N65EM,Donn Cantrell,Prospecting,Engaging,2017-06-04,13
ST-006698,4K8N65EM,Donn Cantrell,Engaging,Lost,2017-08-06,63
ST-006699,KVTBYOVD,Donn Cantrell,Prospecting,Engaging,2017-06-04,10
ST-006700,KVTBYOVD,Donn Cantrell,Engaging,Won,2017-06-14,10
ST-006701,ZA6CBQAL,Donn Cantrell,Prospecting,Engaging,2017-06-04,15
ST-006702,ZA6CBQAL,Donn Cantrell,Engaging,Won,2017-06-20,16
ST-006703,Y6YZXVTF,Donn Cantrell,Prospecting,Engaging,2017-06-04,21
ST-006704,Y6YZXVTF,Donn Cantrell,Engaging,Won,2017-09-04,92
ST-006705,SHETLR3T,Gladys Colclough,Prospecting,Engaging,2017-06-04,29
ST-006706,SHETLR3T,Gladys Colclough,Engaging,Won,2017-08-30,87
ST-006707,EL03YRD0,Hayden Neloms,Prospecting,Engaging,2017-06-04,10
ST-006708,EL03YRD0,Hayden Neloms,Engaging,Lost,2017-09-29,117
ST-006709,3KZUBSRU,Hayden Neloms,Prospecting,Engaging,2017-06-04,18
ST-006710,3KZUBSRU,Hayden Neloms,Engaging,Won,2017-09-09,97
ST-006711,F8QQEW1W,Kami Bicknell,Prospecting,Engaging,2017-06-04,20
ST-006712,FA6JQ4V2,Kami Bicknell,Prospecting,Engaging,2017-06-04,23
ST-006713,FA6JQ4V2,Kami Bicknell,Engaging,Won,2017-09-16,104
ST-006714,4LXUITP3,Kary Hendrixson,Prospecting,Engaging,2017-06-04,24
ST-006715,GXC8JN36,Kary Hendrixson,Prospecting,Engaging,2017-06-04,13
ST-006716,XTE9XJTS,Kary Hendrixson,Prospecting,Engaging,2017-06-04,11
ST-006717,N7WUBQR0,Kary Hendrixson,Prospecting,Engaging,2017-06-04,27
ST-006718,N7WUBQR0,Kary Hendrixson,Engaging,Lost,2017-09-17,105
ST-006719,9KJ89VHI,Kary Hendrixson,Prospecting,Engaging,2017-06-04,29
ST-006720,9KJ89VHI,Kary Hendrixson,Engaging,Won,2017-09-01,89
ST-006721,N3CN7GCZ,Kary Hendrixson,Prospecting,Engaging,2017-06-04,18
ST-006722,N3CN7GCZ,Kary Hendrixson,Engaging,Won,2017-08-27,84
ST-006723,KAHKF9H1,Markita Hansen,Prospecting,Engaging,2017-06-04,26
ST-006724,KAHKF9H1,Markita Hansen,Engaging,Won,2017-06-08,4
ST-006725,P4UJ64QM,Maureen Marcano,Prospecting,Engaging,2017-06-04,23
ST-006726,P4UJ64QM,Maureen Marcano,Engaging,Lost,2017-08-14,71
ST-006727,IHF5GR01,Reed Clapper,Prospecting,Engaging,2017-06-04,26
ST-006728,IHF5GR01,Reed Clapper,Engaging,Won,2017-06-14,10
ST-006729,81DUFIPO,Rosalina Dieter,Prospecting,Engaging,2017-06-04,18
ST-006730,81DUFIPO,Rosalina Dieter,Engaging,Won,2017-09-10,98
ST-006731,58K44TMD,Rosie Papadopoulos,Prospecting,Engaging,2017-06-04,17
ST-006732,58K44TMD,Rosie Papadopoulos,Engaging,Lost,2017-06-20,16
ST-006733,EEBOSTAA,Versie Hillebrand,Prospecting,Engaging,2017-06-04,8
ST-006734,EEBOSTAA,Versie Hillebrand,Engaging,Won,2017-06-13,9
ST-006735,9DDHZUZB,Vicki Laflamme,Prospecting,Engaging,2017-06-04,26
ST-006736,9DDHZUZB,Vicki Laflamme,Engaging,Won,2017-06-08,4
ST-006737,IWLEND3K,Cassey Cress,Prospecting,Engaging,2017-06-05,28
ST-006738,IWLEND3K,Cassey Cress,Engaging,Won,2017-09-26,113
ST-006739,VICY80KW,Cassey Cress,Prospecting,Engaging,2017-06-05,14
ST-006740,VICY80KW,Cassey Cress,Engaging,Won,2017-08-27,83
ST-006741,H35AXY3M,Corliss Cosme,Prospecting,Engaging,2017-06-05,8
ST-006742,H35AXY3M,Corliss Cosme,Engaging,Won,2017-06-10,5
ST-006743,1UHFKBP6,Darcel Schlecht,Prospecting,Engaging,2017-06-05,7
ST-006744,1UHFKBP6,Darcel Schlecht,Engaging,Lost,2017-08-06,62
ST-006745,VF7DWQIH,Darcel Schlecht,Prospecting,Engaging,2017-06-05,26
ST-006746,VF7DWQIH,Darcel Schlecht,Engaging,Won,2017-08-25,81
ST-006747,C7NW3JB2,Darcel Schlecht,Prospecting,Engaging,2017-06-05,20
ST-006748,C7NW3JB2,Darcel Schlecht,Engaging,Won,2017-08-23,79
ST-006749,SUABQAC0,Darcel Schlecht,Prospecting,Engaging,2017-06-05,18
ST-006750,SUABQAC0,Darcel Schlecht,Engaging,Won,2017-06-18,13
ST-006751,6JWA8DFJ,Darcel Schlecht,Prospecting,Engaging,2017-06-05,8
ST-006752,6JWA8DFJ,Darcel Schlecht,Engaging,Won,2017-09-06,93
ST-006753,OEBJXZN6,Darcel Schlecht,Prospecting,Engaging,2017-06-05,20
ST-006754,OEBJXZN6,Darcel Schlecht,Engaging,Won,2017-08-13,69
ST-006755,QMUBRAT2,Gladys Colclough,Prospecting,Engaging,2017-06-05,23
ST-006756,QMUBRAT2,Gladys Colclough,Engaging,Lost,2017-08-28,84
ST-006757,W5P1OLUL,Jonathan Berthelot,Prospecting,Engaging,2017-06-05,4
ST-006758,W5P1OLUL,Jonathan Berthelot,Engaging,Won,2017-08-03,59
ST-006759,JP4H1WG4,Kami Bicknell,Prospecting,Engaging,2017-06-05,19
ST-006760,JP4H1WG4,Kami Bicknell,Engaging,Lost,2017-09-03,90
ST-006761,580XZTEO,Kami Bicknell,Prospecting,Engaging,2017-06-05,4
ST-006762,580XZTEO,Kami Bicknell,Engaging,Lost,2017-06-11,6
ST-006763,PIFPDJMN,Kary Hendrixson,Prospecting,Engaging,2017-06-05,29
ST-006764,MASS6JEE,Kary Hendrixson,Prospecting,Engaging,2017-06-05,30
ST-006765,MASS6JEE,Kary Hendrixson,Engaging,Won,2017-09-05,92
ST-006766,XNC9UMYH,Markita Hansen,Prospecting,Engaging,2017-06-05,5
ST-006767,XNC9UMYH,Markita Hansen,Engaging,Won,2017-08-30,86
ST-006768,AUEAKRQV,Marty Freudenburg,Prospecting,Engaging,2017-06-05,29
ST-006769,AUEAKRQV,Marty Freudenburg,Engaging,Won,2017-09-19,106
ST-006770,08Q8A6M9,Marty Freudenburg,Prospecting,Engaging,2017-06-05,24
ST-006771,08Q8A6M9,Marty Freudenburg,Engaging,Won,2017-06-22,17
ST-006772,6F8IL0XV,Maureen Marcano,Prospecting,Engaging,2017-06-05,4
ST-006773,6F8IL0XV,Maureen Marcano,Engaging,Lost,2017-08-27,83
ST-006774,NTHLG5DT,Maureen Marcano,Prospecting,Engaging,2017-06-05,27
ST-006775,NTHLG5DT,Maureen Marcano,Engaging,Won,2017-09-08,95
ST-006776,Y5OZ7VOF,Maureen Marcano,Prospecting,Engaging,2017-06-05,3
ST-006777,Y5OZ7VOF,Maureen Marcano,Engaging,Won,2017-06-21,16
ST-006778,9HLQVY37,Moses Frase,Prospecting,Engaging,2017-06-05,16
ST-006779,9HLQVY37,Moses Frase,Engaging,Lost,2017-06-11,6
ST-006780,8C3LOLPY,Moses Frase,Prospecting,Engaging,2017-06-05,7
ST-006781,8C3LOLPY,Moses Frase,Engaging,Lost,2017-08-14,70
ST-006782,QMJHLT1V,Moses Frase,Prospecting,Engaging,2017-06-05,29
ST-006783,QMJHLT1V,Moses Frase,Engaging,Won,2017-09-20,107
ST-006784,Q5JU0LZJ,Niesha Huffines,Prospecting,Engaging,2017-06-05,23
ST-006785,Q5JU0LZJ,Niesha Huffines,Engaging,Won,2017-09-26,113
ST-006786,IRODLEGG,Niesha Huffines,Prospecting,Engaging,2017-06-05,10
ST-006787,IRODLEGG,Niesha Huffines,Engaging,Won,2017-09-14,101
ST-006788,HTA6XLY3,Reed Clapper,Prospecting,Engaging,2017-06-05,5
ST-006789,HTA6XLY3,Reed Clapper,Engaging,Won,2017-09-24,111
ST-006790,XW7J3TI2,Vicki Laflamme,Prospecting,Engaging,2017-06-05,25
ST-006791,XW7J3TI2,Vicki Laflamme,Engaging,Lost,2017-08-14,70
ST-006792,1BV5JLZV,Vicki Laflamme,Prospecting,Engaging,2017-06-05,7
ST-006793,1BV5JLZV,Vicki Laflamme,Engaging,Won,2017-09-01,88
ST-006794,84D18IA1,Violet Mclelland,Prospecting,Engaging,2017-06-05,3
ST-006795,84D18IA1,Violet Mclelland,Engaging,Lost,2017-08-01,57
ST-006796,7J0ZLDB1,Zane Levy,Prospecting,Engaging,2017-06-05,9
ST-006797,41IM8V9E,Zane Levy,Prospecting,Engaging,2017-06-05,19
ST-006798,41IM8V9E,Zane Levy,Engaging,Lost,2017-09-27,114
ST-006799,NXFAXN16,Anna Snelling,Prospecting,Engaging,2017-06-06,17
ST-006800,NXFAXN16,Anna Snelling,Engaging,Won,2017-09-27,113
ST-006801,FXXEZ5U2,Cassey Cress,Prospecting,Engaging,2017-06-06,14
ST-006802,FXXEZ5U2,Cassey Cress,Engaging,Won,2017-08-09,64
ST-006803,3F81XLI7,Corliss Cosme,Prospecting,Engaging,2017-06-06,4
ST-006804,3F81XLI7,Corliss Cosme,Engaging,Won,2017-08-11,66
ST-006805,ID4LC9V5,Daniell Hammack,Prospecting,Engaging,2017-06-06,22
ST-006806,ID4LC9V5,Daniell Hammack,Engaging,Won,2017-08-15,70
ST-006807,IPQFYK0E,Daniell Hammack,Prospecting,Engaging,2017-06-06,23
ST-006808,IPQFYK0E,Daniell Hammack,Engaging,Won,2017-06-17,11
ST-006809,UU0F81HS,Daniell Hammack,Prospecting,Engaging,2017-06-06,24
ST-006810,UU0F81HS,Daniell Hammack,Engaging,Won,2017-08-20,75
ST-006811,7SBDZJF4,Donn Cantrell,Prospecting,Engaging,2017-06-06,22
ST-006812,7SBDZJF4,Donn Cantrell,Engaging,Won,2017-08-23,78
ST-006813,7UI7YX03,Elease Gluck,Prospecting,Engaging,2017-06-06,18
ST-006814,7UI7YX03,Elease Gluck,Engaging,Won,2017-08-06,61
ST-006815,BNYWSG6W,Gladys Colclough,Prospecting,Engaging,2017-06-06,24
ST-006816,BNYWSG6W,Gladys Colclough,Engaging,Won,2017-09-13,99
ST-006817,RC1YCAEP,James Ascencio,Prospecting,Engaging,2017-06-06,18
ST-006818,RC1YCAEP,James Ascencio,Engaging,Won,2017-08-16,71
ST-006819,H6TY7RBJ,Jonathan Berthelot,Prospecting,Engaging,2017-06-06,3
ST-006820,H6TY7RBJ,Jonathan Berthelot,Engaging,Lost,2017-08-28,83
ST-006821,MU6NOSH1,Jonathan Berthelot,Prospecting,Engaging,2017-06-06,3
ST-006822,MU6NOSH1,Jonathan Berthelot,Engaging,Won,2017-06-17,11
ST-006823,OFIORN0G,Jonathan Berthelot,Prospecting,Engaging,2017-06-06,20
ST-006824,OFIORN0G,Jonathan Berthelot,Engaging,Won,2017-06-11,5
ST-006825,PMHOZRJN,Kami Bicknell,Prospecting,Engaging,2017-06-06,20
ST-006826,PMHOZRJN,Kami Bicknell,Engaging,Won,2017-09-17,103
ST-006827,7Z3Q8UYS,Kary Hendrixson,Prospecting,Engaging,2017-06-06,16
ST-006828,7Z3Q8UYS,Kary Hendrixson,Engaging,Lost,2017-08-01,56
ST-006829,YT9PLSVL,Lajuana Vencill,Prospecting,Engaging,2017-06-06,3
ST-006830,YT9PLSVL,Lajuana Vencill,Engaging,Won,2017-09-15,101
ST-006831,BQINW2LB,Markita Hansen,Prospecting,Engaging,2017-06-06,3
ST-006832,BQINW2LB,Markita Hansen,Engaging,Lost,2017-09-09,95
ST-006833,BLFMYCVF,Markita Hansen,Prospecting,Engaging,2017-06-06,19
ST-006834,BLFMYCVF,Markita Hansen,Engaging,Won,2017-08-19,74
ST-006835,379SDV6Y,Niesha Huffines,Prospecting,Engaging,2017-06-06,26
ST-006836,379SDV6Y,Niesha Huffines,Engaging,Won,2017-08-05,60
ST-006837,FE2AE2YO,Reed Clapper,Prospecting,Engaging,2017-06-06,11
ST-006838,FE2AE2YO,Reed Clapper,Engaging,Lost,2017-06-11,5
ST-006839,XQY4Z4KI,Rosie Papadopoulos,Prospecting,Engaging,2017-06-06,20
ST-006840,2756CEOQ,Vicki Laflamme,Prospecting,Engaging,2017-06-06,12
ST-006841,2756CEOQ,Vicki Laflamme,Engaging,Won,2017-09-16,102
ST-006842,9GYIYGHW,Violet Mclelland,Prospecting,Engaging,2017-06-06,3
ST-006843,Z4CFFZAW,Violet Mclelland,Prospecting,Engaging,2017-06-06,19
ST-006844,Z4CFFZAW,Violet Mclelland,Engaging,Won,2017-09-10,96
ST-006845,I967JINR,Wilburn Farren,Prospecting,Engaging,2017-06-06,29
ST-006846,I967JINR,Wilburn Farren,Engaging,Won,2017-09-05,91
ST-006847,IE18U4NO,Wilburn Farren,Prospecting,Engaging,2017-06-06,25
ST-006848,IE18U4NO,Wilburn Farren,Engaging,Won,2017-08-26,81
ST-006849,JNIMHE7Y,Anna Snelling,Prospecting,Engaging,2017-06-07,24
ST-006850,JNIMHE7Y,Anna Snelling,Engaging,Won,2017-08-20,74
ST-006851,KUKJQX9Y,Cassey Cress,Prospecting,Engaging,2017-06-07,16
ST-006852,KUKJQX9Y,Cassey Cress,Engaging,Lost,2017-09-08,93
ST-006853,QCIG6H19,Darcel Schlecht,Prospecting,Engaging,2017-06-07,28
ST-006854,QCIG6H19,Darcel Schlecht,Engaging,Won,2017-08-31,85
ST-006855,DW29KM30,Elease Gluck,Prospecting,Engaging,2017-06-07,8
ST-006856,R7IIOFBH,Garret Kinder,Prospecting,Engaging,2017-06-07,6
ST-006857,R7IIOFBH,Garret Kinder,Engaging,Won,2017-08-05,59
ST-006858,Q7ST5E1W,Gladys Colclough,Prospecting,Engaging,2017-06-07,6
ST-006859,Q7ST5E1W,Gladys Colclough,Engaging,Lost,2017-08-20,74
ST-006860,6MTURF7Q,Hayden Neloms,Prospecting,Engaging,2017-06-07,19
ST-006861,6MTURF7Q,Hayden Neloms,Engaging,Won,2017-06-21,14
ST-006862,MWT1ZV0Y,Jonathan Berthelot,Prospecting,Engaging,2017-06-07,7
ST-006863,MWT1ZV0Y,Jonathan Berthelot,Engaging,Won,2017-06-18,11
ST-006864,RKVXBXBM,Markita Hansen,Prospecting,Engaging,2017-06-07,10
ST-006865,B7Q6Q7S2,Markita Hansen,Prospecting,Engaging,2017-06-07,9
ST-006866,B7Q6Q7S2,Markita Hansen,Engaging,Won,2017-08-16,70
ST-006867,3DYZN86H,Markita Hansen,Prospecting,Engaging,2017-06-07,22
ST-006868,3DYZN86H,Markita Hansen,Engaging,Won,2017-09-17,102
ST-006869,QYKTG5QA,Marty Freudenburg,Prospecting,Engaging,2017-06-07,19
ST-006870,QYKTG5QA,Marty Freudenburg,Engaging,Lost,2017-09-04,89
ST-006871,67CKCI5G,Reed Clapper,Prospecting,Engaging,2017-06-07,11
ST-006872,67CKCI5G,Reed Clapper,Engaging,Lost,2017-08-05,59
ST-006873,2O1IK8VR,Versie Hillebrand,Prospecting,Engaging,2017-06-07,29
ST-006874,2O1IK8VR,Versie Hillebrand,Engaging,Won,2017-06-17,10
ST-006875,C6TQMD3C,Vicki Laflamme,Prospecting,Engaging,2017-06-07,14
ST-006876,IQMW1VDP,Violet Mclelland,Prospecting,Engaging,2017-06-07,11
ST-006877,R9AVNYCO,Zane Levy,Prospecting,Engaging,2017-06-07,28
ST-006878,G1AKE0NR,Zane Levy,Prospecting,Engaging,2017-06-07,15
ST-006879,N8NQK8K7,Zane Levy,Prospecting,Engaging,2017-06-07,5
ST-006880,N8NQK8K7,Zane Levy,Engaging,Lost,2017-08-22,76
ST-006881,V93EX6XU,Zane Levy,Prospecting,Engaging,2017-06-07,14
ST-006882,V93EX6XU,Zane Levy,Engaging,Won,2017-08-17,71
ST-006883,5QNUZYIL,Boris Faz,Prospecting,Engaging,2017-06-08,15
ST-006884,5QNUZYIL,Boris Faz,Engaging,Won,2017-06-24,16
ST-006885,WX63AIMZ,Cecily Lampkin,Prospecting,Engaging,2017-06-08,17
ST-006886,WX63AIMZ,Cecily Lampkin,Engaging,Won,2017-06-18,10
ST-006887,09P7O0LQ,Cecily Lampkin,Prospecting,Engaging,2017-06-08,21
ST-006888,09P7O0LQ,Cecily Lampkin,Engaging,Won,2017-09-13,97
ST-006889,GYS3APR7,Corliss Cosme,Prospecting,Engaging,2017-06-08,10
ST-006890,GYS3APR7,Corliss Cosme,Engaging,Won,2017-08-05,58
ST-006891,9VF00HWL,Corliss Cosme,Prospecting,Engaging,2017-06-08,25
ST-006892,9VF00HWL,Corliss Cosme,Engaging,Won,2017-08-12,65
ST-006893,UTJGDR3K,Darcel Schlecht,Prospecting,Engaging,2017-06-08,10
ST-006894,UTJGDR3K,Darcel Schlecht,Engaging,Lost,2017-08-25,78
ST-006895,MD0SRXG4,Darcel Schlecht,Prospecting,Engaging,2017-06-08,12
ST-006896,MD0SRXG4,Darcel Schlecht,Engaging,Won,2017-06-21,13
ST-006897,E0ITYYTG,Donn Cantrell,Prospecting,Engaging,2017-06-08,24
ST-006898,E0ITYYTG,Donn Cantrell,Engaging,Lost,2017-08-27,80
ST-006899,PGK5K24U,Donn Cantrell,Prospecting,Engaging,2017-06-08,29
ST-006900,PGK5K24U,Donn Cantrell,Engaging,Won,2017-08-28,81
ST-006901,AY3KTIXX,James Ascencio,Prospecting,Engaging,2017-06-08,30
ST-006902,X46ZXX2S,Jonathan Berthelot,Prospecting,Engaging,2017-06-08,5
ST-006903,X46ZXX2S,Jonathan Berthelot,Engaging,Lost,2017-08-11,64
ST-006904,4QP55BTO,Jonathan Berthelot,Prospecting,Engaging,2017-06-08,23
ST-006905,4QP55BTO,Jonathan Berthelot,Engaging,Won,2017-06-16,8
ST-006906,G6X1B2K5,Jonathan Berthelot,Prospecting,Engaging,2017-06-08,30
ST-006907,G6X1B2K5,Jonathan Berthelot,Engaging,Won,2017-09-13,97
ST-006908,0YCAS0B9,Jonathan Berthelot,Prospecting,Engaging,2017-06-08,23
ST-006909,0YCAS0B9,Jonathan Berthelot,Engaging,Won,2017-08-27,80
ST-006910,6UZVABQR,Kary Hendrixson,Prospecting,Engaging,2017-06-08,27
ST-006911,6UZVABQR,Kary Hendrixson,Engaging,Won,2017-08-17,70
ST-006912,9NTDQ8ZC,Lajuana Vencill,Prospecting,Engaging,2017-06-08,4
ST-006913,9NTDQ8ZC,Lajuana Vencill,Engaging,Won,2017-08-17,70
ST-006914,FCCI80H2,Markita Hansen,Prospecting,Engaging,2017-06-08,5
ST-006915,FCCI80H2,Markita Hansen,Engaging,Lost,2017-06-22,14
ST-006916,ALQRAPZR,Markita Hansen,Prospecting,Engaging,2017-06-08,15
ST-006917,ALQRAPZR,Markita Hansen,Engaging,Won,2017-06-16,8
ST-006918,7SPRU76Q,Markita Hansen,Prospecting,Engaging,2017-06-08,15
ST-006919,7SPRU76Q,Markita Hansen,Engaging,Won,2017-09-30,114
ST-006920,JEMEGXUG,Marty Freudenburg,Prospecting,Engaging,2017-06-08,15
ST-006921,JEMEGXUG,Marty Freudenburg,Engaging,Won,2017-08-19,72
ST-006922,GVHIFUN1,Marty Freudenburg,Prospecting,Engaging,2017-06-08,20
ST-006923,GVHIFUN1,Marty Freudenburg,Engaging,Won,2017-06-14,6
ST-006924,RBB3C85Q,Marty Freudenburg,Prospecting,Engaging,2017-06-08,18
ST-006925,RBB3C85Q,Marty Freudenburg,Engaging,Won,2017-06-24,16
ST-006926,WFP9J5J7,Maureen Marcano,Prospecting,Engaging,2017-06-08,4
ST-006927,WFP9J5J7,Maureen Marcano,Engaging,Lost,2017-08-26,79
ST-006928,8I4915WD,Maureen Marcano,Prospecting,Engaging,2017-06-08,23
ST-006929,8I4915WD,Maureen Marcano,Engaging,Won,2017-09-02,86
ST-006930,S2J63YRV,Rosie Papadopoulos,Prospecting,Engaging,2017-06-08,3
ST-006931,L831D7DF,Versie Hillebrand,Prospecting,Engaging,2017-06-08,25
ST-006932,L831D7DF,Versie Hillebrand,Engaging,Lost,2017-08-18,71
ST-006933,839DCVT2,Versie Hillebrand,Prospecting,Engaging,2017-06-08,8
ST-006934,839DCVT2,Versie Hillebrand,Engaging,Won,2017-09-13,97
ST-006935,D17T8PTH,Vicki Laflamme,Prospecting,Engaging,2017-06-08,5
ST-006936,EJ0EF8S1,Vicki Laflamme,Prospecting,Engaging,2017-06-08,18
ST-006937,EJ0EF8S1,Vicki Laflamme,Engaging,Won,2017-06-15,7
ST-006938,0ORRC53X,Zane Levy,Prospecting,Engaging,2017-06-08,30
ST-006939,0ORRC53X,Zane Levy,Engaging,Won,2017-09-08,92
ST-006940,3QTN3F5T,Anna Snelling,Prospecting,Engaging,2017-06-09,16
ST-006941,3QTN3F5T,Anna Snelling,Engaging,Won,2017-08-15,67
ST-006942,SY6BWRRO,Boris Faz,Prospecting,Engaging,2017-06-09,23
ST-006943,SY6BWRRO,Boris Faz,Engaging,Lost,2017-08-14,66
ST-006944,JW5SYMNS,Cassey Cress,Prospecting,Engaging,2017-06-09,28
ST-006945,JW5SYMNS,Cassey Cress,Engaging,Won,2017-08-22,74
ST-006946,FHM7LYZ3,Corliss Cosme,Prospecting,Engaging,2017-06-09,13
ST-006947,REO3FMSB,Corliss Cosme,Prospecting,Engaging,2017-06-09,21
ST-006948,BJJQSJD8,Daniell Hammack,Prospecting,Engaging,2017-06-09,30
ST-006949,VP2CW520,Darcel Schlecht,Prospecting,Engaging,2017-06-09,6
ST-006950,VP2CW520,Darcel Schlecht,Engaging,Lost,2017-08-26,78
ST-006951,2F0RUQ0B,Donn Cantrell,Prospecting,Engaging,2017-06-09,19
ST-006952,2F0RUQ0B,Donn Cantrell,Engaging,Won,2017-08-02,54
ST-006953,XUP62FUM,James Ascencio,Prospecting,Engaging,2017-06-09,4
ST-006954,XUP62FUM,James Ascencio,Engaging,Won,2017-08-16,68
ST-006955,T56J7ES7,Kami Bicknell,Prospecting,Engaging,2017-06-09,10
ST-006956,MUIT1E0M,Kami Bicknell,Prospecting,Engaging,2017-06-09,9
ST-006957,MUIT1E0M,Kami Bicknell,Engaging,Won,2017-06-19,10
ST-006958,D7XNUYJD,Kary Hendrixson,Prospecting,Engaging,2017-06-09,30
ST-006959,D7XNUYJD,Kary Hendrixson,Engaging,Lost,2017-08-19,71
ST-006960,ORG6MXKF,Markita Hansen,Prospecting,Engaging,2017-06-09,25
ST-006961,ORG6MXKF,Markita Hansen,Engaging,Won,2017-06-26,17
ST-006962,VS4UFFLH,Maureen Marcano,Prospecting,Engaging,2017-06-09,21
ST-006963,VS4UFFLH,Maureen Marcano,Engaging,Won,2017-09-05,88
ST-006964,VUYQCXTY,Moses Frase,Prospecting,Engaging,2017-06-09,18
ST-006965,VUYQCXTY,Moses Frase,Engaging,Won,2017-08-04,56
ST-006966,YFJKP42F,Moses Frase,Prospecting,Engaging,2017-06-09,11
ST-006967,YFJKP42F,Moses Frase,Engaging,Won,2017-06-27,18
ST-006968,OES8ZX7B,Niesha Huffines,Prospecting,Engaging,2017-06-09,4
ST-006969,OES8ZX7B,Niesha Huffines,Engaging,Lost,2017-08-04,56
ST-006970,V9FD3EYK,Reed Clapper,Prospecting,Engaging,2017-06-09,5
ST-006971,V9FD3EYK,Reed Clapper,Engaging,Won,2017-09-22,105
ST-006972,3C9CWV6J,Cassey Cress,Prospecting,Engaging,2017-06-10,24
ST-006973,3C9CWV6J,Cassey Cress,Engaging,Won,2017-06-14,4
ST-006974,NDGQ0H91,Cassey Cress,Prospecting,Engaging,2017-06-10,11
ST-006975,NDGQ0H91,Cassey Cress,Engaging,Won,2017-06-28,18
ST-006976,OU9O62Y7,Cecily Lampkin,Prospecting,Engaging,2017-06-10,20
ST-006977,OU9O62Y7,Cecily Lampkin,Engaging,Won,2017-08-04,55
ST-006978,LFQCLMMG,Corliss Cosme,Prospecting,Engaging,2017-06-10,21
ST-006979,LFQCLMMG,Corliss Cosme,Engaging,Lost,2017-08-27,78
ST-006980,3ZG0719M,Darcel Schlecht,Prospecting,Engaging,2017-06-10,24
ST-006981,3ZG0719M,Darcel Schlecht,Engaging,Won,2017-08-26,77
ST-006982,EMIAKHPF,Donn Cantrell,Prospecting,Engaging,2017-06-10,4
ST-006983,EMIAKHPF,Donn Cantrell,Engaging,Won,2017-09-21,103
ST-006984,GG85QBTM,Elease Gluck,Prospecting,Engaging,2017-06-10,8
ST-006985,MKEVYIDI,Jonathan Berthelot,Prospecting,Engaging,2017-06-10,30
ST-006986,MKEVYIDI,Jonathan Berthelot,Engaging,Won,2017-06-17,7
ST-006987,IFNT8NLL,Kami Bicknell,Prospecting,Engaging,2017-06-10,13
ST-006988,IFNT8NLL,Kami Bicknell,Engaging,Lost,2017-08-07,58
ST-006989,EWRVDN3U,Marty Freudenburg,Prospecting,Engaging,2017-06-10,3
ST-006990,EWRVDN3U,Marty Freudenburg,Engaging,Lost,2017-09-19,101
ST-006991,WEGC0W05,Marty Freudenburg,Prospecting,Engaging,2017-06-10,9
ST-006992,WEGC0W05,Marty Freudenburg,Engaging,Won,2017-06-19,9
ST-006993,HZ283240,Niesha Huffines,Prospecting,Engaging,2017-06-10,21
ST-006994,HZ283240,Niesha Huffines,Engaging,Lost,2017-09-07,89
ST-006995,3J1W4LM0,Niesha Huffines,Prospecting,Engaging,2017-06-10,7
ST-006996,3J1W4LM0,Niesha Huffines,Engaging,Won,2017-06-21,11
ST-006997,1RIY3IBH,Niesha Huffines,Prospecting,Engaging,2017-06-10,27
ST-006998,1RIY3IBH,Niesha Huffines,Engaging,Won,2017-06-12,2
ST-006999,6NZH6X7G,Reed Clapper,Prospecting,Engaging,2017-06-10,29
ST-007000,6NZH6X7G,Reed Clapper,Engaging,Lost,2017-06-21,11
ST-007001,DJ2GWNGZ,Reed Clapper,Prospecting,Engaging,2017-06-10,25
ST-007002,DJ2GWNGZ,Reed Clapper,Engaging,Won,2017-09-05,87
ST-007003,LC2RIMSX,Rosalina Dieter,Prospecting,Engaging,2017-06-10,29
ST-007004,S02S3TVE,Vicki Laflamme,Prospecting,Engaging,2017-06-10,15
ST-007005,S02S3TVE,Vicki Laflamme,Engaging,Won,2017-06-21,11
ST-007006,34YT99YN,Vicki Laflamme,Prospecting,Engaging,2017-06-10,5
ST-007007,34YT99YN,Vicki Laflamme,Engaging,Won,2017-08-23,74
ST-007008,N33B6LND,Wilburn Farren,Prospecting,Engaging,2017-06-10,12
ST-007009,N33B6LND,Wilburn Farren,Engaging,Lost,2017-08-22,73
ST-007010,RUAU1ORD,Zane Levy,Prospecting,Engaging,2017-06-10,8
ST-007011,C7NBDKVV,Zane Levy,Prospecting,Engaging,2017-06-10,21
ST-007012,C7NBDKVV,Zane Levy,Engaging,Won,2017-08-06,57
ST-007013,9YVSYSE8,Anna Snelling,Prospecting,Engaging,2017-06-11,10
ST-007014,9YVSYSE8,Anna Snelling,Engaging,Lost,2017-09-16,97
ST-007015,VUF34IPC,Anna Snelling,Prospecting,Engaging,2017-06-11,21
ST-007016,VUF34IPC,Anna Snelling,Engaging,Won,2017-09-13,94
ST-007017,ONUWPAJM,Cassey Cress,Prospecting,Engaging,2017-06-11,29
ST-007018,ONUWPAJM,Cassey Cress,Engaging,Lost,2017-09-11,92
ST-007019,A50JWKFS,Cecily Lampkin,Prospecting,Engaging,2017-06-11,30
ST-007020,A50JWKFS,Cecily Lampkin,Engaging,Won,2017-09-25,106
ST-007021,JP72AC6I,Corliss Cosme,Prospecting,Engaging,2017-06-11,15
ST-007022,JP72AC6I,Corliss Cosme,Engaging,Won,2017-09-16,97
ST-007023,9SZTURAF,Daniell Hammack,Prospecting,Engaging,2017-06-11,24
ST-007024,9SZTURAF,Daniell Hammack,Engaging,Won,2017-08-17,67
ST-007025,LB8UE159,Daniell Hammack,Prospecting,Engaging,2017-06-11,20
ST-007026,LB8UE159,Daniell Hammack,Engaging,Won,2017-06-19,8
ST-007027,QYWZZ16B,Darcel Schlecht,Prospecting,Engaging,2017-06-11,13
ST-007028,QYWZZ16B,Darcel Schlecht,Engaging,Won,2017-06-24,13
ST-007029,IJNOVBGU,Darcel Schlecht,Prospecting,Engaging,2017-06-11,15
ST-007030,IJNOVBGU,Darcel Schlecht,Engaging,Won,2017-09-03,84
ST-007031,KYL4UFG5,Donn Cantrell,Prospecting,Engaging,2017-06-11,27
ST-007032,KYL4UFG5,Donn Cantrell,Engaging,Lost,2017-08-29,79
ST-007033,QFBITAKR,James Ascencio,Prospecting,Engaging,2017-06-11,26
ST-007034,QFBITAKR,James Ascencio,Engaging,Won,2017-08-10,60
ST-007035,VSZ4UVVN,Jonathan Berthelot,Prospecting,Engaging,2017-06-11,7
ST-007036,VSZ4UVVN,Jonathan Berthelot,Engaging,Won,2017-09-20,101
ST-007037,31C5DVJT,Kary Hendrixson,Prospecting,Engaging,2017-06-11,28
ST-007038,31C5DVJT,Kary Hendrixson,Engaging,Won,2017-09-22,103
ST-007039,EG3KHGPL,Lajuana Vencill,Prospecting,Engaging,2017-06-11,25
ST-007040,EG3KHGPL,Lajuana Vencill,Engaging,Won,2017-06-27,16
ST-007041,ZI89S9HC,Markita Hansen,Prospecting,Engaging,2017-06-11,26
ST-007042,LSJ2A8ZX,Markita Hansen,Prospecting,Engaging,2017-06-11,5
ST-007043,LSJ2A8ZX,Markita Hansen,Engaging,Won,2017-09-26,107
ST-007044,9D06AK8T,Markita Hansen,Prospecting,Engaging,2017-06-11,19
ST-007045,9D06AK8T,Markita Hansen,Engaging,Won,2017-08-10,60
ST-007046,PPXIWYMT,Maureen Marcano,Prospecting,Engaging,2017-06-11,26
ST-007047,PPXIWYMT,Maureen Marcano,Engaging,Won,2017-09-12,93
ST-007048,5653N8BM,Rosie Papadopoulos,Prospecting,Engaging,2017-06-11,14
ST-007049,YWKJW726,Versie Hillebrand,Prospecting,Engaging,2017-06-11,4
ST-007050,YWKJW726,Versie Hillebrand,Engaging,Won,2017-08-20,70
ST-007051,ZVT9J7V1,Versie Hillebrand,Prospecting,Engaging,2017-06-11,6
ST-007052,ZVT9J7V1,Versie Hillebrand,Engaging,Won,2017-06-15,4
ST-007053,477HSG28,Vicki Laflamme,Prospecting,Engaging,2017-06-11,16
ST-007054,NOBIC0PD,Cassey Cress,Prospecting,Engaging,2017-06-12,10
ST-007055,NOBIC0PD,Cassey Cress,Engaging,Won,2017-08-17,66
ST-007056,UKECBJV5,Cecily Lampkin,Prospecting,Engaging,2017-06-12,29
ST-007057,UKECBJV5,Cecily Lampkin,Engaging,Won,2017-08-29,78
ST-007058,YT34YUZN,Corliss Cosme,Prospecting,Engaging,2017-06-12,5
ST-007059,UWVT8M2Y,Corliss Cosme,Prospecting,Engaging,2017-06-12,13
ST-007060,UWVT8M2Y,Corliss Cosme,Engaging,Lost,2017-08-18,67
ST-007061,FU00L2Y2,Daniell Hammack,Prospecting,Engaging,2017-06-12,22
ST-007062,FU00L2Y2,Daniell Hammack,Engaging,Won,2017-09-23,103
ST-007063,518D68L9,Donn Cantrell,Prospecting,Engaging,2017-06-12,27
ST-007064,518D68L9,Donn Cantrell,Engaging,Lost,2017-06-26,14
ST-007065,AOZKTGZG,Elease Gluck,Prospecting,Engaging,2017-06-12,22
ST-007066,AOZKTGZG,Elease Gluck,Engaging,Won,2017-08-22,71
ST-007067,TKN1L8EX,Garret Kinder,Prospecting,Engaging,2017-06-12,22
ST-007068,TKN1L8EX,Garret Kinder,Engaging,Won,2017-09-20,100
ST-007069,9GQ6HQLK,Gladys Colclough,Prospecting,Engaging,2017-06-12,15
ST-007070,9GQ6HQLK,Gladys Colclough,Engaging,Won,2017-09-20,100
ST-007071,0RL4RHQJ,Gladys Colclough,Prospecting,Engaging,2017-06-12,27
ST-007072,0RL4RHQJ,Gladys Colclough,Engaging,Won,2017-06-25,13
ST-007073,ZE9WX1Q9,Hayden Neloms,Prospecting,Engaging,2017-06-12,13
ST-007074,ZE9WX1Q9,Hayden Neloms,Engaging,Won,2017-08-21,70
ST-007075,MCA0202R,Kary Hendrixson,Prospecting,Engaging,2017-06-12,3
ST-007076,QY6MB3QJ,Kary Hendrixson,Prospecting,Engaging,2017-06-12,23
ST-007077,QY6MB3QJ,Kary Hendrixson,Engaging,Lost,2017-08-14,63
ST-007078,RUYLZD4O,Kary Hendrixson,Prospecting,Engaging,2017-06-12,11
ST-007079,RUYLZD4O,Kary Hendrixson,Engaging,Won,2017-06-29,17
ST-007080,BOVKZHAZ,Markita Hansen,Prospecting,Engaging,2017-06-12,28
ST-007081,BOVKZHAZ,Markita Hansen,Engaging,Lost,2017-08-29,78
ST-007082,3X5BD9NU,Markita Hansen,Prospecting,Engaging,2017-06-12,17
ST-007083,3X5BD9NU,Markita Hansen,Engaging,Won,2017-06-25,13
ST-007084,YT8YYRTU,Maureen Marcano,Prospecting,Engaging,2017-06-12,18
ST-007085,YT8YYRTU,Maureen Marcano,Engaging,Won,2017-08-29,78
ST-007086,6V7OMXY5,Maureen Marcano,Prospecting,Engaging,2017-06-12,10
ST-007087,6V7OMXY5,Maureen Marcano,Engaging,Won,2017-09-01,81
ST-007088,0TR3RU8A,Niesha Huffines,Prospecting,Engaging,2017-06-12,14
ST-007089,0TR3RU8A,Niesha Huffines,Engaging,Won,2017-09-10,90
ST-007090,3A7G5K0E,Rosalina Dieter,Prospecting,Engaging,2017-06-12,20
ST-007091,WWCMITY9,Rosalina Dieter,Prospecting,Engaging,2017-06-12,15
ST-007092,TNWCER5C,Rosie Papadopoulos,Prospecting,Engaging,2017-06-12,16
ST-007093,GTOKTXRA,Vicki Laflamme,Prospecting,Engaging,2017-06-12,8
ST-007094,GTOKTXRA,Vicki Laflamme,Engaging,Won,2017-09-20,100
ST-007095,SE6OIGYN,Violet Mclelland,Prospecting,Engaging,2017-06-12,24
ST-007096,PBJ01MRE,Violet Mclelland,Prospecting,Engaging,2017-06-12,21
ST-007097,PBJ01MRE,Violet Mclelland,Engaging,Won,2017-09-21,101
ST-007098,L2NXQFPN,Zane Levy,Prospecting,Engaging,2017-06-12,24
ST-007099,L2NXQFPN,Zane Levy,Engaging,Lost,2017-06-20,8
ST-007100,0XWCTQL2,Zane Levy,Prospecting,Engaging,2017-06-12,15
ST-007101,0XWCTQL2,Zane Levy,Engaging,Won,2017-08-18,67
ST-007102,SY72RAK2,Zane Levy,Prospecting,Engaging,2017-06-12,5
ST-007103,SY72RAK2,Zane Levy,Engaging,Won,2017-09-04,84
ST-007104,38YQ4771,Anna Snelling,Prospecting,Engaging,2017-06-13,27
ST-007105,38YQ4771,Anna Snelling,Engaging,Lost,2017-08-20,68
ST-007106,K7FBRQCA,Anna Snelling,Prospecting,Engaging,2017-06-13,22
ST-007107,K7FBRQCA,Anna Snelling,Engaging,Won,2017-09-25,104
ST-007108,F4V2FXK0,Anna Snelling,Prospecting,Engaging,2017-06-13,12
ST-007109,F4V2FXK0,Anna Snelling,Engaging,Won,2017-06-24,11
ST-007110,WTAM4BED,Cassey Cress,Prospecting,Engaging,2017-06-13,28
ST-007111,FZNEISTX,Cassey Cress,Prospecting,Engaging,2017-06-13,10
ST-007112,FZNEISTX,Cassey Cress,Engaging,Lost,2017-08-22,70
ST-007113,S34T8KPW,Cassey Cress,Prospecting,Engaging,2017-06-13,25
ST-007114,S34T8KPW,Cassey Cress,Engaging,Won,2017-08-04,52
ST-007115,5F40OSXS,Cassey Cress,Prospecting,Engaging,2017-06-13,5
ST-007116,5F40OSXS,Cassey Cress,Engaging,Won,2017-06-19,6
ST-007117,AILF7GOP,Cassey Cress,Prospecting,Engaging,2017-06-13,5
ST-007118,AILF7GOP,Cassey Cress,Engaging,Won,2017-09-30,109
ST-007119,LMJINVRQ,Daniell Hammack,Prospecting,Engaging,2017-06-13,11
ST-007120,LMJINVRQ,Daniell Hammack,Engaging,Lost,2017-09-07,86
ST-007121,MHPI0ZW1,Darcel Schlecht,Prospecting,Engaging,2017-06-13,7
ST-007122,MHPI0ZW1,Darcel Schlecht,Engaging,Lost,2017-09-04,83
ST-007123,WJ81WITC,Darcel Schlecht,Prospecting,Engaging,2017-06-13,15
ST-007124,WJ81WITC,Darcel Schlecht,Engaging,Lost,2017-08-16,64
ST-007125,AIAX4W1O,Darcel Schlecht,Prospecting,Engaging,2017-06-13,25
ST-007126,AIAX4W1O,Darcel Schlecht,Engaging,Won,2017-09-10,89
ST-007127,DFSRHCXU,Donn Cantrell,Prospecting,Engaging,2017-06-13,28
ST-007128,DFSRHCXU,Donn Cantrell,Engaging,Won,2017-08-28,76
ST-007129,1VFUCUWA,Garret Kinder,Prospecting,Engaging,2017-06-13,23
ST-007130,1VFUCUWA,Garret Kinder,Engaging,Won,2017-08-27,75
ST-007131,3IIDRUGI,Gladys Colclough,Prospecting,Engaging,2017-06-13,7
ST-007132,3IIDRUGI,Gladys Colclough,Engaging,Lost,2017-09-28,107
ST-007133,3VLKZISJ,James Ascencio,Prospecting,Engaging,2017-06-13,26
ST-007134,3VLKZISJ,James Ascencio,Engaging,Won,2017-06-27,14
ST-007135,2GN2TRVV,Jonathan Berthelot,Prospecting,Engaging,2017-06-13,15
ST-007136,2GN2TRVV,Jonathan Berthelot,Engaging,Lost,2017-08-23,71
ST-007137,7HSRDCCK,Kary Hendrixson,Prospecting,Engaging,2017-06-13,13
ST-007138,WA4TPQ5U,Maureen Marcano,Prospecting,Engaging,2017-06-13,14
ST-007139,9C9GO9XO,Niesha Huffines,Prospecting,Engaging,2017-06-13,6
ST-007140,9C9GO9XO,Niesha Huffines,Engaging,Lost,2017-08-21,69
ST-007141,ULES5Z21,Versie Hillebrand,Prospecting,Engaging,2017-06-13,5
ST-007142,ULES5Z21,Versie Hillebrand,Engaging,Won,2017-06-15,2
ST-007143,IITSDWWL,Vicki Laflamme,Prospecting,Engaging,2017-06-13,3
ST-007144,IITSDWWL,Vicki Laflamme,Engaging,Won,2017-06-26,13
ST-007145,8GYH6R9J,Wilburn Farren,Prospecting,Engaging,2017-06-13,12
ST-007146,8GYH6R9J,Wilburn Farren,Engaging,Lost,2017-06-27,14
ST-007147,C7ODMOS2,Zane Levy,Prospecting,Engaging,2017-06-13,17
ST-007148,8X890G2T,Anna Snelling,Prospecting,Engaging,2017-06-14,14
ST-007149,8X890G2T,Anna Snelling,Engaging,Won,2017-06-23,9
ST-007150,74YVUL52,Cassey Cress,Prospecting,Engaging,2017-06-14,27
ST-007151,74YVUL52,Cassey Cress,Engaging,Lost,2017-09-17,95
ST-007152,JS5N8USN,Corliss Cosme,Prospecting,Engaging,2017-06-14,11
ST-007153,HH4I6PAY,Corliss Cosme,Prospecting,Engaging,2017-06-14,6
ST-007154,HH4I6PAY,Corliss Cosme,Engaging,Won,2017-09-02,80
ST-007155,TAGD6XU9,Darcel Schlecht,Prospecting,Engaging,2017-06-14,7
ST-007156,TAGD6XU9,Darcel Schlecht,Engaging,Won,2017-08-25,72
ST-007157,IIREXAQX,Elease Gluck,Prospecting,Engaging,2017-06-14,5
ST-007158,IIREXAQX,Elease Gluck,Engaging,Won,2017-06-25,11
ST-007159,8GISH3I9,Garret Kinder,Prospecting,Engaging,2017-06-14,8
ST-007160,8GISH3I9,Garret Kinder,Engaging,Lost,2017-06-27,13
ST-007161,6M89XBL0,Hayden Neloms,Prospecting,Engaging,2017-06-14,16
ST-007162,6M89XBL0,Hayden Neloms,Engaging,Won,2017-09-11,89
ST-007163,YT2QLCVS,Hayden Neloms,Prospecting,Engaging,2017-06-14,17
ST-007164,YT2QLCVS,Hayden Neloms,Engaging,Won,2017-06-28,14
ST-007165,3VC45PML,James Ascencio,Prospecting,Engaging,2017-06-14,20
ST-007166,4ICL09BD,Jonathan Berthelot,Prospecting,Engaging,2017-06-14,20
ST-007167,4ICL09BD,Jonathan Berthelot,Engaging,Won,2017-08-23,70
ST-007168,YWWVWOO4,Kami Bicknell,Prospecting,Engaging,2017-06-14,19
ST-007169,YWWVWOO4,Kami Bicknell,Engaging,Lost,2017-06-20,6
ST-007170,8TTFFCIK,Lajuana Vencill,Prospecting,Engaging,2017-06-14,16
ST-007171,8TTFFCIK,Lajuana Vencill,Engaging,Won,2017-06-17,3
ST-007172,5URQT67R,Markita Hansen,Prospecting,Engaging,2017-06-14,6
ST-007173,YX4E972E,Markita Hansen,Prospecting,Engaging,2017-06-14,3
ST-007174,OG13XT4P,Niesha Huffines,Prospecting,Engaging,2017-06-14,5
ST-007175,OG13XT4P,Niesha Huffines,Engaging,Won,2017-09-19,97
ST-007176,ZYRRGSQK,Reed Clapper,Prospecting,Engaging,2017-06-14,14
ST-007177,ZYRRGSQK,Reed Clapper,Engaging,Lost,2017-06-27,13
ST-007178,0LDX9VLO,Versie Hillebrand,Prospecting,Engaging,2017-06-14,20
ST-007179,0LDX9VLO,Versie Hillebrand,Engaging,Lost,2017-08-11,58
ST-007180,XFFFWJQH,Violet Mclelland,Prospecting,Engaging,2017-06-14,5
ST-007181,XFFFWJQH,Violet Mclelland,Engaging,Lost,2017-08-20,67
ST-007182,KRSNQKC6,Boris Faz,Prospecting,Engaging,2017-06-15,22
ST-007183,KRSNQKC6,Boris Faz,Engaging,Won,2017-06-28,13
ST-007184,YY39ZQNV,Cassey Cress,Prospecting,Engaging,2017-06-15,22
ST-007185,YY39ZQNV,Cassey Cress,Engaging,Won,2017-09-01,78
ST-007186,YHVY1LHH,Cecily Lampkin,Prospecting,Engaging,2017-06-15,28
ST-007187,YHVY1LHH,Cecily Lampkin,Engaging,Won,2017-06-25,10
ST-007188,2BG4ZR42,Corliss Cosme,Prospecting,Engaging,2017-06-15,13
ST-007189,2BG4ZR42,Corliss Cosme,Engaging,Lost,2017-09-19,96
ST-007190,QQCIN1M4,Daniell Hammack,Prospecting,Engaging,2017-06-15,30
ST-007191,QQCIN1M4,Daniell Hammack,Engaging,Won,2017-06-26,11
ST-007192,KIMW6PXN,Daniell Hammack,Prospecting,Engaging,2017-06-15,15
ST-007193,KIMW6PXN,Daniell Hammack,Engaging,Won,2017-06-20,5
ST-007194,AKFNIQR0,Darcel Schlecht,Prospecting,Engaging,2017-06-15,3
ST-007195,AKFNIQR0,Darcel Schlecht,Engaging,Won,2017-06-30,15
ST-007196,D5LEL3HF,Darcel Schlecht,Prospecting,Engaging,2017-06-15,12
ST-007197,D5LEL3HF,Darcel Schlecht,Engaging,Won,2017-09-09,86
ST-007198,6X4EEUGA,Elease Gluck,Prospecting,Engaging,2017-06-15,16
ST-007199,6X4EEUGA,Elease Gluck,Engaging,Won,2017-06-30,15
ST-007200,KTSB1KYT,Jonathan Berthelot,Prospecting,Engaging,2017-06-15,15
ST-007201,KTSB1KYT,Jonathan Berthelot,Engaging,Won,2017-09-09,86
ST-007202,RB7IA4JX,Jonathan Berthelot,Prospecting,Engaging,2017-06-15,27
ST-007203,RB7IA4JX,Jonathan Berthelot,Engaging,Won,2017-06-28,13
ST-007204,M4HY664H,Jonathan Berthelot,Prospecting,Engaging,2017-06-15,5
ST-007205,M4HY664H,Jonathan Berthelot,Engaging,Won,2017-09-25,102
ST-007206,D2C191IK,Lajuana Vencill,Prospecting,Engaging,2017-06-15,26
ST-007207,D2C191IK,Lajuana Vencill,Engaging,Lost,2017-06-29,14
ST-007208,I2V3EPW7,Lajuana Vencill,Prospecting,Engaging,2017-06-15,20
ST-007209,I2V3EPW7,Lajuana Vencill,Engaging,Won,2017-08-02,48
ST-007210,RB8LSFVK,Markita Hansen,Prospecting,Engaging,2017-06-15,10
ST-007211,RB8LSFVK,Markita Hansen,Engaging,Won,2017-08-24,70
ST-007212,ZU3GICE9,Maureen Marcano,Prospecting,Engaging,2017-06-15,21
ST-007213,7SYJDW4L,Reed Clapper,Prospecting,Engaging,2017-06-15,19
ST-007214,7SYJDW4L,Reed Clapper,Engaging,Won,2017-08-04,50
ST-007215,OXNWRI4I,Rosalina Dieter,Prospecting,Engaging,2017-06-15,8
ST-007216,O7E0302B,Rosie Papadopoulos,Prospecting,Engaging,2017-06-15,24
ST-007217,O7E0302B,Rosie Papadopoulos,Engaging,Won,2017-09-13,90
ST-007218,U11XXNCF,Rosie Papadopoulos,Prospecting,Engaging,2017-06-15,15
ST-007219,U11XXNCF,Rosie Papadopoulos,Engaging,Won,2017-06-29,14
ST-007220,HKV37WU9,Vicki Laflamme,Prospecting,Engaging,2017-06-15,8
ST-007221,73FYEJQV,Vicki Laflamme,Prospecting,Engaging,2017-06-15,7
ST-007222,73FYEJQV,Vicki Laflamme,Engaging,Won,2017-06-22,7
ST-007223,C4CQ8FZL,Vicki Laflamme,Prospecting,Engaging,2017-06-15,11
ST-007224,C4CQ8FZL,Vicki Laflamme,Engaging,Won,2017-06-28,13
ST-007225,OJ1WKIVY,Wilburn Farren,Prospecting,Engaging,2017-06-15,12
ST-007226,OJ1WKIVY,Wilburn Farren,Engaging,Won,2017-08-29,75
ST-007227,YXXWQA4G,Zane Levy,Prospecting,Engaging,2017-06-15,11
ST-007228,L1YN7LDL,Cassey Cress,Prospecting,Engaging,2017-06-16,18
ST-007229,N9ZXCBTU,Daniell Hammack,Prospecting,Engaging,2017-06-16,7
ST-007230,N9ZXCBTU,Daniell Hammack,Engaging,Won,2017-06-25,9
ST-007231,RLHNJZBW,Darcel Schlecht,Prospecting,Engaging,2017-06-16,5
ST-007232,RLHNJZBW,Darcel Schlecht,Engaging,Won,2017-08-11,56
ST-007233,GKHTT70P,Darcel Schlecht,Prospecting,Engaging,2017-06-16,8
ST-007234,GKHTT70P,Darcel Schlecht,Engaging,Won,2017-09-17,93
ST-007235,GL8PN4LQ,Darcel Schlecht,Prospecting,Engaging,2017-06-16,16
ST-007236,GL8PN4LQ,Darcel Schlecht,Engaging,Won,2017-06-24,8
ST-007237,TTVQT1YD,Donn Cantrell,Prospecting,Engaging,2017-06-16,11
ST-007238,TTVQT1YD,Donn Cantrell,Engaging,Lost,2017-08-31,76
ST-007239,NOHEK8PU,Donn Cantrell,Prospecting,Engaging,2017-06-16,16
ST-007240,NOHEK8PU,Donn Cantrell,Engaging,Won,2017-09-17,93
ST-007241,56AN1DXW,Garret Kinder,Prospecting,Engaging,2017-06-16,12
ST-007242,56AN1DXW,Garret Kinder,Engaging,Lost,2017-08-22,67
ST-007243,WB44DF28,Garret Kinder,Prospecting,Engaging,2017-06-16,18
ST-007244,WB44DF28,Garret Kinder,Engaging,Won,2017-09-18,94
ST-007245,DJ60T39C,Gladys Colclough,Prospecting,Engaging,2017-06-16,28
ST-007246,DJ60T39C,Gladys Colclough,Engaging,Won,2017-09-04,80
ST-007247,52H2CE10,Kami Bicknell,Prospecting,Engaging,2017-06-16,5
ST-007248,52H2CE10,Kami Bicknell,Engaging,Won,2017-06-25,9
ST-007249,PVDGIYSB,Lajuana Vencill,Prospecting,Engaging,2017-06-16,14
ST-007250,PVDGIYSB,Lajuana Vencill,Engaging,Lost,2017-08-29,74
ST-007251,F57Z7KJF,Lajuana Vencill,Prospecting,Engaging,2017-06-16,11
ST-007252,F57Z7KJF,Lajuana Vencill,Engaging,Won,2017-06-24,8
ST-007253,NEFPSWOJ,Markita Hansen,Prospecting,Engaging,2017-06-16,10
ST-007254,ZGSQMEQ9,Niesha Huffines,Prospecting,Engaging,2017-06-16,26
ST-007255,ZGSQMEQ9,Niesha Huffines,Engaging,Won,2017-09-17,93
ST-007256,FM1RH52B,Reed Clapper,Prospecting,Engaging,2017-06-16,23
ST-007257,FM1RH52B,Reed Clapper,Engaging,Lost,2017-08-19,64
ST-007258,PFKDTEYU,Rosie Papadopoulos,Prospecting,Engaging,2017-06-16,18
ST-007259,3C5GNT3Q,Vicki Laflamme,Prospecting,Engaging,2017-06-16,22
ST-007260,0LRVHITK,Violet Mclelland,Prospecting,Engaging,2017-06-16,22
ST-007261,3NM7A8SX,Zane Levy,Prospecting,Engaging,2017-06-16,9
ST-007262,3NM7A8SX,Zane Levy,Engaging,Won,2017-06-27,11
ST-007263,1XWQZ1F8,Cassey Cress,Prospecting,Engaging,2017-06-17,17
ST-007264,1XWQZ1F8,Cassey Cress,Engaging,Won,2017-09-16,91
ST-007265,LXGNXNX1,Corliss Cosme,Prospecting,Engaging,2017-06-17,6
ST-007266,LXGNXNX1,Corliss Cosme,Engaging,Won,2017-09-09,84
ST-007267,YQK2K6U5,Darcel Schlecht,Prospecting,Engaging,2017-06-17,7
ST-007268,YQK2K6U5,Darcel Schlecht,Engaging,Won,2017-08-22,66
ST-007269,FROU0UKW,Darcel Schlecht,Prospecting,Engaging,2017-06-17,12
ST-007270,FROU0UKW,Darcel Schlecht,Engaging,Won,2017-08-25,69
ST-007271,SD8JJSKT,Darcel Schlecht,Prospecting,Engaging,2017-06-17,3
ST-007272,SD8JJSKT,Darcel Schlecht,Engaging,Won,2017-08-30,74
ST-007273,HABN7JBG,Elease Gluck,Prospecting,Engaging,2017-06-17,15
ST-007274,2O76H591,James Ascencio,Prospecting,Engaging,2017-06-17,13
ST-007275,LCWP23CI,James Ascencio,Prospecting,Engaging,2017-06-17,29
ST-007276,LCWP23CI,James Ascencio,Engaging,Won,2017-06-24,7
ST-007277,KSOW4MUK,Kami Bicknell,Prospecting,Engaging,2017-06-17,22
ST-007278,FHYD80FB,Kami Bicknell,Prospecting,Engaging,2017-06-17,15
ST-007279,1ORXGKVH,Kary Hendrixson,Prospecting,Engaging,2017-06-17,28
ST-007280,XQ4FN1KA,Kary Hendrixson,Prospecting,Engaging,2017-06-17,30
ST-007281,XQ4FN1KA,Kary Hendrixson,Engaging,Lost,2017-09-06,81
ST-007282,9BTSKY01,Lajuana Vencill,Prospecting,Engaging,2017-06-17,13
ST-007283,9BTSKY01,Lajuana Vencill,Engaging,Won,2017-09-19,94
ST-007284,EGEJA2HY,Markita Hansen,Prospecting,Engaging,2017-06-17,17
ST-007285,CQZSFN7C,Markita Hansen,Prospecting,Engaging,2017-06-17,13
ST-007286,CQZSFN7C,Markita Hansen,Engaging,Lost,2017-08-15,59
ST-007287,81LMZHD1,Moses Frase,Prospecting,Engaging,2017-06-17,16
ST-007288,81LMZHD1,Moses Frase,Engaging,Won,2017-08-16,60
ST-007289,TIPG6R0Z,Vicki Laflamme,Prospecting,Engaging,2017-06-17,29
ST-007290,1J5Y9X1H,Vicki Laflamme,Prospecting,Engaging,2017-06-17,29
ST-007291,1J5Y9X1H,Vicki Laflamme,Engaging,Won,2017-09-17,92
ST-007292,6LC0XB2D,Anna Snelling,Prospecting,Engaging,2017-06-18,30
ST-007293,6LC0XB2D,Anna Snelling,Engaging,Won,2017-08-29,72
ST-007294,YKC8JUSY,Boris Faz,Prospecting,Engaging,2017-06-18,23
ST-007295,YKC8JUSY,Boris Faz,Engaging,Lost,2017-07-01,13
ST-007296,H3DYTZIQ,Cassey Cress,Prospecting,Engaging,2017-06-18,22
ST-007297,PAQTBHVA,Cassey Cress,Prospecting,Engaging,2017-06-18,7
ST-007298,PAQTBHVA,Cassey Cress,Engaging,Won,2017-09-23,97
ST-007299,HEWKNHTH,Daniell Hammack,Prospecting,Engaging,2017-06-18,12
ST-007300,EFIR7HGR,Daniell Hammack,Prospecting,Engaging,2017-06-18,13
ST-007301,JRWBU9BS,Daniell Hammack,Prospecting,Engaging,2017-06-18,22
ST-007302,JRWBU9BS,Daniell Hammack,Engaging,Won,2017-06-26,8
ST-007303,DXF00KY4,Darcel Schlecht,Prospecting,Engaging,2017-06-18,25
ST-007304,DXF00KY4,Darcel Schlecht,Engaging,Lost,2017-08-15,58
ST-007305,K6ZDH79M,Darcel Schlecht,Prospecting,Engaging,2017-06-18,9
ST-007306,K6ZDH79M,Darcel Schlecht,Engaging,Won,2017-08-16,59
ST-007307,GKL9QV5B,Elease Gluck,Prospecting,Engaging,2017-06-18,18
ST-007308,GKL9QV5B,Elease Gluck,Engaging,Won,2017-06-28,10
ST-007309,1V3IQVOF,Gladys Colclough,Prospecting,Engaging,2017-06-18,13
ST-007310,1V3IQVOF,Gladys Colclough,Engaging,Lost,2017-08-02,45
ST-007311,BH7EXL5M,Gladys Colclough,Prospecting,Engaging,2017-06-18,8
ST-007312,BH7EXL5M,Gladys Colclough,Engaging,Won,2017-06-23,5
ST-007313,H176AX96,James Ascencio,Prospecting,Engaging,2017-06-18,15
ST-007314,K0HLZM4Q,Jonathan Berthelot,Prospecting,Engaging,2017-06-18,13
ST-007315,K0HLZM4Q,Jonathan Berthelot,Engaging,Lost,2017-08-21,64
ST-007316,BTNSR87A,Jonathan Berthelot,Prospecting,Engaging,2017-06-18,12
ST-007317,BTNSR87A,Jonathan Berthelot,Engaging,Won,2017-07-01,13
ST-007318,L58MN75X,Jonathan Berthelot,Prospecting,Engaging,2017-06-18,26
ST-007319,L58MN75X,Jonathan Berthelot,Engaging,Won,2017-09-15,89
ST-007320,SWV0JUQJ,Jonathan Berthelot,Prospecting,Engaging,2017-06-18,25
ST-007321,SWV0JUQJ,Jonathan Berthelot,Engaging,Won,2017-06-22,4
ST-007322,XU836DFA,Kami Bicknell,Prospecting,Engaging,2017-06-18,23
ST-007323,910IXBKP,Kami Bicknell,Prospecting,Engaging,2017-06-18,18
ST-007324,910IXBKP,Kami Bicknell,Engaging,Won,2017-06-22,4
ST-007325,NTNYA5PE,Markita Hansen,Prospecting,Engaging,2017-06-18,21
ST-007326,NTNYA5PE,Markita Hansen,Engaging,Won,2017-09-28,102
ST-007327,AHRCT8IP,Marty Freudenburg,Prospecting,Engaging,2017-06-18,28
ST-007328,AHRCT8IP,Marty Freudenburg,Engaging,Lost,2017-09-03,77
ST-007329,ESH4HX52,Marty Freudenburg,Prospecting,Engaging,2017-06-18,10
ST-007330,ESH4HX52,Marty Freudenburg,Engaging,Won,2017-08-21,64
ST-007331,P8LGQH9G,Niesha Huffines,Prospecting,Engaging,2017-06-18,13
ST-007332,P8LGQH9G,Niesha Huffines,Engaging,Lost,2017-06-21,3
ST-007333,VT1LZKEY,Vicki Laflamme,Prospecting,Engaging,2017-06-18,15
ST-007334,VT1LZKEY,Vicki Laflamme,Engaging,Lost,2017-08-29,72
ST-007335,0WC2J3UP,Anna Snelling,Prospecting,Engaging,2017-06-19,11
ST-007336,0WC2J3UP,Anna Snelling,Engaging,Lost,2017-08-28,70
ST-007337,VWSFZUNS,Anna Snelling,Prospecting,Engaging,2017-06-19,29
ST-007338,VWSFZUNS,Anna Snelling,Engaging,Won,2017-08-24,66
ST-007339,F3UB81V7,Boris Faz,Prospecting,Engaging,2017-06-19,28
ST-007340,F3UB81V7,Boris Faz,Engaging,Won,2017-08-23,65
ST-007341,SEX08VFB,Cassey Cress,Prospecting,Engaging,2017-06-19,15
ST-007342,SEX08VFB,Cassey Cress,Engaging,Lost,2017-06-30,11
ST-007343,961ED0B1,Corliss Cosme,Prospecting,Engaging,2017-06-19,14
ST-007344,FLANUQCV,Corliss Cosme,Prospecting,Engaging,2017-06-19,6
ST-007345,FLANUQCV,Corliss Cosme,Engaging,Won,2017-09-21,94
ST-007346,8MKXIQQK,Daniell Hammack,Prospecting,Engaging,2017-06-19,21
ST-007347,8MKXIQQK,Daniell Hammack,Engaging,Won,2017-06-21,2
ST-007348,NDMY5PPT,Darcel Schlecht,Prospecting,Engaging,2017-06-19,9
ST-007349,NDMY5PPT,Darcel Schlecht,Engaging,Lost,2017-08-27,69
ST-007350,E4H6CBPJ,Darcel Schlecht,Prospecting,Engaging,2017-06-19,21
ST-007351,E4H6CBPJ,Darcel Schlecht,Engaging,Won,2017-09-26,99
ST-007352,1FAMR9UR,Darcel Schlecht,Prospecting,Engaging,2017-06-19,20
ST-007353,1FAMR9UR,Darcel Schlecht,Engaging,Won,2017-06-25,6
ST-007354,SYJKN818,Darcel Schlecht,Prospecting,Engaging,2017-06-19,8
ST-007355,SYJKN818,Darcel Schlecht,Engaging,Won,2017-08-22,64
ST-007356,VMTPCY5G,Hayden Neloms,Prospecting,Engaging,2017-06-19,24
ST-007357,VMTPCY5G,Hayden Neloms,Engaging,Won,2017-06-25,6
ST-007358,CV0BDYMP,Hayden Neloms,Prospecting,Engaging,2017-06-19,27
ST-007359,CV0BDYMP,Hayden Neloms,Engaging,Won,2017-09-29,102
ST-007360,7DI7A7G7,James Ascencio,Prospecting,Engaging,2017-06-19,20
ST-007361,7DI7A7G7,James Ascencio,Engaging,Won,2017-08-19,61
ST-007362,WE7YS7HD,Kami Bicknell,Prospecting,Engaging,2017-06-19,3
ST-007363,WE7YS7HD,Kami Bicknell,Engaging,Lost,2017-08-25,67
ST-007364,4DLOXD13,Kami Bicknell,Prospecting,Engaging,2017-06-19,26
ST-007365,4DLOXD13,Kami Bicknell,Engaging,Won,2017-08-07,49
ST-007366,XN63KZRZ,Kami Bicknell,Prospecting,Engaging,2017-06-19,17
ST-007367,XN63KZRZ,Kami Bicknell,Engaging,Won,2017-09-29,102
ST-007368,LLQCQOCR,Kary Hendrixson,Prospecting,Engaging,2017-06-19,25
ST-007369,WSG25BZ9,Kary Hendrixson,Prospecting,Engaging,2017-06-19,9
ST-007370,WSG25BZ9,Kary Hendrixson,Engaging,Won,2017-09-22,95
ST-007371,6GL2LRUH,Kary Hendrixson,Prospecting,Engaging,2017-06-19,17
ST-007372,6GL2LRUH,Kary Hendrixson,Engaging,Won,2017-06-24,5
ST-007373,K0G1IB3Q,Markita Hansen,Prospecting,Engaging,2017-06-19,28
ST-007374,K0G1IB3Q,Markita Hansen,Engaging,Won,2017-06-27,8
ST-007375,54OH0061,Maureen Marcano,Prospecting,Engaging,2017-06-19,12
ST-007376,UYJDOT4Q,Maureen Marcano,Prospecting,Engaging,2017-06-19,29
ST-007377,UYJDOT4Q,Maureen Marcano,Engaging,Won,2017-09-12,85
ST-007378,VOSSIXSY,Maureen Marcano,Prospecting,Engaging,2017-06-19,25
ST-007379,VOSSIXSY,Maureen Marcano,Engaging,Won,2017-09-03,76
ST-007380,ILUMUKG8,Maureen Marcano,Prospecting,Engaging,2017-06-19,5
ST-007381,ILUMUKG8,Maureen Marcano,Engaging,Won,2017-08-15,57
ST-007382,DYUWF61W,Moses Frase,Prospecting,Engaging,2017-06-19,29
ST-007383,DYUWF61W,Moses Frase,Engaging,Lost,2017-06-28,9
ST-007384,NUNQGOUW,Moses Frase,Prospecting,Engaging,2017-06-19,30
ST-007385,NUNQGOUW,Moses Frase,Engaging,Won,2017-09-04,77
ST-007386,CKT1GTY2,Reed Clapper,Prospecting,Engaging,2017-06-19,28
ST-007387,CKT1GTY2,Reed Clapper,Engaging,Lost,2017-07-02,13
ST-007388,FUHP1IXR,Rosalina Dieter,Prospecting,Engaging,2017-06-19,28
ST-007389,FUHP1IXR,Rosalina Dieter,Engaging,Won,2017-08-05,47
ST-007390,TJEEFJG8,Rosie Papadopoulos,Prospecting,Engaging,2017-06-19,16
ST-007391,TJEEFJG8,Rosie Papadopoulos,Engaging,Won,2017-09-21,94
ST-007392,ABRQIWS9,Versie Hillebrand,Prospecting,Engaging,2017-06-19,24
ST-007393,ABRQIWS9,Versie Hillebrand,Engaging,Won,2017-08-24,66
ST-007394,B3K4Z5L0,Violet Mclelland,Prospecting,Engaging,2017-06-19,18
ST-007395,B3K4Z5L0,Violet Mclelland,Engaging,Lost,2017-06-24,5
ST-007396,PCVNB0NO,Zane Levy,Prospecting,Engaging,2017-06-19,7
ST-007397,IVCON5CU,Zane Levy,Prospecting,Engaging,2017-06-19,23
ST-007398,IVCON5CU,Zane Levy,Engaging,Won,2017-09-20,93
ST-007399,RQXFD7FW,Zane Levy,Prospecting,Engaging,2017-06-19,12
ST-007400,RQXFD7FW,Zane Levy,Engaging,Won,2017-09-08,81
ST-007401,LUP7FYS5,Boris Faz,Prospecting,Engaging,2017-06-20,10
ST-007402,LUP7FYS5,Boris Faz,Engaging,Lost,2017-07-02,12
ST-007403,WEKW3XIN,Cassey Cress,Prospecting,Engaging,2017-06-20,11
ST-007404,REVQ7DSW,Cassey Cress,Prospecting,Engaging,2017-06-20,24
ST-007405,REVQ7DSW,Cassey Cress,Engaging,Lost,2017-08-08,49
ST-007406,YSNODM63,Cecily Lampkin,Prospecting,Engaging,2017-06-20,7
ST-007407,YSNODM63,Cecily Lampkin,Engaging,Lost,2017-06-27,7
ST-007408,PN3T4FUG,Corliss Cosme,Prospecting,Engaging,2017-06-20,25
ST-007409,PN3T4FUG,Corliss Cosme,Engaging,Lost,2017-09-21,93
ST-007410,AQ3HBL9S,Daniell Hammack,Prospecting,Engaging,2017-06-20,16
ST-007411,AQ3HBL9S,Daniell Hammack,Engaging,Lost,2017-06-25,5
ST-007412,VE4LZ8F5,Daniell Hammack,Prospecting,Engaging,2017-06-20,28
ST-007413,VE4LZ8F5,Daniell Hammack,Engaging,Won,2017-08-25,66
ST-007414,Q5R1PYJS,Darcel Schlecht,Prospecting,Engaging,2017-06-20,15
ST-007415,Q5R1PYJS,Darcel Schlecht,Engaging,Lost,2017-09-11,83
ST-007416,5AOWZ6AG,Donn Cantrell,Prospecting,Engaging,2017-06-20,5
ST-007417,5AOWZ6AG,Donn Cantrell,Engaging,Won,2017-08-09,50
ST-007418,E29GOFUV,Elease Gluck,Prospecting,Engaging,2017-06-20,17
ST-007419,2MKG6ZDD,James Ascencio,Prospecting,Engaging,2017-06-20,22
ST-007420,RUFJMV3I,James Ascencio,Prospecting,Engaging,2017-06-20,18
ST-007421,3AIA6RL3,Jonathan Berthelot,Prospecting,Engaging,2017-06-20,21
ST-007422,3AIA6RL3,Jonathan Berthelot,Engaging,Won,2017-08-20,61
ST-007423,KDPBAHOJ,Kami Bicknell,Prospecting,Engaging,2017-06-20,15
ST-007424,OXPNURPT,Kami Bicknell,Prospecting,Engaging,2017-06-20,20
ST-007425,OXPNURPT,Kami Bicknell,Engaging,Lost,2017-08-13,54
ST-007426,9TRVSW35,Maureen Marcano,Prospecting,Engaging,2017-06-20,19
ST-007427,9TRVSW35,Maureen Marcano,Engaging,Won,2017-08-19,60
ST-007428,GTH3VIDW,Maureen Marcano,Prospecting,Engaging,2017-06-20,30
ST-007429,GTH3VIDW,Maureen Marcano,Engaging,Won,2017-06-23,3
ST-007430,WFNKJ2LT,Maureen Marcano,Prospecting,Engaging,2017-06-20,25
ST-007431,WFNKJ2LT,Maureen Marcano,Engaging,Won,2017-07-01,11
ST-007432,P7GCDFU8,Reed Clapper,Prospecting,Engaging,2017-06-20,16
ST-007433,P7GCDFU8,Reed Clapper,Engaging,Won,2017-09-14,86
ST-007434,96798U7Y,Rosie Papadopoulos,Prospecting,Engaging,2017-06-20,20
ST-007435,O22J2QPD,Rosie Papadopoulos,Prospecting,Engaging,2017-06-20,4
ST-007436,O22J2QPD,Rosie Papadopoulos,Engaging,Lost,2017-08-15,56
ST-007437,ACOJBA02,Versie Hillebrand,Prospecting,Engaging,2017-06-20,28
ST-007438,ACOJBA02,Versie Hillebrand,Engaging,Won,2017-07-01,11
ST-007439,2FGEGLVU,Vicki Laflamme,Prospecting,Engaging,2017-06-20,14
ST-007440,2FGEGLVU,Vicki Laflamme,Engaging,Lost,2017-06-23,3
ST-007441,FQB53DQH,Vicki Laflamme,Prospecting,Engaging,2017-06-20,25
ST-007442,FQB53DQH,Vicki Laflamme,Engaging,Won,2017-07-01,11
ST-007443,1C2V9RAO,Vicki Laflamme,Prospecting,Engaging,2017-06-20,28
ST-007444,1C2V9RAO,Vicki Laflamme,Engaging,Won,2017-09-13,85
ST-007445,MNTTYFR6,Violet Mclelland,Prospecting,Engaging,2017-06-20,20
ST-007446,MNTTYFR6,Violet Mclelland,Engaging,Lost,2017-08-04,45
ST-007447,7FN6LV2E,Violet Mclelland,Prospecting,Engaging,2017-06-20,22
ST-007448,7FN6LV2E,Violet Mclelland,Engaging,Won,2017-09-12,84
ST-007449,B6Z5NFV0,Wilburn Farren,Prospecting,Engaging,2017-06-20,23
ST-007450,V8I2CE9V,Wilburn Farren,Prospecting,Engaging,2017-06-20,5
ST-007451,V8I2CE9V,Wilburn Farren,Engaging,Won,2017-09-20,92
ST-007452,VH6OFWCV,Zane Levy,Prospecting,Engaging,2017-06-20,6
ST-007453,1FXXXLJY,Zane Levy,Prospecting,Engaging,2017-06-20,27
ST-007454,1FXXXLJY,Zane Levy,Engaging,Lost,2017-09-25,97
ST-007455,NYI5VMXK,Anna Snelling,Prospecting,Engaging,2017-06-21,10
ST-007456,NYI5VMXK,Anna Snelling,Engaging,Won,2017-09-06,77
ST-007457,OJ1NQRDS,Cassey Cress,Prospecting,Engaging,2017-06-21,24
ST-007458,OJ1NQRDS,Cassey Cress,Engaging,Lost,2017-08-30,70
ST-007459,Z9W748SJ,Cassey Cress,Prospecting,Engaging,2017-06-21,24
ST-007460,Z9W748SJ,Cassey Cress,Engaging,Won,2017-07-03,12
ST-007461,LWX9V7HI,Cassey Cress,Prospecting,Engaging,2017-06-21,14
ST-007462,LWX9V7HI,Cassey Cress,Engaging,Won,2017-09-15,86
ST-007463,PAQOPSR0,Corliss Cosme,Prospecting,Engaging,2017-06-21,8
ST-007464,PAQOPSR0,Corliss Cosme,Engaging,Won,2017-06-25,4
ST-007465,BJO4VYLK,Daniell Hammack,Prospecting,Engaging,2017-06-21,23
ST-007466,AFQG21L7,Darcel Schlecht,Prospecting,Engaging,2017-06-21,22
ST-007467,AFQG21L7,Darcel Schlecht,Engaging,Lost,2017-07-01,10
ST-007468,RQJKAR7E,Darcel Schlecht,Prospecting,Engaging,2017-06-21,4
ST-007469,RQJKAR7E,Darcel Schlecht,Engaging,Lost,2017-07-02,11
ST-007470,6BV9IARK,Darcel Schlecht,Prospecting,Engaging,2017-06-21,21
ST-007471,6BV9IARK,Darcel Schlecht,Engaging,Won,2017-07-01,10
ST-007472,NTGU3NYS,Elease Gluck,Prospecting,Engaging,2017-06-21,23
ST-007473,NTGU3NYS,Elease Gluck,Engaging,Won,2017-09-30,101
ST-007474,3F5AAJZB,Garret Kinder,Prospecting,Engaging,2017-06-21,24
ST-007475,3F5AAJZB,Garret Kinder,Engaging,Won,2017-06-26,5
ST-007476,RJH0CL3Z,Gladys Colclough,Prospecting,Engaging,2017-06-21,23
ST-007477,RJH0CL3Z,Gladys Colclough,Engaging,Lost,2017-07-02,11
ST-007478,EK0KWGQX,Gladys Colclough,Prospecting,Engaging,2017-06-21,15
ST-007479,EK0KWGQX,Gladys Colclough,Engaging,Won,2017-08-27,67
ST-007480,K33NPCAY,Kami Bicknell,Prospecting,Engaging,2017-06-21,27
ST-007481,K33NPCAY,Kami Bicknell,Engaging,Won,2017-08-11,51
ST-007482,14CNQKX8,Kary Hendrixson,Prospecting,Engaging,2017-06-21,13
ST-007483,1LLRNE8G,Maureen Marcano,Prospecting,Engaging,2017-06-21,28
ST-007484,1LLRNE8G,Maureen Marcano,Engaging,Won,2017-09-22,93
ST-007485,EFWND7VS,Niesha Huffines,Prospecting,Engaging,2017-06-21,16
ST-007486,EFWND7VS,Niesha Huffines,Engaging,Won,2017-09-30,101
ST-007487,IR2D4ZG5,Rosie Papadopoulos,Prospecting,Engaging,2017-06-21,6
ST-007488,IR2D4ZG5,Rosie Papadopoulos,Engaging,Won,2017-06-27,6
ST-007489,BYBZJBC9,Versie Hillebrand,Prospecting,Engaging,2017-06-21,3
ST-007490,BYBZJBC9,Versie Hillebrand,Engaging,Lost,2017-08-02,42
ST-007491,BO8DSRV7,Vicki Laflamme,Prospecting,Engaging,2017-06-21,6
ST-007492,BO8DSRV7,Vicki Laflamme,Engaging,Won,2017-09-23,94
ST-007493,LD1HNIUL,Vicki Laflamme,Prospecting,Engaging,2017-06-21,11
ST-007494,LD1HNIUL,Vicki Laflamme,Engaging,Won,2017-06-23,2
ST-007495,RX39Z0P1,Zane Levy,Prospecting,Engaging,2017-06-21,10
ST-007496,RX39Z0P1,Zane Levy,Engaging,Won,2017-08-28,68
ST-007497,PFHUAJ47,Anna Snelling,Prospecting,Engaging,2017-06-22,19
ST-007498,PFHUAJ47,Anna Snelling,Engaging,Lost,2017-07-03,11
ST-007499,CKJZ86N6,Anna Snelling,Prospecting,Engaging,2017-06-22,26
ST-007500,CKJZ86N6,Anna Snelling,Engaging,Lost,2017-08-11,50
ST-007501,ASC1OWNE,Anna Snelling,Prospecting,Engaging,2017-06-22,19
ST-007502,ASC1OWNE,Anna Snelling,Engaging,Won,2017-09-12,82
ST-007503,WCEPUBH5,Cecily Lampkin,Prospecting,Engaging,2017-06-22,20
ST-007504,WCEPUBH5,Cecily Lampkin,Engaging,Won,2017-09-12,82
ST-007505,VHZFABAC,Daniell Hammack,Prospecting,Engaging,2017-06-22,21
ST-007506,VMIMPP6H,Daniell Hammack,Prospecting,Engaging,2017-06-22,25
ST-007507,VMIMPP6H,Daniell Hammack,Engaging,Won,2017-09-11,81
ST-007508,B0XO4WY7,Donn Cantrell,Prospecting,Engaging,2017-06-22,21
ST-007509,B0XO4WY7,Donn Cantrell,Engaging,Won,2017-07-02,10
ST-007510,VYPIKMKO,Jonathan Berthelot,Prospecting,Engaging,2017-06-22,10
ST-007511,VYPIKMKO,Jonathan Berthelot,Engaging,Won,2017-08-27,66
ST-007512,VCD47XNB,Jonathan Berthelot,Prospecting,Engaging,2017-06-22,17
ST-007513,VCD47XNB,Jonathan Berthelot,Engaging,Won,2017-06-26,4
ST-007514,8QH99OEZ,Jonathan Berthelot,Prospecting,Engaging,2017-06-22,14
ST-007515,8QH99OEZ,Jonathan Berthelot,Engaging,Won,2017-09-13,83
ST-007516,1DMERFNB,Kary Hendrixson,Prospecting,Engaging,2017-06-22,15
ST-007517,1DMERFNB,Kary Hendrixson,Engaging,Won,2017-09-22,92
ST-007518,FR8FT0ZX,Markita Hansen,Prospecting,Engaging,2017-06-22,17
ST-007519,FR8FT0ZX,Markita Hansen,Engaging,Won,2017-09-04,74
ST-007520,DG7LABPD,Marty Freudenburg,Prospecting,Engaging,2017-06-22,27
ST-007521,DG7LABPD,Marty Freudenburg,Engaging,Won,2017-09-28,98
ST-007522,ZMYUFTS9,Moses Frase,Prospecting,Engaging,2017-06-22,24
ST-007523,ZMYUFTS9,Moses Frase,Engaging,Won,2017-08-16,55
ST-007524,P60EK5NN,Moses Frase,Prospecting,Engaging,2017-06-22,21
ST-007525,P60EK5NN,Moses Frase,Engaging,Won,2017-09-21,91
ST-007526,YRYMSUE3,Niesha Huffines,Prospecting,Engaging,2017-06-22,25
ST-007527,YRYMSUE3,Niesha Huffines,Engaging,Won,2017-07-03,11
ST-007528,UZOTC90C,Reed Clapper,Prospecting,Engaging,2017-06-22,19
ST-007529,UZOTC90C,Reed Clapper,Engaging,Won,2017-06-30,8
ST-007530,5AAN00N1,Versie Hillebrand,Prospecting,Engaging,2017-06-22,7
ST-007531,5AAN00N1,Versie Hillebrand,Engaging,Lost,2017-08-26,65
ST-007532,JFHKBG40,Versie Hillebrand,Prospecting,Engaging,2017-06-22,14
ST-007533,JFHKBG40,Versie Hillebrand,Engaging,Won,2017-07-01,9
ST-007534,10THTNLC,Zane Levy,Prospecting,Engaging,2017-06-22,3
ST-007535,RJD0D0GD,Zane Levy,Prospecting,Engaging,2017-06-22,18
ST-007536,RJD0D0GD,Zane Levy,Engaging,Won,2017-09-06,76
ST-007537,L9IXFTIL,Boris Faz,Prospecting,Engaging,2017-06-23,6
ST-007538,L9IXFTIL,Boris Faz,Engaging,Won,2017-09-21,90
ST-007539,QU6CFZ22,Cassey Cress,Prospecting,Engaging,2017-06-23,12
ST-007540,HPBCTTV3,Cecily Lampkin,Prospecting,Engaging,2017-06-23,16
ST-007541,HPBCTTV3,Cecily Lampkin,Engaging,Lost,2017-07-04,11
ST-007542,48FB5MD2,Cecily Lampkin,Prospecting,Engaging,2017-06-23,5
ST-007543,48FB5MD2,Cecily Lampkin,Engaging,Won,2017-07-05,12
ST-007544,EJZM1INM,Corliss Cosme,Prospecting,Engaging,2017-06-23,6
ST-007545,EJZM1INM,Corliss Cosme,Engaging,Lost,2017-07-03,10
ST-007546,FKNT3I12,Corliss Cosme,Prospecting,Engaging,2017-06-23,29
ST-007547,FKNT3I12,Corliss Cosme,Engaging,Lost,2017-07-01,8
ST-007548,BLY5FD3N,Corliss Cosme,Prospecting,Engaging,2017-06-23,26
ST-007549,BLY5FD3N,Corliss Cosme,Engaging,Won,2017-07-01,8
ST-007550,LXLU6LFC,Daniell Hammack,Prospecting,Engaging,2017-06-23,7
ST-007551,LXLU6LFC,Daniell Hammack,Engaging,Lost,2017-08-30,68
ST-007552,A60QAIT3,Daniell Hammack,Prospecting,Engaging,2017-06-23,14
ST-007553,A60QAIT3,Daniell Hammack,Engaging,Won,2017-09-28,97
ST-007554,RQ3BV2I5,Daniell Hammack,Prospecting,Engaging,2017-06-23,12
ST-007555,RQ3BV2I5,Daniell Hammack,Engaging,Won,2017-09-27,96
ST-007556,W8CSV90F,Darcel Schlecht,Prospecting,Engaging,2017-06-23,13
ST-007557,W8CSV90F,Darcel Schlecht,Engaging,Lost,2017-08-23,61
ST-007558,0W6S0ODT,Gladys Colclough,Prospecting,Engaging,2017-06-23,17
ST-007559,0W6S0ODT,Gladys Colclough,Engaging,Won,2017-07-03,10
ST-007560,408AHOYL,Hayden Neloms,Prospecting,Engaging,2017-06-23,28
ST-007561,408AHOYL,Hayden Neloms,Engaging,Lost,2017-07-03,10
ST-007562,557JX4BM,Hayden Neloms,Prospecting,Engaging,2017-06-23,9
ST-007563,557JX4BM,Hayden Neloms,Engaging,Won,2017-09-12,81
ST-007564,QPZFP9WT,Kary Hendrixson,Prospecting,Engaging,2017-06-23,19
ST-007565,QPZFP9WT,Kary Hendrixson,Engaging,Lost,2017-07-04,11
ST-007566,L5T284M7,Lajuana Vencill,Prospecting,Engaging,2017-06-23,18
ST-007567,L5T284M7,Lajuana Vencill,Engaging,Lost,2017-07-03,10
ST-007568,G17TENJ4,Marty Freudenburg,Prospecting,Engaging,2017-06-23,14
ST-007569,G17TENJ4,Marty Freudenburg,Engaging,Lost,2017-09-22,91
ST-007570,VRSTX620,Niesha Huffines,Prospecting,Engaging,2017-06-23,18
ST-007571,VRSTX620,Niesha Huffines,Engaging,Won,2017-07-02,9
ST-007572,Y9VWZ93C,Reed Clapper,Prospecting,Engaging,2017-06-23,6
ST-007573,Y9VWZ93C,Reed Clapper,Engaging,Lost,2017-07-01,8
ST-007574,Y6IIUECA,Reed Clapper,Prospecting,Engaging,2017-06-23,17
ST-007575,Y6IIUECA,Reed Clapper,Engaging,Won,2017-07-04,11
ST-007576,LXWQDEU3,Reed Clapper,Prospecting,Engaging,2017-06-23,26
ST-007577,LXWQDEU3,Reed Clapper,Engaging,Won,2017-09-18,87
ST-007578,P1E4KWF7,Rosie Papadopoulos,Prospecting,Engaging,2017-06-23,25
ST-007579,P1E4KWF7,Rosie Papadopoulos,Engaging,Won,2017-07-01,8
ST-007580,BN84DD6H,Versie Hillebrand,Prospecting,Engaging,2017-06-23,17
ST-007581,BN84DD6H,Versie Hillebrand,Engaging,Lost,2017-07-05,12
ST-007582,R8MZ10BW,Versie Hillebrand,Prospecting,Engaging,2017-06-23,13
ST-007583,R8MZ10BW,Versie Hillebrand,Engaging,Won,2017-09-29,98
ST-007584,PI8RROK0,Versie Hillebrand,Prospecting,Engaging,2017-06-23,5
ST-007585,PI8RROK0,Versie Hillebrand,Engaging,Won,2017-09-21,90
ST-007586,GID40O2B,Vicki Laflamme,Prospecting,Engaging,2017-06-23,12
ST-007587,GID40O2B,Vicki Laflamme,Engaging,Lost,2017-07-06,13
ST-007588,BJOY31DL,Violet Mclelland,Prospecting,Engaging,2017-06-23,4
ST-007589,KDRIBXNQ,Violet Mclelland,Prospecting,Engaging,2017-06-23,28
ST-007590,KDRIBXNQ,Violet Mclelland,Engaging,Won,2017-08-15,53
ST-007591,TCK6V290,Violet Mclelland,Prospecting,Engaging,2017-06-23,25
ST-007592,TCK6V290,Violet Mclelland,Engaging,Won,2017-06-30,7
ST-007593,O9WYT5ST,Zane Levy,Prospecting,Engaging,2017-06-23,6
ST-007594,VFZ5GB3W,Zane Levy,Prospecting,Engaging,2017-06-23,3
ST-007595,VFZ5GB3W,Zane Levy,Engaging,Lost,2017-07-04,11
ST-007596,UKSS5YPE,Anna Snelling,Prospecting,Engaging,2017-06-24,30
ST-007597,UKSS5YPE,Anna Snelling,Engaging,Won,2017-07-02,8
ST-007598,EBLSL27F,Boris Faz,Prospecting,Engaging,2017-06-24,13
ST-007599,13FIM9V3,Corliss Cosme,Prospecting,Engaging,2017-06-24,23
ST-007600,RDDUG8VD,Corliss Cosme,Prospecting,Engaging,2017-06-24,6
ST-007601,RDDUG8VD,Corliss Cosme,Engaging,Lost,2017-07-03,9
ST-007602,Z3QJESWJ,Corliss Cosme,Prospecting,Engaging,2017-06-24,24
ST-007603,Z3QJESWJ,Corliss Cosme,Engaging,Won,2017-08-22,59
ST-007604,PYIQ65W0,Corliss Cosme,Prospecting,Engaging,2017-06-24,28
ST-007605,PYIQ65W0,Corliss Cosme,Engaging,Won,2017-07-02,8
ST-007606,RGRUF328,Gladys Colclough,Prospecting,Engaging,2017-06-24,8
ST-007607,RGRUF328,Gladys Colclough,Engaging,Won,2017-08-14,51
ST-007608,TLSSOOVB,Hayden Neloms,Prospecting,Engaging,2017-06-24,26
ST-007609,TLSSOOVB,Hayden Neloms,Engaging,Lost,2017-07-04,10
ST-007610,74KGIZW4,Kary Hendrixson,Prospecting,Engaging,2017-06-24,10
ST-007611,2YBEN3MV,Kary Hendrixson,Prospecting,Engaging,2017-06-24,19
ST-007612,2YBEN3MV,Kary Hendrixson,Engaging,Lost,2017-09-08,76
ST-007613,EFA9E6WV,Kary Hendrixson,Prospecting,Engaging,2017-06-24,8
ST-007614,EFA9E6WV,Kary Hendrixson,Engaging,Won,2017-09-30,98
ST-007615,YTSX7IW3,Markita Hansen,Prospecting,Engaging,2017-06-24,20
ST-007616,YTSX7IW3,Markita Hansen,Engaging,Won,2017-07-02,8
ST-007617,86DMJ7GA,Maureen Marcano,Prospecting,Engaging,2017-06-24,8
ST-007618,86DMJ7GA,Maureen Marcano,Engaging,Lost,2017-08-20,57
ST-007619,CMD0758L,Maureen Marcano,Prospecting,Engaging,2017-06-24,13
ST-007620,CMD0758L,Maureen Marcano,Engaging,Won,2017-08-21,58
ST-007621,CM5MFWCO,Moses Frase,Prospecting,Engaging,2017-06-24,20
ST-007622,CM5MFWCO,Moses Frase,Engaging,Won,2017-09-10,78
ST-007623,0MNAGD91,Moses Frase,Prospecting,Engaging,2017-06-24,16
ST-007624,0MNAGD91,Moses Frase,Engaging,Won,2017-07-05,11
ST-007625,HSYU33MS,Vicki Laflamme,Prospecting,Engaging,2017-06-24,17
ST-007626,9S749GJD,Violet Mclelland,Prospecting,Engaging,2017-06-24,10
ST-007627,9S749GJD,Violet Mclelland,Engaging,Lost,2017-07-05,11
ST-007628,LBZY9VUG,Violet Mclelland,Prospecting,Engaging,2017-06-24,28
ST-007629,LBZY9VUG,Violet Mclelland,Engaging,Won,2017-09-17,85
ST-007630,6UUTR15S,Zane Levy,Prospecting,Engaging,2017-06-24,15
ST-007631,6UUTR15S,Zane Levy,Engaging,Won,2017-09-23,91
ST-007632,DVPYKS4A,Cassey Cress,Prospecting,Engaging,2017-06-25,23
ST-007633,DVPYKS4A,Cassey Cress,Engaging,Lost,2017-07-04,9
ST-007634,9SRU5CI6,Cecily Lampkin,Prospecting,Engaging,2017-06-25,8
ST-007635,9SRU5CI6,Cecily Lampkin,Engaging,Won,2017-08-09,45
ST-007636,Z6R4KJFU,Daniell Hammack,Prospecting,Engaging,2017-06-25,8
ST-007637,GZ5M7MIQ,Darcel Schlecht,Prospecting,Engaging,2017-06-25,23
ST-007638,GZ5M7MIQ,Darcel Schlecht,Engaging,Lost,2017-07-01,6
ST-007639,CM2GVLV6,Darcel Schlecht,Prospecting,Engaging,2017-06-25,24
ST-007640,CM2GVLV6,Darcel Schlecht,Engaging,Won,2017-07-08,13
ST-007641,NZB45UZX,Darcel Schlecht,Prospecting,Engaging,2017-06-25,16
ST-007642,NZB45UZX,Darcel Schlecht,Engaging,Won,2017-09-03,70
ST-007643,T2J83GFD,Darcel Schlecht,Prospecting,Engaging,2017-06-25,15
ST-007644,T2J83GFD,Darcel Schlecht,Engaging,Won,2017-07-03,8
ST-007645,28S2Z15A,Darcel Schlecht,Prospecting,Engaging,2017-06-25,3
ST-007646,28S2Z15A,Darcel Schlecht,Engaging,Won,2017-08-02,38
ST-007647,WOJBLO4B,Donn Cantrell,Prospecting,Engaging,2017-06-25,26
ST-007648,WOJBLO4B,Donn Cantrell,Engaging,Lost,2017-07-02,7
ST-007649,788SW6EX,Donn Cantrell,Prospecting,Engaging,2017-06-25,22
ST-007650,788SW6EX,Donn Cantrell,Engaging,Lost,2017-08-19,55
ST-007651,EUOA0E47,Donn Cantrell,Prospecting,Engaging,2017-06-25,9
ST-007652,EUOA0E47,Donn Cantrell,Engaging,Won,2017-07-05,10
ST-007653,S9ZUMLSY,Elease Gluck,Prospecting,Engaging,2017-06-25,17
ST-007654,S9ZUMLSY,Elease Gluck,Engaging,Lost,2017-09-13,80
ST-007655,0UCQUW6U,Garret Kinder,Prospecting,Engaging,2017-06-25,21
ST-007656,0UCQUW6U,Garret Kinder,Engaging,Lost,2017-07-07,12
ST-007657,07FRJ44N,Gladys Colclough,Prospecting,Engaging,2017-06-25,16
ST-007658,07FRJ44N,Gladys Colclough,Engaging,Lost,2017-07-03,8
ST-007659,NMN9DVEV,Gladys Colclough,Prospecting,Engaging,2017-06-25,15
ST-007660,NMN9DVEV,Gladys Colclough,Engaging,Won,2017-09-14,81
ST-007661,95V8BLR2,Kami Bicknell,Prospecting,Engaging,2017-06-25,3
ST-007662,95V8BLR2,Kami Bicknell,Engaging,Won,2017-09-22,89
ST-007663,BDGB4NS0,Kary Hendrixson,Prospecting,Engaging,2017-06-25,25
ST-007664,BDGB4NS0,Kary Hendrixson,Engaging,Lost,2017-07-02,7
ST-007665,SPHS260Y,Kary Hendrixson,Prospecting,Engaging,2017-06-25,9
ST-007666,SPHS260Y,Kary Hendrixson,Engaging,Lost,2017-08-27,63
ST-007667,O9L7KMPU,Lajuana Vencill,Prospecting,Engaging,2017-06-25,9
ST-007668,O9L7KMPU,Lajuana Vencill,Engaging,Lost,2017-08-27,63
ST-007669,FGES2PQ2,Lajuana Vencill,Prospecting,Engaging,2017-06-25,11
ST-007670,FGES2PQ2,Lajuana Vencill,Engaging,Lost,2017-07-04,9
ST-007671,81DXTTI5,Lajuana Vencill,Prospecting,Engaging,2017-06-25,27
ST-007672,81DXTTI5,Lajuana Vencill,Engaging,Won,2017-07-03,8
ST-007673,JGG9CO2Y,Marty Freudenburg,Prospecting,Engaging,2017-06-25,25
ST-007674,JGG9CO2Y,Marty Freudenburg,Engaging,Lost,2017-08-14,50
ST-007675,95B6AKI1,Marty Freudenburg,Prospecting,Engaging,2017-06-25,28
ST-007676,95B6AKI1,Marty Freudenburg,Engaging,Won,2017-07-02,7
ST-007677,N1G2CFCB,Maureen Marcano,Prospecting,Engaging,2017-06-25,28
ST-007678,N1G2CFCB,Maureen Marcano,Engaging,Won,2017-09-06,73
ST-007679,40VSPND6,Moses Frase,Prospecting,Engaging,2017-06-25,5
ST-007680,40VSPND6,Moses Frase,Engaging,Won,2017-09-24,91
ST-007681,QWYRCDA8,Niesha Huffines,Prospecting,Engaging,2017-06-25,21
ST-007682,QWYRCDA8,Niesha Huffines,Engaging,Lost,2017-07-05,10
ST-007683,00ZD3M4J,Reed Clapper,Prospecting,Engaging,2017-06-25,6
ST-007684,00ZD3M4J,Reed Clapper,Engaging,Lost,2017-07-04,9
ST-007685,24REVMX7,Rosalina Dieter,Prospecting,Engaging,2017-06-25,28
ST-007686,AW4PSTWR,Rosie Papadopoulos,Prospecting,Engaging,2017-06-25,30
ST-007687,CJZFFC91,Versie Hillebrand,Prospecting,Engaging,2017-06-25,20
ST-007688,CJZFFC91,Versie Hillebrand,Engaging,Lost,2017-08-07,43
ST-007689,2FNTCPOU,Vicki Laflamme,Prospecting,Engaging,2017-06-25,8
ST-007690,A8QRKXG3,Vicki Laflamme,Prospecting,Engaging,2017-06-25,14
ST-007691,3PD8YBPK,Vicki Laflamme,Prospecting,Engaging,2017-06-25,13
ST-007692,3PD8YBPK,Vicki Laflamme,Engaging,Lost,2017-07-04,9
ST-007693,KBG5R0WH,Vicki Laflamme,Prospecting,Engaging,2017-06-25,9
ST-007694,KBG5R0WH,Vicki Laflamme,Engaging,Lost,2017-07-02,7
ST-007695,7RPM84Y4,Vicki Laflamme,Prospecting,Engaging,2017-06-25,17
ST-007696,7RPM84Y4,Vicki Laflamme,Engaging,Won,2017-06-30,5
ST-007697,LFN6XPK7,Vicki Laflamme,Prospecting,Engaging,2017-06-25,6
ST-007698,LFN6XPK7,Vicki Laflamme,Engaging,Won,2017-06-27,2
ST-007699,S2SC8AP7,Violet Mclelland,Prospecting,Engaging,2017-06-25,11
ST-007700,18LZY55R,Violet Mclelland,Prospecting,Engaging,2017-06-25,24
ST-007701,18LZY55R,Violet Mclelland,Engaging,Won,2017-07-02,7
ST-007702,E88W1Z0H,Zane Levy,Prospecting,Engaging,2017-06-25,30
ST-007703,E88W1Z0H,Zane Levy,Engaging,Lost,2017-07-02,7
ST-007704,UQALCAIV,Zane Levy,Prospecting,Engaging,2017-06-25,18
ST-007705,UQALCAIV,Zane Levy,Engaging,Won,2017-07-03,8
ST-007706,6E2Y3HKI,Boris Faz,Prospecting,Engaging,2017-06-26,19
ST-007707,6E2Y3HKI,Boris Faz,Engaging,Won,2017-07-04,8
ST-007708,YWKFH7VT,Cassey Cress,Prospecting,Engaging,2017-06-26,23
ST-007709,YWKFH7VT,Cassey Cress,Engaging,Lost,2017-09-27,93
ST-007710,MF4299DQ,Cassey Cress,Prospecting,Engaging,2017-06-26,13
ST-007711,MF4299DQ,Cassey Cress,Engaging,Lost,2017-07-03,7
ST-007712,ZRZI054E,Cecily Lampkin,Prospecting,Engaging,2017-06-26,22
ST-007713,ZRZI054E,Cecily Lampkin,Engaging,Won,2017-07-06,10
ST-007714,CN69EYQ1,Corliss Cosme,Prospecting,Engaging,2017-06-26,15
ST-007715,CN69EYQ1,Corliss Cosme,Engaging,Won,2017-09-11,77
ST-007716,ZT52DT8H,Daniell Hammack,Prospecting,Engaging,2017-06-26,22
ST-007717,KX80WC22,Daniell Hammack,Prospecting,Engaging,2017-06-26,15
ST-007718,KX80WC22,Daniell Hammack,Engaging,Lost,2017-07-07,11
ST-007719,YQ6VELF1,Darcel Schlecht,Prospecting,Engaging,2017-06-26,21
ST-007720,YQ6VELF1,Darcel Schlecht,Engaging,Lost,2017-07-03,7
ST-007721,NX4ODZY2,Darcel Schlecht,Prospecting,Engaging,2017-06-26,6
ST-007722,NX4ODZY2,Darcel Schlecht,Engaging,Won,2017-08-31,66
ST-007723,L2QMWU4H,Darcel Schlecht,Prospecting,Engaging,2017-06-26,14
ST-007724,L2QMWU4H,Darcel Schlecht,Engaging,Won,2017-09-12,78
ST-007725,0MPEK4ZA,Donn Cantrell,Prospecting,Engaging,2017-06-26,14
ST-007726,0MPEK4ZA,Donn Cantrell,Engaging,Lost,2017-09-18,84
ST-007727,TP0SU68U,Donn Cantrell,Prospecting,Engaging,2017-06-26,30
ST-007728,TP0SU68U,Donn Cantrell,Engaging,Lost,2017-07-09,13
ST-007729,8U7LNL7U,Donn Cantrell,Prospecting,Engaging,2017-06-26,17
ST-007730,8U7LNL7U,Donn Cantrell,Engaging,Lost,2017-07-03,7
ST-007731,XVYL67FL,Donn Cantrell,Prospecting,Engaging,2017-06-26,22
ST-007732,XVYL67FL,Donn Cantrell,Engaging,Won,2017-07-06,10
ST-007733,AIN2RE2H,Elease Gluck,Prospecting,Engaging,2017-06-26,8
ST-007734,AIN2RE2H,Elease Gluck,Engaging,Lost,2017-07-05,9
ST-007735,G1303HIC,Gladys Colclough,Prospecting,Engaging,2017-06-26,29
ST-007736,G1303HIC,Gladys Colclough,Engaging,Won,2017-07-02,6
ST-007737,HVDQ4EEA,Gladys Colclough,Prospecting,Engaging,2017-06-26,24
ST-007738,HVDQ4EEA,Gladys Colclough,Engaging,Won,2017-06-28,2
ST-007739,2RB900SL,James Ascencio,Prospecting,Engaging,2017-06-26,25
ST-007740,2RB900SL,James Ascencio,Engaging,Won,2017-09-15,81
ST-007741,AUS25SFH,Jonathan Berthelot,Prospecting,Engaging,2017-06-26,28
ST-007742,AUS25SFH,Jonathan Berthelot,Engaging,Won,2017-07-03,7
ST-007743,ND0OV6MQ,Kary Hendrixson,Prospecting,Engaging,2017-06-26,12
ST-007744,O6DSGX6P,Lajuana Vencill,Prospecting,Engaging,2017-06-26,22
ST-007745,O6DSGX6P,Lajuana Vencill,Engaging,Lost,2017-08-10,45
ST-007746,2MBFRRGW,Lajuana Vencill,Prospecting,Engaging,2017-06-26,21
ST-007747,2MBFRRGW,Lajuana Vencill,Engaging,Lost,2017-07-03,7
ST-007748,Q3HYAWDW,Markita Hansen,Prospecting,Engaging,2017-06-26,5
ST-007749,Q3HYAWDW,Markita Hansen,Engaging,Won,2017-08-24,59
ST-007750,94TA0AWF,Marty Freudenburg,Prospecting,Engaging,2017-06-26,24
ST-007751,94TA0AWF,Marty Freudenburg,Engaging,Won,2017-08-26,61
ST-007752,G1XX0IB4,Marty Freudenburg,Prospecting,Engaging,2017-06-26,7
ST-007753,G1XX0IB4,Marty Freudenburg,Engaging,Won,2017-07-05,9
ST-007754,VIMY08JH,Maureen Marcano,Prospecting,Engaging,2017-06-26,13
ST-007755,VIMY08JH,Maureen Marcano,Engaging,Won,2017-07-06,10
ST-007756,WPTNE0QN,Moses Frase,Prospecting,Engaging,2017-06-26,6
ST-007757,WPTNE0QN,Moses Frase,Engaging,Won,2017-09-17,83
ST-007758,DLGW8Y7B,Rosalina Dieter,Prospecting,Engaging,2017-06-26,10
ST-007759,DLGW8Y7B,Rosalina Dieter,Engaging,Won,2017-08-03,38
ST-007760,YSOUU0T0,Vicki Laflamme,Prospecting,Engaging,2017-06-26,12
ST-007761,YSOUU0T0,Vicki Laflamme,Engaging,Lost,2017-07-07,11
ST-007762,23NAJF9W,Zane Levy,Prospecting,Engaging,2017-06-26,6
ST-007763,HM4TKVET,Zane Levy,Prospecting,Engaging,2017-06-26,8
ST-007764,HM4TKVET,Zane Levy,Engaging,Won,2017-07-04,8
ST-007765,Q81Q0PJK,Anna Snelling,Prospecting,Engaging,2017-06-27,14
ST-007766,Q81Q0PJK,Anna Snelling,Engaging,Won,2017-07-06,9
ST-007767,3BEPEWRS,Cassey Cress,Prospecting,Engaging,2017-06-27,25
ST-007768,3BEPEWRS,Cassey Cress,Engaging,Lost,2017-08-24,58
ST-007769,Y5HR9J3G,Cecily Lampkin,Prospecting,Engaging,2017-06-27,7
ST-007770,Y5HR9J3G,Cecily Lampkin,Engaging,Won,2017-08-01,35
ST-007771,STYLQ47K,Corliss Cosme,Prospecting,Engaging,2017-06-27,19
ST-007772,STYLQ47K,Corliss Cosme,Engaging,Won,2017-07-07,10
ST-007773,HTF7TYQS,Daniell Hammack,Prospecting,Engaging,2017-06-27,15
ST-007774,W07JMUG9,Daniell Hammack,Prospecting,Engaging,2017-06-27,16
ST-007775,W07JMUG9,Daniell Hammack,Engaging,Lost,2017-07-01,4
ST-007776,L8CG1IQO,Darcel Schlecht,Prospecting,Engaging,2017-06-27,22
ST-007777,L8CG1IQO,Darcel Schlecht,Engaging,Lost,2017-07-06,9
ST-007778,6CFONO4W,Darcel Schlecht,Prospecting,Engaging,2017-06-27,7
ST-007779,6CFONO4W,Darcel Schlecht,Engaging,Won,2017-07-06,9
ST-007780,AMGC18DS,Donn Cantrell,Prospecting,Engaging,2017-06-27,21
ST-007781,AMGC18DS,Donn Cantrell,Engaging,Lost,2017-09-08,73
ST-007782,RKT3WVBC,Garret Kinder,Prospecting,Engaging,2017-06-27,15
ST-007783,RKT3WVBC,Garret Kinder,Engaging,Won,2017-09-20,85
ST-007784,H5ZSM3IR,Gladys Colclough,Prospecting,Engaging,2017-06-27,16
ST-007785,H5ZSM3IR,Gladys Colclough,Engaging,Lost,2017-09-01,66
ST-007786,07WKR17A,Gladys Colclough,Prospecting,Engaging,2017-06-27,8
ST-007787,07WKR17A,Gladys Colclough,Engaging,Won,2017-09-17,82
ST-007788,7GM1XD9W,James Ascencio,Prospecting,Engaging,2017-06-27,18
ST-007789,7GM1XD9W,James Ascencio,Engaging,Won,2017-09-16,81
ST-007790,QM6GJ78P,Kami Bicknell,Prospecting,Engaging,2017-06-27,23
ST-007791,QM6GJ78P,Kami Bicknell,Engaging,Won,2017-07-07,10
ST-007792,L582YMSV,Kary Hendrixson,Prospecting,Engaging,2017-06-27,20
ST-007793,L582YMSV,Kary Hendrixson,Engaging,Lost,2017-09-08,73
ST-007794,EQS3UNXX,Markita Hansen,Prospecting,Engaging,2017-06-27,25
ST-007795,EQS3UNXX,Markita Hansen,Engaging,Lost,2017-07-06,9
ST-007796,DZR5L7XQ,Markita Hansen,Prospecting,Engaging,2017-06-27,23
ST-007797,DZR5L7XQ,Markita Hansen,Engaging,Lost,2017-07-05,8
ST-007798,DQ0DSK7P,Marty Freudenburg,Prospecting,Engaging,2017-06-27,8
ST-007799,DQ0DSK7P,Marty Freudenburg,Engaging,Won,2017-07-02,5
ST-007800,CGEXH2QO,Moses Frase,Prospecting,Engaging,2017-06-27,20
ST-007801,CGEXH2QO,Moses Frase,Engaging,Lost,2017-07-08,11
ST-007802,MIX6JTSN,Moses Frase,Prospecting,Engaging,2017-06-27,8
ST-007803,MIX6JTSN,Moses Frase,Engaging,Won,2017-07-05,8
ST-007804,9KYX5G9K,Niesha Huffines,Prospecting,Engaging,2017-06-27,18
ST-007805,9KYX5G9K,Niesha Huffines,Engaging,Won,2017-07-01,4
ST-007806,FG29YOWT,Reed Clapper,Prospecting,Engaging,2017-06-27,12
ST-007807,FG29YOWT,Reed Clapper,Engaging,Lost,2017-09-06,71
ST-007808,KWYKKVJC,Reed Clapper,Prospecting,Engaging,2017-06-27,7
ST-007809,KWYKKVJC,Reed Clapper,Engaging,Won,2017-07-01,4
ST-007810,T7TDUK3T,Versie Hillebrand,Prospecting,Engaging,2017-06-27,8
ST-007811,T7TDUK3T,Versie Hillebrand,Engaging,Won,2017-09-12,77
ST-007812,42YPT5L7,Versie Hillebrand,Prospecting,Engaging,2017-06-27,13
ST-007813,42YPT5L7,Versie Hillebrand,Engaging,Won,2017-07-04,7
ST-007814,99I4V65G,Vicki Laflamme,Prospecting,Engaging,2017-06-27,29
ST-007815,99I4V65G,Vicki Laflamme,Engaging,Lost,2017-07-06,9
ST-007816,ACZQMAR4,Vicki Laflamme,Prospecting,Engaging,2017-06-27,17
ST-007817,ACZQMAR4,Vicki Laflamme,Engaging,Won,2017-07-07,10
ST-007818,R443AUAG,Violet Mclelland,Prospecting,Engaging,2017-06-27,22
ST-007819,TP9IE6PV,Anna Snelling,Prospecting,Engaging,2017-06-28,4
ST-007820,TP9IE6PV,Anna Snelling,Engaging,Won,2017-09-11,75
ST-007821,E5CD0W5M,Cassey Cress,Prospecting,Engaging,2017-06-28,30
ST-007822,E5CD0W5M,Cassey Cress,Engaging,Lost,2017-07-01,3
ST-007823,HKH717ED,Cecily Lampkin,Prospecting,Engaging,2017-06-28,14
ST-007824,HKH717ED,Cecily Lampkin,Engaging,Lost,2017-08-11,44
ST-007825,DAW2JTP5,Cecily Lampkin,Prospecting,Engaging,2017-06-28,3
ST-007826,DAW2JTP5,Cecily Lampkin,Engaging,Lost,2017-07-07,9
ST-007827,HBMOSBAK,Daniell Hammack,Prospecting,Engaging,2017-06-28,18
ST-007828,HBMOSBAK,Daniell Hammack,Engaging,Lost,2017-08-14,47
ST-007829,V0V6O05H,Darcel Schlecht,Prospecting,Engaging,2017-06-28,7
ST-007830,V0V6O05H,Darcel Schlecht,Engaging,Lost,2017-07-07,9
ST-007831,3DY60YA7,Darcel Schlecht,Prospecting,Engaging,2017-06-28,9
ST-007832,3DY60YA7,Darcel Schlecht,Engaging,Lost,2017-07-06,8
ST-007833,8H19L55Y,Darcel Schlecht,Prospecting,Engaging,2017-06-28,29
ST-007834,8H19L55Y,Darcel Schlecht,Engaging,Won,2017-07-07,9
ST-007835,TPNU79C1,Darcel Schlecht,Prospecting,Engaging,2017-06-28,15
ST-007836,TPNU79C1,Darcel Schlecht,Engaging,Won,2017-09-29,93
ST-007837,TFQR150O,Donn Cantrell,Prospecting,Engaging,2017-06-28,20
ST-007838,TFQR150O,Donn Cantrell,Engaging,Won,2017-07-02,4
ST-007839,9MM27P8C,Elease Gluck,Prospecting,Engaging,2017-06-28,19
ST-007840,9MM27P8C,Elease Gluck,Engaging,Lost,2017-07-07,9
ST-007841,MMWD47ZY,Gladys Colclough,Prospecting,Engaging,2017-06-28,23
ST-007842,MMWD47ZY,Gladys Colclough,Engaging,Lost,2017-08-29,62
ST-007843,JFIBKWMQ,Gladys Colclough,Prospecting,Engaging,2017-06-28,18
ST-007844,JFIBKWMQ,Gladys Colclough,Engaging,Lost,2017-07-09,11
ST-007845,6FUPOO3I,Gladys Colclough,Prospecting,Engaging,2017-06-28,16
ST-007846,6FUPOO3I,Gladys Colclough,Engaging,Won,2017-07-07,9
ST-007847,29VR6EL4,Hayden Neloms,Prospecting,Engaging,2017-06-28,24
ST-007848,29VR6EL4,Hayden Neloms,Engaging,Lost,2017-09-14,78
ST-007849,L45N3D2E,James Ascencio,Prospecting,Engaging,2017-06-28,18
ST-007850,L45N3D2E,James Ascencio,Engaging,Lost,2017-07-04,6
ST-007851,K1OBT27J,James Ascencio,Prospecting,Engaging,2017-06-28,16
ST-007852,K1OBT27J,James Ascencio,Engaging,Won,2017-08-10,43
ST-007853,OZL7CDMQ,Jonathan Berthelot,Prospecting,Engaging,2017-06-28,25
ST-007854,OZL7CDMQ,Jonathan Berthelot,Engaging,Lost,2017-07-03,5
ST-007855,LZ6PSZ4T,Jonathan Berthelot,Prospecting,Engaging,2017-06-28,29
ST-007856,LZ6PSZ4T,Jonathan Berthelot,Engaging,Lost,2017-07-05,7
ST-007857,5CFCTZ5K,Jonathan Berthelot,Prospecting,Engaging,2017-06-28,17
ST-007858,5CFCTZ5K,Jonathan Berthelot,Engaging,Won,2017-09-02,66
ST-007859,EG5M02ZV,Kary Hendrixson,Prospecting,Engaging,2017-06-28,18
ST-007860,EG5M02ZV,Kary Hendrixson,Engaging,Won,2017-09-27,91
ST-007861,5UKQ16DK,Kary Hendrixson,Prospecting,Engaging,2017-06-28,8
ST-007862,5UKQ16DK,Kary Hendrixson,Engaging,Won,2017-07-04,6
ST-007863,C9M5B1N6,Kary Hendrixson,Prospecting,Engaging,2017-06-28,5
ST-007864,C9M5B1N6,Kary Hendrixson,Engaging,Won,2017-09-13,77
ST-007865,ZS4PKX65,Lajuana Vencill,Prospecting,Engaging,2017-06-28,21
ST-007866,ZS4PKX65,Lajuana Vencill,Engaging,Won,2017-08-11,44
ST-007867,PYLS9RJH,Markita Hansen,Prospecting,Engaging,2017-06-28,3
ST-007868,PYLS9RJH,Markita Hansen,Engaging,Lost,2017-07-05,7
ST-007869,X2ZONP2D,Moses Frase,Prospecting,Engaging,2017-06-28,28
ST-007870,X2ZONP2D,Moses Frase,Engaging,Lost,2017-08-24,57
ST-007871,Y5CP83V4,Moses Frase,Prospecting,Engaging,2017-06-28,27
ST-007872,Y5CP83V4,Moses Frase,Engaging,Won,2017-09-30,94
ST-007873,V71FMJBD,Rosie Papadopoulos,Prospecting,Engaging,2017-06-28,10
ST-007874,9Y2HDGST,Versie Hillebrand,Prospecting,Engaging,2017-06-28,12
ST-007875,9Y2HDGST,Versie Hillebrand,Engaging,Won,2017-07-02,4
ST-007876,7R0G2LC1,Vicki Laflamme,Prospecting,Engaging,2017-06-28,4
ST-007877,7R0G2LC1,Vicki Laflamme,Engaging,Won,2017-09-07,71
ST-007878,8FX574BJ,Vicki Laflamme,Prospecting,Engaging,2017-06-28,11
ST-007879,8FX574BJ,Vicki Laflamme,Engaging,Won,2017-07-03,5
ST-007880,AU5Q1XCW,Vicki Laflamme,Prospecting,Engaging,2017-06-28,10
ST-007881,AU5Q1XCW,Vicki Laflamme,Engaging,Won,2017-09-09,73
ST-007882,SZAMHBGA,Violet Mclelland,Prospecting,Engaging,2017-06-28,20
ST-007883,CUMYWQYP,Violet Mclelland,Prospecting,Engaging,2017-06-28,12
ST-007884,CUMYWQYP,Violet Mclelland,Engaging,Won,2017-09-30,94
ST-007885,29ZDUK49,Anna Snelling,Prospecting,Engaging,2017-06-29,8
ST-007886,29ZDUK49,Anna Snelling,Engaging,Won,2017-07-10,11
ST-007887,VLVP8FPJ,Cassey Cress,Prospecting,Engaging,2017-06-29,27
ST-007888,VLVP8FPJ,Cassey Cress,Engaging,Lost,2017-07-08,9
ST-007889,ZD1X3R4G,Corliss Cosme,Prospecting,Engaging,2017-06-29,17
ST-007890,SNGS64S7,Darcel Schlecht,Prospecting,Engaging,2017-06-29,21
ST-007891,SNGS64S7,Darcel Schlecht,Engaging,Lost,2017-07-06,7
ST-007892,CMCVD0N8,Darcel Schlecht,Prospecting,Engaging,2017-06-29,26
ST-007893,CMCVD0N8,Darcel Schlecht,Engaging,Won,2017-07-08,9
ST-007894,NNKWGFDH,Darcel Schlecht,Prospecting,Engaging,2017-06-29,27
ST-007895,NNKWGFDH,Darcel Schlecht,Engaging,Won,2017-07-06,7
ST-007896,YC6QEUJN,Garret Kinder,Prospecting,Engaging,2017-06-29,27
ST-007897,YC6QEUJN,Garret Kinder,Engaging,Won,2017-07-08,9
ST-007898,794XWMYE,Garret Kinder,Prospecting,Engaging,2017-06-29,18
ST-007899,794XWMYE,Garret Kinder,Engaging,Won,2017-09-07,70
ST-007900,FHK0BBGK,Garret Kinder,Prospecting,Engaging,2017-06-29,20
ST-007901,FHK0BBGK,Garret Kinder,Engaging,Won,2017-07-08,9
ST-007902,461LIUS7,Gladys Colclough,Prospecting,Engaging,2017-06-29,19
ST-007903,461LIUS7,Gladys Colclough,Engaging,Won,2017-07-07,8
ST-007904,Y9SCLUH8,Jonathan Berthelot,Prospecting,Engaging,2017-06-29,6
ST-007905,Y9SCLUH8,Jonathan Berthelot,Engaging,Won,2017-09-02,65
ST-007906,J75Y9C75,Kami Bicknell,Prospecting,Engaging,2017-06-29,21
ST-007907,J75Y9C75,Kami Bicknell,Engaging,Won,2017-08-28,60
ST-007908,PUP6JDT9,Kami Bicknell,Prospecting,Engaging,2017-06-29,6
ST-007909,PUP6JDT9,Kami Bicknell,Engaging,Won,2017-09-12,75
ST-007910,EMUG64GW,Kary Hendrixson,Prospecting,Engaging,2017-06-29,11
ST-007911,88AA2RK1,Kary Hendrixson,Prospecting,Engaging,2017-06-29,27
ST-007912,88AA2RK1,Kary Hendrixson,Engaging,Lost,2017-07-06,7
ST-007913,4F222JU9,Lajuana Vencill,Prospecting,Engaging,2017-06-29,20
ST-007914,4F222JU9,Lajuana Vencill,Engaging,Lost,2017-08-31,63
ST-007915,CBYRECX6,Lajuana Vencill,Prospecting,Engaging,2017-06-29,29
ST-007916,CBYRECX6,Lajuana Vencill,Engaging,Lost,2017-07-06,7
ST-007917,XYRO1TLJ,Markita Hansen,Prospecting,Engaging,2017-06-29,14
ST-007918,QXT65QTI,Markita Hansen,Prospecting,Engaging,2017-06-29,20
ST-007919,QXT65QTI,Markita Hansen,Engaging,Lost,2017-07-10,11
ST-007920,8RTR1VMP,Markita Hansen,Prospecting,Engaging,2017-06-29,29
ST-007921,8RTR1VMP,Markita Hansen,Engaging,Lost,2017-07-06,7
ST-007922,T7RA32XV,Markita Hansen,Prospecting,Engaging,2017-06-29,27
ST-007923,T7RA32XV,Markita Hansen,Engaging,Lost,2017-07-06,7
ST-007924,8IYVJKT4,Maureen Marcano,Prospecting,Engaging,2017-06-29,4
ST-007925,8IYVJKT4,Maureen Marcano,Engaging,Lost,2017-07-10,11
ST-007926,G087QT6R,Moses Frase,Prospecting,Engaging,2017-06-29,27
ST-007927,G087QT6R,Moses Frase,Engaging,Won,2017-07-06,7
ST-007928,JT1UUOXN,Niesha Huffines,Prospecting,Engaging,2017-06-29,26
ST-007929,JT1UUOXN,Niesha Huffines,Engaging,Lost,2017-07-08,9
ST-007930,PUTILZZG,Niesha Huffines,Prospecting,Engaging,2017-06-29,17
ST-007931,PUTILZZG,Niesha Huffines,Engaging,Won,2017-08-09,41
ST-007932,QU7MSL36,Reed Clapper,Prospecting,Engaging,2017-06-29,20
ST-007933,QU7MSL36,Reed Clapper,Engaging,Won,2017-07-09,10
ST-007934,FEGSJ8QI,Rosalina Dieter,Prospecting,Engaging,2017-06-29,9
ST-007935,FEGSJ8QI,Rosalina Dieter,Engaging,Won,2017-08-19,51
ST-007936,1SKIPYI7,Rosalina Dieter,Prospecting,Engaging,2017-06-29,16
ST-007937,1SKIPYI7,Rosalina Dieter,Engaging,Won,2017-09-03,66
ST-007938,66Q03Q2P,Versie Hillebrand,Prospecting,Engaging,2017-06-29,6
ST-007939,66Q03Q2P,Versie Hillebrand,Engaging,Won,2017-07-10,11
ST-007940,T4FR3FAC,Vicki Laflamme,Prospecting,Engaging,2017-06-29,26
ST-007941,Z1NWKS9A,Vicki Laflamme,Prospecting,Engaging,2017-06-29,29
ST-007942,Z1NWKS9A,Vicki Laflamme,Engaging,Lost,2017-07-05,6
ST-007943,ZZCKQ2JV,Vicki Laflamme,Prospecting,Engaging,2017-06-29,23
ST-007944,ZZCKQ2JV,Vicki Laflamme,Engaging,Won,2017-07-04,5
ST-007945,F3G00C56,Vicki Laflamme,Prospecting,Engaging,2017-06-29,27
ST-007946,F3G00C56,Vicki Laflamme,Engaging,Won,2017-07-08,9
ST-007947,9824T94P,Violet Mclelland,Prospecting,Engaging,2017-06-29,10
ST-007948,9824T94P,Violet Mclelland,Engaging,Won,2017-07-09,10
ST-007949,B8TD9HCN,Violet Mclelland,Prospecting,Engaging,2017-06-29,12
ST-007950,B8TD9HCN,Violet Mclelland,Engaging,Won,2017-07-11,12
ST-007951,PEFTXK4Q,Wilburn Farren,Prospecting,Engaging,2017-06-29,30
ST-007952,PEFTXK4Q,Wilburn Farren,Engaging,Won,2017-09-10,73
ST-007953,LUIEQRMQ,Zane Levy,Prospecting,Engaging,2017-06-29,4
ST-007954,LUIEQRMQ,Zane Levy,Engaging,Won,2017-07-10,11
ST-007955,8QOUXQEV,Anna Snelling,Prospecting,Engaging,2017-06-30,17
ST-007956,8QOUXQEV,Anna Snelling,Engaging,Won,2017-09-27,89
ST-007957,BMH2FEGF,Boris Faz,Prospecting,Engaging,2017-06-30,11
ST-007958,6SC26SGG,Boris Faz,Prospecting,Engaging,2017-06-30,14
ST-007959,6SC26SGG,Boris Faz,Engaging,Won,2017-07-02,2
ST-007960,GITEQ8VZ,Cassey Cress,Prospecting,Engaging,2017-06-30,30
ST-007961,GITEQ8VZ,Cassey Cress,Engaging,Lost,2017-07-10,10
ST-007962,2Y9R7T2W,Cassey Cress,Prospecting,Engaging,2017-06-30,29
ST-007963,2Y9R7T2W,Cassey Cress,Engaging,Won,2017-09-26,88
ST-007964,8U5GBXK1,Cecily Lampkin,Prospecting,Engaging,2017-06-30,5
ST-007965,8U5GBXK1,Cecily Lampkin,Engaging,Won,2017-09-15,77
ST-007966,THI3LNT0,Corliss Cosme,Prospecting,Engaging,2017-06-30,17
ST-007967,THI3LNT0,Corliss Cosme,Engaging,Lost,2017-07-12,12
ST-007968,KTLIR2ZX,Daniell Hammack,Prospecting,Engaging,2017-06-30,30
ST-007969,KTLIR2ZX,Daniell Hammack,Engaging,Lost,2017-07-08,8
ST-007970,G2EECJNG,Daniell Hammack,Prospecting,Engaging,2017-06-30,6
ST-007971,G2EECJNG,Daniell Hammack,Engaging,Won,2017-09-27,89
ST-007972,UZN5JBF3,Darcel Schlecht,Prospecting,Engaging,2017-06-30,27
ST-007973,UZN5JBF3,Darcel Schlecht,Engaging,Won,2017-09-29,91
ST-007974,2CZVRGQ4,Darcel Schlecht,Prospecting,Engaging,2017-06-30,28
ST-007975,2CZVRGQ4,Darcel Schlecht,Engaging,Won,2017-07-06,6
ST-007976,K5D2IP27,Elease Gluck,Prospecting,Engaging,2017-06-30,10
ST-007977,K5D2IP27,Elease Gluck,Engaging,Won,2017-07-09,9
ST-007978,PTKOWYW6,Gladys Colclough,Prospecting,Engaging,2017-06-30,9
ST-007979,PTKOWYW6,Gladys Colclough,Engaging,Lost,2017-08-28,59
ST-007980,3T23AW36,James Ascencio,Prospecting,Engaging,2017-06-30,28
ST-007981,G3DIX74Y,James Ascencio,Prospecting,Engaging,2017-06-30,26
ST-007982,G3DIX74Y,James Ascencio,Engaging,Lost,2017-07-08,8
ST-007983,4F8MNVNP,Jonathan Berthelot,Prospecting,Engaging,2017-06-30,21
ST-007984,4F8MNVNP,Jonathan Berthelot,Engaging,Lost,2017-07-07,7
ST-007985,7UL8T1BZ,Markita Hansen,Prospecting,Engaging,2017-06-30,25
ST-007986,7UL8T1BZ,Markita Hansen,Engaging,Lost,2017-07-01,1
ST-007987,4HP16LRH,Marty Freudenburg,Prospecting,Engaging,2017-06-30,14
ST-007988,4HP16LRH,Marty Freudenburg,Engaging,Won,2017-07-09,9
ST-007989,MNTHSHH6,Maureen Marcano,Prospecting,Engaging,2017-06-30,30
ST-007990,MNTHSHH6,Maureen Marcano,Engaging,Won,2017-07-07,7
ST-007991,Q7C5MJ4W,Moses Frase,Prospecting,Engaging,2017-06-30,25
ST-007992,Q7C5MJ4W,Moses Frase,Engaging,Lost,2017-11-01,124
ST-007993,ON9H54WD,Niesha Huffines,Prospecting,Engaging,2017-06-30,22
ST-007994,ON9H54WD,Niesha Huffines,Engaging,Lost,2017-07-01,1
ST-007995,8M3H9UME,Reed Clapper,Prospecting,Engaging,2017-06-30,23
ST-007996,8M3H9UME,Reed Clapper,Engaging,Lost,2017-07-07,7
ST-007997,5J1C46RJ,Reed Clapper,Prospecting,Engaging,2017-06-30,16
ST-007998,5J1C46RJ,Reed Clapper,Engaging,Won,2017-09-19,81
ST-007999,0BSYDRMT,Reed Clapper,Prospecting,Engaging,2017-06-30,8
ST-008000,0BSYDRMT,Reed Clapper,Engaging,Won,2017-09-18,80
ST-008001,NKERC6IA,Reed Clapper,Prospecting,Engaging,2017-06-30,22
ST-008002,NKERC6IA,Reed Clapper,Engaging,Won,2017-07-11,11
ST-008003,H6AN87LE,Rosalina Dieter,Prospecting,Engaging,2017-06-30,7
ST-008004,H6AN87LE,Rosalina Dieter,Engaging,Won,2017-07-09,9
ST-008005,1SSFC7XZ,Rosie Papadopoulos,Prospecting,Engaging,2017-06-30,28
ST-008006,1SSFC7XZ,Rosie Papadopoulos,Engaging,Lost,2017-07-02,2
ST-008007,0XK80WX8,Versie Hillebrand,Prospecting,Engaging,2017-06-30,9
ST-008008,0XK80WX8,Versie Hillebrand,Engaging,Won,2017-07-11,11
ST-008009,X4ARE2PT,Versie Hillebrand,Prospecting,Engaging,2017-06-30,29
ST-008010,X4ARE2PT,Versie Hillebrand,Engaging,Won,2017-07-01,1
ST-008011,KCIFANLK,Vicki Laflamme,Prospecting,Engaging,2017-06-30,9
ST-008012,KCIFANLK,Vicki Laflamme,Engaging,Lost,2017-07-12,12
ST-008013,J7U29ZM5,Violet Mclelland,Prospecting,Engaging,2017-06-30,28
ST-008014,J7U29ZM5,Violet Mclelland,Engaging,Lost,2017-09-23,85
ST-008015,JUHQ1POT,Boris Faz,Prospecting,Engaging,2017-07-01,4
ST-008016,3KVXBQ5V,Boris Faz,Prospecting,Engaging,2017-07-01,21
ST-008017,3KVXBQ5V,Boris Faz,Engaging,Lost,2017-08-15,45
ST-008018,7T9J42UX,Cecily Lampkin,Prospecting,Engaging,2017-07-01,14
ST-008019,7T9J42UX,Cecily Lampkin,Engaging,Won,2017-07-11,10
ST-008020,FOJG3OCO,Corliss Cosme,Prospecting,Engaging,2017-07-01,20
ST-008021,04SCU6DK,Corliss Cosme,Prospecting,Engaging,2017-07-01,11
ST-008022,2J649YC5,Darcel Schlecht,Prospecting,Engaging,2017-07-01,22
ST-008023,2J649YC5,Darcel Schlecht,Engaging,Won,2017-07-11,10
ST-008024,9N66Q1VO,Darcel Schlecht,Prospecting,Engaging,2017-07-01,20
ST-008025,9N66Q1VO,Darcel Schlecht,Engaging,Won,2017-09-23,84
ST-008026,ZWXKCHOO,Donn Cantrell,Prospecting,Engaging,2017-07-01,8
ST-008027,ZWXKCHOO,Donn Cantrell,Engaging,Won,2017-09-25,86
ST-008028,I8OUZNDS,Elease Gluck,Prospecting,Engaging,2017-07-01,13
ST-008029,I8OUZNDS,Elease Gluck,Engaging,Lost,2017-11-03,125
ST-008030,CJZLM3WA,Garret Kinder,Prospecting,Engaging,2017-07-01,25
ST-008031,CJZLM3WA,Garret Kinder,Engaging,Lost,2017-09-16,77
ST-008032,4QTD5X53,Gladys Colclough,Prospecting,Engaging,2017-07-01,12
ST-008033,4QTD5X53,Gladys Colclough,Engaging,Won,2017-07-06,5
ST-008034,AR33M33M,Hayden Neloms,Prospecting,Engaging,2017-07-01,12
ST-008035,LQXWWZGN,Jonathan Berthelot,Prospecting,Engaging,2017-07-01,21
ST-008036,LQXWWZGN,Jonathan Berthelot,Engaging,Lost,2017-07-03,2
ST-008037,NT510FGZ,Jonathan Berthelot,Prospecting,Engaging,2017-07-01,11
ST-008038,NT510FGZ,Jonathan Berthelot,Engaging,Lost,2017-08-27,57
ST-008039,2IQ0ZY9W,Jonathan Berthelot,Prospecting,Engaging,2017-07-01,30
ST-008040,2IQ0ZY9W,Jonathan Berthelot,Engaging,Won,2017-07-11,10
ST-008041,N3TUSU37,Jonathan Berthelot,Prospecting,Engaging,2017-07-01,19
ST-008042,N3TUSU37,Jonathan Berthelot,Engaging,Won,2017-08-11,41
ST-008043,VSYO182N,Kary Hendrixson,Prospecting,Engaging,2017-07-01,24
ST-008044,O6LVMQ5R,Kary Hendrixson,Prospecting,Engaging,2017-07-01,29
ST-008045,O6LVMQ5R,Kary Hendrixson,Engaging,Won,2017-07-07,6
ST-008046,072ELFQF,Lajuana Vencill,Prospecting,Engaging,2017-07-01,6
ST-008047,072ELFQF,Lajuana Vencill,Engaging,Lost,2017-07-03,2
ST-008048,CDFKC6E0,Markita Hansen,Prospecting,Engaging,2017-07-01,7
ST-008049,CDFKC6E0,Markita Hansen,Engaging,Lost,2017-07-03,2
ST-008050,Z005FB1N,Markita Hansen,Prospecting,Engaging,2017-07-01,27
ST-008051,Z005FB1N,Markita Hansen,Engaging,Lost,2017-07-08,7
ST-008052,LYAFXO9B,Markita Hansen,Prospecting,Engaging,2017-07-01,28
ST-008053,LYAFXO9B,Markita Hansen,Engaging,Won,2017-07-12,11
ST-008054,SNY2UWJ2,Markita Hansen,Prospecting,Engaging,2017-07-01,16
ST-008055,SNY2UWJ2,Markita Hansen,Engaging,Won,2017-07-09,8
ST-008056,UFIAFP10,Markita Hansen,Prospecting,Engaging,2017-07-01,4
ST-008057,UFIAFP10,Markita Hansen,Engaging,Won,2017-07-02,1
ST-008058,MG7CZFIG,Markita Hansen,Prospecting,Engaging,2017-07-01,11
ST-008059,MG7CZFIG,Markita Hansen,Engaging,Won,2017-09-30,91
ST-008060,H4U50AEW,Marty Freudenburg,Prospecting,Engaging,2017-07-01,30
ST-008061,H4U50AEW,Marty Freudenburg,Engaging,Won,2017-07-09,8
ST-008062,8PU9FIQS,Marty Freudenburg,Prospecting,Engaging,2017-07-01,23
ST-008063,8PU9FIQS,Marty Freudenburg,Engaging,Won,2017-07-11,10
ST-008064,FBQN3UM3,Maureen Marcano,Prospecting,Engaging,2017-07-01,7
ST-008065,FBQN3UM3,Maureen Marcano,Engaging,Lost,2017-07-07,6
ST-008066,MJ12SZ89,Maureen Marcano,Prospecting,Engaging,2017-07-01,25
ST-008067,MJ12SZ89,Maureen Marcano,Engaging,Won,2017-07-10,9
ST-008068,B6F9PSRN,Maureen Marcano,Prospecting,Engaging,2017-07-01,30
ST-008069,B6F9PSRN,Maureen Marcano,Engaging,Won,2017-08-07,37
ST-008070,RLDIPPFT,Niesha Huffines,Prospecting,Engaging,2017-07-01,7
ST-008071,RLDIPPFT,Niesha Huffines,Engaging,Lost,2017-07-10,9
ST-008072,TKKSOBRC,Niesha Huffines,Prospecting,Engaging,2017-07-01,10
ST-008073,TKKSOBRC,Niesha Huffines,Engaging,Won,2017-07-12,11
ST-008074,FCWU08BA,Reed Clapper,Prospecting,Engaging,2017-07-01,7
ST-008075,FCWU08BA,Reed Clapper,Engaging,Lost,2017-07-03,2
ST-008076,AX63HIS9,Reed Clapper,Prospecting,Engaging,2017-07-01,25
ST-008077,AX63HIS9,Reed Clapper,Engaging,Won,2017-08-23,53
ST-008078,BCA6Y34B,Rosie Papadopoulos,Prospecting,Engaging,2017-07-01,13
ST-008079,1F8MPXZQ,Versie Hillebrand,Prospecting,Engaging,2017-07-01,29
ST-008080,1F8MPXZQ,Versie Hillebrand,Engaging,Lost,2017-07-13,12
ST-008081,H9N9DP3D,Vicki Laflamme,Prospecting,Engaging,2017-07-01,10
ST-008082,YY3ACGA2,Vicki Laflamme,Prospecting,Engaging,2017-07-01,27
ST-008083,YY3ACGA2,Vicki Laflamme,Engaging,Won,2017-07-11,10
ST-008084,6MQA3YYW,Violet Mclelland,Prospecting,Engaging,2017-07-01,29
ST-008085,6MQA3YYW,Violet Mclelland,Engaging,Lost,2017-07-03,2
ST-008086,IM5AGXLX,Wilburn Farren,Prospecting,Engaging,2017-07-01,24
ST-008087,IM5AGXLX,Wilburn Farren,Engaging,Lost,2017-08-06,36
ST-008088,313EIVW4,Anna Snelling,Prospecting,Engaging,2017-07-02,15
ST-008089,313EIVW4,Anna Snelling,Engaging,Lost,2017-07-10,8
ST-008090,NNAYAA7T,Anna Snelling,Prospecting,Engaging,2017-07-02,18
ST-008091,NNAYAA7T,Anna Snelling,Engaging,Lost,2017-07-13,11
ST-008092,019I751P,Anna Snelling,Prospecting,Engaging,2017-07-02,7
ST-008093,019I751P,Anna Snelling,Engaging,Won,2017-07-09,7
ST-008094,WQAKXOYU,Boris Faz,Prospecting,Engaging,2017-07-02,21
ST-008095,5TRALM9T,Boris Faz,Prospecting,Engaging,2017-07-02,23
ST-008096,5TRALM9T,Boris Faz,Engaging,Lost,2017-09-17,77
ST-008097,LWC0UJWD,Cassey Cress,Prospecting,Engaging,2017-07-02,11
ST-008098,LWC0UJWD,Cassey Cress,Engaging,Lost,2017-07-03,1
ST-008099,PI0FYKXU,Cassey Cress,Prospecting,Engaging,2017-07-02,23
ST-008100,PI0FYKXU,Cassey Cress,Engaging,Won,2017-07-04,2
ST-008101,I7QSO0VZ,Cecily Lampkin,Prospecting,Engaging,2017-07-02,16
ST-008102,I7QSO0VZ,Cecily Lampkin,Engaging,Won,2017-07-04,2
ST-008103,HAUB1NBF,Corliss Cosme,Prospecting,Engaging,2017-07-02,15
ST-008104,5AU1SJA7,Corliss Cosme,Prospecting,Engaging,2017-07-02,17
ST-008105,5AU1SJA7,Corliss Cosme,Engaging,Won,2017-07-08,6
ST-008106,Z9S1ZX7W,Daniell Hammack,Prospecting,Engaging,2017-07-02,5
ST-008107,S9N98QU9,Daniell Hammack,Prospecting,Engaging,2017-07-02,23
ST-008108,S9N98QU9,Daniell Hammack,Engaging,Lost,2017-07-03,1
ST-008109,A9Q7ERA4,Darcel Schlecht,Prospecting,Engaging,2017-07-02,28
ST-008110,A9Q7ERA4,Darcel Schlecht,Engaging,Won,2017-07-04,2
ST-008111,HLDA8IA1,Elease Gluck,Prospecting,Engaging,2017-07-02,27
ST-008112,RY8Z6RH2,Elease Gluck,Prospecting,Engaging,2017-07-02,5
ST-008113,RY8Z6RH2,Elease Gluck,Engaging,Lost,2017-07-11,9
ST-008114,9J8O59QW,Gladys Colclough,Prospecting,Engaging,2017-07-02,15
ST-008115,9J8O59QW,Gladys Colclough,Engaging,Lost,2017-08-24,53
ST-008116,KWVYR0LQ,Gladys Colclough,Prospecting,Engaging,2017-07-02,19
ST-008117,KWVYR0LQ,Gladys Colclough,Engaging,Lost,2017-07-03,1
ST-008118,0D95JSVW,James Ascencio,Prospecting,Engaging,2017-07-02,26
ST-008119,0D95JSVW,James Ascencio,Engaging,Won,2017-09-16,76
ST-008120,4EGO7VCJ,Kami Bicknell,Prospecting,Engaging,2017-07-02,11
ST-008121,74JAOLQU,Kami Bicknell,Prospecting,Engaging,2017-07-02,25
ST-008122,74JAOLQU,Kami Bicknell,Engaging,Lost,2017-08-16,45
ST-008123,CMLYDJFN,Kami Bicknell,Prospecting,Engaging,2017-07-02,14
ST-008124,CMLYDJFN,Kami Bicknell,Engaging,Won,2017-08-11,40
ST-008125,HIV4W2E0,Kary Hendrixson,Prospecting,Engaging,2017-07-02,17
ST-008126,TFQEGZ1X,Lajuana Vencill,Prospecting,Engaging,2017-07-02,18
ST-008127,TFQEGZ1X,Lajuana Vencill,Engaging,Lost,2017-07-04,2
ST-008128,5COSD90U,Markita Hansen,Prospecting,Engaging,2017-07-02,13
ST-008129,5COSD90U,Markita Hansen,Engaging,Lost,2017-07-09,7
ST-008130,6TBAKLMX,Niesha Huffines,Prospecting,Engaging,2017-07-02,21
ST-008131,6TBAKLMX,Niesha Huffines,Engaging,Won,2017-09-23,83
ST-008132,B50V1XGA,Vicki Laflamme,Prospecting,Engaging,2017-07-02,3
ST-008133,B50V1XGA,Vicki Laflamme,Engaging,Lost,2017-08-31,60
ST-008134,SOW7H1RP,Vicki Laflamme,Prospecting,Engaging,2017-07-02,30
ST-008135,SOW7H1RP,Vicki Laflamme,Engaging,Lost,2017-07-03,1
ST-008136,OHJGW03I,Violet Mclelland,Prospecting,Engaging,2017-07-02,27
ST-008137,OHJGW03I,Violet Mclelland,Engaging,Won,2017-07-13,11
ST-008138,R6KPUAH7,Zane Levy,Prospecting,Engaging,2017-07-02,30
ST-008139,R6KPUAH7,Zane Levy,Engaging,Lost,2017-07-06,4
ST-008140,AJQC76NI,Zane Levy,Prospecting,Engaging,2017-07-02,26
ST-008141,AJQC76NI,Zane Levy,Engaging,Won,2017-08-26,55
ST-008142,PH5GSB37,Boris Faz,Prospecting,Engaging,2017-07-03,5
ST-008143,PH5GSB37,Boris Faz,Engaging,Won,2017-08-26,54
ST-008144,9OLZU3WB,Cecily Lampkin,Prospecting,Engaging,2017-07-03,26
ST-008145,9OLZU3WB,Cecily Lampkin,Engaging,Won,2017-09-23,82
ST-008146,JDXET5H9,Cecily Lampkin,Prospecting,Engaging,2017-07-03,17
ST-008147,JDXET5H9,Cecily Lampkin,Engaging,Won,2017-08-31,59
ST-008148,8RE1600O,Darcel Schlecht,Prospecting,Engaging,2017-07-03,23
ST-008149,8RE1600O,Darcel Schlecht,Engaging,Lost,2017-07-04,1
ST-008150,NGMC9NSG,Darcel Schlecht,Prospecting,Engaging,2017-07-03,24
ST-008151,NGMC9NSG,Darcel Schlecht,Engaging,Lost,2017-07-12,9
ST-008152,G6FKELQV,Donn Cantrell,Prospecting,Engaging,2017-07-03,25
ST-008153,G6FKELQV,Donn Cantrell,Engaging,Lost,2017-09-25,84
ST-008154,IKNMU8HM,Donn Cantrell,Prospecting,Engaging,2017-07-03,14
ST-008155,IKNMU8HM,Donn Cantrell,Engaging,Lost,2017-09-10,69
ST-008156,AHIDE6VS,Donn Cantrell,Prospecting,Engaging,2017-07-03,30
ST-008157,AHIDE6VS,Donn Cantrell,Engaging,Won,2017-07-12,9
ST-008158,YZJLPVJG,Donn Cantrell,Prospecting,Engaging,2017-07-03,5
ST-008159,YZJLPVJG,Donn Cantrell,Engaging,Won,2017-07-04,1
ST-008160,GOSCKNUX,James Ascencio,Prospecting,Engaging,2017-07-03,28
ST-008161,GOSCKNUX,James Ascencio,Engaging,Lost,2017-07-04,1
ST-008162,GC3IVG7S,James Ascencio,Prospecting,Engaging,2017-07-03,20
ST-008163,GC3IVG7S,James Ascencio,Engaging,Lost,2017-07-05,2
ST-008164,S81YI4QH,James Ascencio,Prospecting,Engaging,2017-07-03,15
ST-008165,S81YI4QH,James Ascencio,Engaging,Lost,2017-07-10,7
ST-008166,M3MJY0CK,James Ascencio,Prospecting,Engaging,2017-07-03,9
ST-008167,M3MJY0CK,James Ascencio,Engaging,Won,2017-09-27,86
ST-008168,H2HNTSIP,Jonathan Berthelot,Prospecting,Engaging,2017-07-03,16
ST-008169,H2HNTSIP,Jonathan Berthelot,Engaging,Won,2017-07-05,2
ST-008170,8APZZ20T,Kami Bicknell,Prospecting,Engaging,2017-07-03,29
ST-008171,8APZZ20T,Kami Bicknell,Engaging,Lost,2017-08-15,43
ST-008172,RABLXW5E,Kami Bicknell,Prospecting,Engaging,2017-07-03,9
ST-008173,RABLXW5E,Kami Bicknell,Engaging,Won,2017-09-02,61
ST-008174,35LLMROC,Kary Hendrixson,Prospecting,Engaging,2017-07-03,18
ST-008175,TJTOVN5K,Kary Hendrixson,Prospecting,Engaging,2017-07-03,11
ST-008176,TJTOVN5K,Kary Hendrixson,Engaging,Won,2017-07-12,9
ST-008177,1IG94UUQ,Kary Hendrixson,Prospecting,Engaging,2017-07-03,13
ST-008178,1IG94UUQ,Kary Hendrixson,Engaging,Won,2017-07-13,10
ST-008179,MN8UHP5B,Kary Hendrixson,Prospecting,Engaging,2017-07-03,29
ST-008180,MN8UHP5B,Kary Hendrixson,Engaging,Won,2017-08-12,40
ST-008181,D7JDQB12,Lajuana Vencill,Prospecting,Engaging,2017-07-03,12
ST-008182,D7JDQB12,Lajuana Vencill,Engaging,Won,2017-09-23,82
ST-008183,GWI45VGH,Lajuana Vencill,Prospecting,Engaging,2017-07-03,13
ST-008184,GWI45VGH,Lajuana Vencill,Engaging,Won,2017-09-02,61
ST-008185,G3TZD0CB,Marty Freudenburg,Prospecting,Engaging,2017-07-03,20
ST-008186,G3TZD0CB,Marty Freudenburg,Engaging,Won,2017-07-11,8
ST-008187,1PAPS9QO,Maureen Marcano,Prospecting,Engaging,2017-07-03,21
ST-008188,1PAPS9QO,Maureen Marcano,Engaging,Lost,2017-07-09,6
ST-008189,WXCEZ7JY,Moses Frase,Prospecting,Engaging,2017-07-03,7
ST-008190,WXCEZ7JY,Moses Frase,Engaging,Won,2017-09-06,65
ST-008191,WR45SVGN,Versie Hillebrand,Prospecting,Engaging,2017-07-03,21
ST-008192,WR45SVGN,Versie Hillebrand,Engaging,Won,2017-11-02,122
ST-008193,WAFSPTW6,Vicki Laflamme,Prospecting,Engaging,2017-07-03,30
ST-008194,WAFSPTW6,Vicki Laflamme,Engaging,Won,2017-07-14,11
ST-008195,5FYPINRL,Violet Mclelland,Prospecting,Engaging,2017-07-03,18
ST-008196,5FYPINRL,Violet Mclelland,Engaging,Lost,2017-07-16,13
ST-008197,VLPSQ076,Wilburn Farren,Prospecting,Engaging,2017-07-03,28
ST-008198,VLPSQ076,Wilburn Farren,Engaging,Lost,2017-07-12,9
ST-008199,3AX6QBR3,Wilburn Farren,Prospecting,Engaging,2017-07-03,13
ST-008200,3AX6QBR3,Wilburn Farren,Engaging,Won,2017-09-07,66
ST-008201,ZY3AVAK0,Zane Levy,Prospecting,Engaging,2017-07-03,24
ST-008202,ZY3AVAK0,Zane Levy,Engaging,Lost,2017-08-22,50
ST-008203,FVCL72VU,Anna Snelling,Prospecting,Engaging,2017-07-04,27
ST-008204,FVCL72VU,Anna Snelling,Engaging,Lost,2017-07-14,10
ST-008205,24OSGLGF,Anna Snelling,Prospecting,Engaging,2017-07-04,4
ST-008206,24OSGLGF,Anna Snelling,Engaging,Won,2017-07-06,2
ST-008207,49T60OCI,Cassey Cress,Prospecting,Engaging,2017-07-04,4
ST-008208,31NQQEEO,Cassey Cress,Prospecting,Engaging,2017-07-04,6
ST-008209,31NQQEEO,Cassey Cress,Engaging,Lost,2017-09-11,69
ST-008210,ADRU5BLP,Darcel Schlecht,Prospecting,Engaging,2017-07-04,23
ST-008211,ADRU5BLP,Darcel Schlecht,Engaging,Lost,2017-07-12,8
ST-008212,AUPXRV8O,Darcel Schlecht,Prospecting,Engaging,2017-07-04,28
ST-008213,AUPXRV8O,Darcel Schlecht,Engaging,Won,2017-09-05,63
ST-008214,CI00UV0Y,Darcel Schlecht,Prospecting,Engaging,2017-07-04,29
ST-008215,CI00UV0Y,Darcel Schlecht,Engaging,Won,2017-07-05,1
ST-008216,VH3C0A8F,Donn Cantrell,Prospecting,Engaging,2017-07-04,17
ST-008217,VH3C0A8F,Donn Cantrell,Engaging,Lost,2017-07-05,1
ST-008218,1E5MFGR7,Donn Cantrell,Prospecting,Engaging,2017-07-04,3
ST-008219,1E5MFGR7,Donn Cantrell,Engaging,Lost,2017-09-26,84
ST-008220,TS2JEK3E,Donn Cantrell,Prospecting,Engaging,2017-07-04,6
ST-008221,TS2JEK3E,Donn Cantrell,Engaging,Won,2017-09-23,81
ST-008222,4R0TB2CL,Donn Cantrell,Prospecting,Engaging,2017-07-04,30
ST-008223,4R0TB2CL,Donn Cantrell,Engaging,Won,2017-07-13,9
ST-008224,5OJ3QR1W,Gladys Colclough,Prospecting,Engaging,2017-07-04,8
ST-008225,5OJ3QR1W,Gladys Colclough,Engaging,Lost,2017-11-03,122
ST-008226,R162LSFR,Kami Bicknell,Prospecting,Engaging,2017-07-04,17
ST-008227,R162LSFR,Kami Bicknell,Engaging,Lost,2017-07-06,2
ST-008228,W07RZO17,Kary Hendrixson,Prospecting,Engaging,2017-07-04,17
ST-008229,X7J3O7TC,Kary Hendrixson,Prospecting,Engaging,2017-07-04,3
ST-008230,X7J3O7TC,Kary Hendrixson,Engaging,Lost,2017-07-11,7
ST-008231,Q7RV0YW6,Kary Hendrixson,Prospecting,Engaging,2017-07-04,16
ST-008232,Q7RV0YW6,Kary Hendrixson,Engaging,Lost,2017-07-10,6
ST-008233,S5E8MBO3,Markita Hansen,Prospecting,Engaging,2017-07-04,9
ST-008234,S5E8MBO3,Markita Hansen,Engaging,Lost,2017-09-19,77
ST-008235,UGB3A3CE,Maureen Marcano,Prospecting,Engaging,2017-07-04,25
ST-008236,QE6A49LE,Moses Frase,Prospecting,Engaging,2017-07-04,7
ST-008237,QE6A49LE,Moses Frase,Engaging,Lost,2017-07-11,7
ST-008238,XGMMHWZC,Moses Frase,Prospecting,Engaging,2017-07-04,23
ST-008239,XGMMHWZC,Moses Frase,Engaging,Won,2017-09-25,83
ST-008240,7MK55ULJ,Moses Frase,Prospecting,Engaging,2017-07-04,12
ST-008241,7MK55ULJ,Moses Frase,Engaging,Won,2017-07-05,1
ST-008242,0VZIDVCC,Moses Frase,Prospecting,Engaging,2017-07-04,8
ST-008243,0VZIDVCC,Moses Frase,Engaging,Won,2017-07-09,5
ST-008244,D1XYQH35,Niesha Huffines,Prospecting,Engaging,2017-07-04,30
ST-008245,D1XYQH35,Niesha Huffines,Engaging,Lost,2017-07-15,11
ST-008246,XAR2VX09,Versie Hillebrand,Prospecting,Engaging,2017-07-04,11
ST-008247,XAR2VX09,Versie Hillebrand,Engaging,Lost,2017-07-06,2
ST-008248,YTQH4YM9,Versie Hillebrand,Prospecting,Engaging,2017-07-04,5
ST-008249,YTQH4YM9,Versie Hillebrand,Engaging,Won,2017-07-05,1
ST-008250,KMLW6GXY,Vicki Laflamme,Prospecting,Engaging,2017-07-04,23
ST-008251,KMLW6GXY,Vicki Laflamme,Engaging,Lost,2017-07-12,8
ST-008252,IG734VZK,Vicki Laflamme,Prospecting,Engaging,2017-07-04,14
ST-008253,IG734VZK,Vicki Laflamme,Engaging,Won,2017-07-14,10
ST-008254,W3C2KLXD,Wilburn Farren,Prospecting,Engaging,2017-07-04,11
ST-008255,W3C2KLXD,Wilburn Farren,Engaging,Won,2017-08-27,54
ST-008256,8Z1SIQSI,Zane Levy,Prospecting,Engaging,2017-07-04,5
ST-008257,8Z1SIQSI,Zane Levy,Engaging,Lost,2017-07-09,5
ST-008258,IZJR1WDM,Zane Levy,Prospecting,Engaging,2017-07-04,14
ST-008259,IZJR1WDM,Zane Levy,Engaging,Won,2017-09-21,79
ST-008260,5MRPZ44K,Anna Snelling,Prospecting,Engaging,2017-07-05,24
ST-008261,5MRPZ44K,Anna Snelling,Engaging,Won,2017-08-28,54
ST-008262,AWORM94L,Cassey Cress,Prospecting,Engaging,2017-07-05,23
ST-008263,W0LFL18P,Cassey Cress,Prospecting,Engaging,2017-07-05,8
ST-008264,W0LFL18P,Cassey Cress,Engaging,Lost,2017-07-12,7
ST-008265,5H9ELV2H,Cassey Cress,Prospecting,Engaging,2017-07-05,4
ST-008266,5H9ELV2H,Cassey Cress,Engaging,Lost,2017-07-13,8
ST-008267,KDDN1E4O,Cassey Cress,Prospecting,Engaging,2017-07-05,15
ST-008268,KDDN1E4O,Cassey Cress,Engaging,Won,2017-07-14,9
ST-008269,S8JALB62,Cassey Cress,Prospecting,Engaging,2017-07-05,23
ST-008270,S8JALB62,Cassey Cress,Engaging,Won,2017-07-06,1
ST-008271,2HPCHBIL,Corliss Cosme,Prospecting,Engaging,2017-07-05,12
ST-008272,2HPCHBIL,Corliss Cosme,Engaging,Lost,2017-07-14,9
ST-008273,Q9JV7YXX,Daniell Hammack,Prospecting,Engaging,2017-07-05,26
ST-008274,Q9JV7YXX,Daniell Hammack,Engaging,Lost,2017-07-16,11
ST-008275,J3N73B00,Darcel Schlecht,Prospecting,Engaging,2017-07-05,25
ST-008276,J3N73B00,Darcel Schlecht,Engaging,Won,2017-08-29,55
ST-008277,STG85Q0N,Donn Cantrell,Prospecting,Engaging,2017-07-05,27
ST-008278,STG85Q0N,Donn Cantrell,Engaging,Lost,2017-07-06,1
ST-008279,VMI5QYS3,Donn Cantrell,Prospecting,Engaging,2017-07-05,10
ST-008280,VMI5QYS3,Donn Cantrell,Engaging,Lost,2017-07-09,4
ST-008281,09W047QT,Donn Cantrell,Prospecting,Engaging,2017-07-05,16
ST-008282,09W047QT,Donn Cantrell,Engaging,Won,2017-08-10,36
ST-008283,VXOZC2CN,Garret Kinder,Prospecting,Engaging,2017-07-05,23
ST-008284,VXOZC2CN,Garret Kinder,Engaging,Won,2017-09-29,86
ST-008285,JAMW5SWB,James Ascencio,Prospecting,Engaging,2017-07-05,5
ST-008286,JAMW5SWB,James Ascencio,Engaging,Won,2017-07-06,1
ST-008287,WCKKFSVL,Jonathan Berthelot,Prospecting,Engaging,2017-07-05,25
ST-008288,WCKKFSVL,Jonathan Berthelot,Engaging,Lost,2017-07-06,1
ST-008289,GVCWDG9Y,Jonathan Berthelot,Prospecting,Engaging,2017-07-05,6
ST-008290,GVCWDG9Y,Jonathan Berthelot,Engaging,Won,2017-07-17,12
ST-008291,SXYJU7LC,Kami Bicknell,Prospecting,Engaging,2017-07-05,3
ST-008292,UEXJN3Y6,Kami Bicknell,Prospecting,Engaging,2017-07-05,9
ST-008293,UEXJN3Y6,Kami Bicknell,Engaging,Won,2017-07-12,7
ST-008294,QP0QCP8Y,Kary Hendrixson,Prospecting,Engaging,2017-07-05,18
ST-008295,MCQGU5EA,Kary Hendrixson,Prospecting,Engaging,2017-07-05,5
ST-008296,MCQGU5EA,Kary Hendrixson,Engaging,Won,2017-07-15,10
ST-008297,M0IN22XH,Kary Hendrixson,Prospecting,Engaging,2017-07-05,7
ST-008298,M0IN22XH,Kary Hendrixson,Engaging,Won,2017-09-26,83
ST-008299,8HWWW76K,Lajuana Vencill,Prospecting,Engaging,2017-07-05,21
ST-008300,8HWWW76K,Lajuana Vencill,Engaging,Lost,2017-07-07,2
ST-008301,707CQDQK,Markita Hansen,Prospecting,Engaging,2017-07-05,10
ST-008302,707CQDQK,Markita Hansen,Engaging,Lost,2017-08-23,49
ST-008303,4PTCB3CS,Marty Freudenburg,Prospecting,Engaging,2017-07-05,19
ST-008304,4PTCB3CS,Marty Freudenburg,Engaging,Lost,2017-07-13,8
ST-008305,IEB855X8,Marty Freudenburg,Prospecting,Engaging,2017-07-05,24
ST-008306,IEB855X8,Marty Freudenburg,Engaging,Won,2017-08-08,34
ST-008307,IDA8D96H,Maureen Marcano,Prospecting,Engaging,2017-07-05,17
ST-008308,IDA8D96H,Maureen Marcano,Engaging,Lost,2017-07-13,8
ST-008309,DLQNAOWB,Rosalina Dieter,Prospecting,Engaging,2017-07-05,3
ST-008310,DLQNAOWB,Rosalina Dieter,Engaging,Lost,2017-07-07,2
ST-008311,K7056XS7,Rosie Papadopoulos,Prospecting,Engaging,2017-07-05,3
ST-008312,R9V8QAPK,Rosie Papadopoulos,Prospecting,Engaging,2017-07-05,25
ST-008313,R9V8QAPK,Rosie Papadopoulos,Engaging,Won,2017-07-14,9
ST-008314,P6KXSJPD,Versie Hillebrand,Prospecting,Engaging,2017-07-05,13
ST-008315,P6KXSJPD,Versie Hillebrand,Engaging,Lost,2017-07-10,5
ST-008316,KM0RKC4Q,Vicki Laflamme,Prospecting,Engaging,2017-07-05,29
ST-008317,KM0RKC4Q,Vicki Laflamme,Engaging,Lost,2017-07-06,1
ST-008318,58TUIJ6D,Zane Levy,Prospecting,Engaging,2017-07-05,6
ST-008319,58TUIJ6D,Zane Levy,Engaging,Lost,2017-07-17,12
ST-008320,BXOIQHTS,Zane Levy,Prospecting,Engaging,2017-07-05,30
ST-008321,BXOIQHTS,Zane Levy,Engaging,Won,2017-09-20,77
ST-008322,CC3B5DSU,Anna Snelling,Prospecting,Engaging,2017-07-06,16
ST-008323,CC3B5DSU,Anna Snelling,Engaging,Lost,2017-07-16,10
ST-008324,GLM4XZLI,Cassey Cress,Prospecting,Engaging,2017-07-06,25
ST-008325,GLM4XZLI,Cassey Cress,Engaging,Lost,2017-07-07,1
ST-008326,K8VBNOW9,Cassey Cress,Prospecting,Engaging,2017-07-06,7
ST-008327,K8VBNOW9,Cassey Cress,Engaging,Won,2017-09-01,57
ST-008328,3GEDSDVN,Cecily Lampkin,Prospecting,Engaging,2017-07-06,18
ST-008329,3GEDSDVN,Cecily Lampkin,Engaging,Won,2017-07-08,2
ST-008330,R0ZYAJFM,Cecily Lampkin,Prospecting,Engaging,2017-07-06,5
ST-008331,R0ZYAJFM,Cecily Lampkin,Engaging,Won,2017-07-14,8
ST-008332,BRFZCNMP,Corliss Cosme,Prospecting,Engaging,2017-07-06,10
ST-008333,R8X2RVQ2,Corliss Cosme,Prospecting,Engaging,2017-07-06,15
ST-008334,R8X2RVQ2,Corliss Cosme,Engaging,Lost,2017-07-15,9
ST-008335,E2KGQVEO,Daniell Hammack,Prospecting,Engaging,2017-07-06,5
ST-008336,DFG6OP8T,Daniell Hammack,Prospecting,Engaging,2017-07-06,26
ST-008337,DFG6OP8T,Daniell Hammack,Engaging,Lost,2017-07-18,12
ST-008338,JB4MECWM,Daniell Hammack,Prospecting,Engaging,2017-07-06,28
ST-008339,JB4MECWM,Daniell Hammack,Engaging,Lost,2017-07-07,1
ST-008340,CDGA1SD7,Darcel Schlecht,Prospecting,Engaging,2017-07-06,6
ST-008341,CDGA1SD7,Darcel Schlecht,Engaging,Won,2017-09-12,68
ST-008342,SBILEY2W,Darcel Schlecht,Prospecting,Engaging,2017-07-06,6
ST-008343,SBILEY2W,Darcel Schlecht,Engaging,Won,2017-07-12,6
ST-008344,JMTKEPXF,Donn Cantrell,Prospecting,Engaging,2017-07-06,13
ST-008345,JMTKEPXF,Donn Cantrell,Engaging,Won,2017-07-17,11
ST-008346,937CNF5D,Garret Kinder,Prospecting,Engaging,2017-07-06,14
ST-008347,937CNF5D,Garret Kinder,Engaging,Won,2017-07-14,8
ST-008348,EQ399D3M,Hayden Neloms,Prospecting,Engaging,2017-07-06,12
ST-008349,EQ399D3M,Hayden Neloms,Engaging,Won,2017-07-14,8
ST-008350,DOVNGYN4,Kami Bicknell,Prospecting,Engaging,2017-07-06,7
ST-008351,DOVNGYN4,Kami Bicknell,Engaging,Lost,2017-07-12,6
ST-008352,A0IS9TWV,Kary Hendrixson,Prospecting,Engaging,2017-07-06,15
ST-008353,A0IS9TWV,Kary Hendrixson,Engaging,Lost,2017-07-16,10
ST-008354,E7TDBIDS,Kary Hendrixson,Prospecting,Engaging,2017-07-06,27
ST-008355,E7TDBIDS,Kary Hendrixson,Engaging,Won,2017-09-06,62
ST-008356,TIFPUXSQ,Marty Freudenburg,Prospecting,Engaging,2017-07-06,29
ST-008357,TIFPUXSQ,Marty Freudenburg,Engaging,Lost,2017-07-07,1
ST-008358,LXDCC260,Marty Freudenburg,Prospecting,Engaging,2017-07-06,27
ST-008359,LXDCC260,Marty Freudenburg,Engaging,Won,2017-07-07,1
ST-008360,81PWOUF0,Maureen Marcano,Prospecting,Engaging,2017-07-06,30
ST-008361,1Z72JRDI,Maureen Marcano,Prospecting,Engaging,2017-07-06,7
ST-008362,1Z72JRDI,Maureen Marcano,Engaging,Won,2017-07-16,10
ST-008363,XTBADYHW,Moses Frase,Prospecting,Engaging,2017-07-06,23
ST-008364,XTBADYHW,Moses Frase,Engaging,Lost,2017-07-17,11
ST-008365,PPDU7OWD,Moses Frase,Prospecting,Engaging,2017-07-06,24
ST-008366,PPDU7OWD,Moses Frase,Engaging,Lost,2017-07-13,7
ST-008367,CJ05Q2G5,Rosalina Dieter,Prospecting,Engaging,2017-07-06,7
ST-008368,CJ05Q2G5,Rosalina Dieter,Engaging,Lost,2017-07-11,5
ST-008369,MON3JWUF,Vicki Laflamme,Prospecting,Engaging,2017-07-06,5
ST-008370,MON3JWUF,Vicki Laflamme,Engaging,Won,2017-07-13,7
ST-008371,SFMKU2FV,Violet Mclelland,Prospecting,Engaging,2017-07-06,19
ST-008372,SFMKU2FV,Violet Mclelland,Engaging,Lost,2017-07-16,10
ST-008373,9FH2VYQQ,Zane Levy,Prospecting,Engaging,2017-07-06,21
ST-008374,9FH2VYQQ,Zane Levy,Engaging,Lost,2017-07-13,7
ST-008375,PMVKMS6A,Zane Levy,Prospecting,Engaging,2017-07-06,3
ST-008376,PMVKMS6A,Zane Levy,Engaging,Won,2017-09-27,83
ST-008377,E62A05BH,Anna Snelling,Prospecting,Engaging,2017-07-07,22
ST-008378,E62A05BH,Anna Snelling,Engaging,Lost,2017-07-15,8
ST-008379,U3GCADFV,Anna Snelling,Prospecting,Engaging,2017-07-07,23
ST-008380,U3GCADFV,Anna Snelling,Engaging,Lost,2017-07-13,6
ST-008381,CFI2GXN1,Boris Faz,Prospecting,Engaging,2017-07-07,8
ST-008382,611J0LEK,Boris Faz,Prospecting,Engaging,2017-07-07,17
ST-008383,611J0LEK,Boris Faz,Engaging,Won,2017-07-09,2
ST-008384,5M5TW9RC,Cassey Cress,Prospecting,Engaging,2017-07-07,14
ST-008385,ZWA2ES4F,Cassey Cress,Prospecting,Engaging,2017-07-07,26
ST-008386,ZWA2ES4F,Cassey Cress,Engaging,Won,2017-09-07,62
ST-008387,LNT5B9XY,Cecily Lampkin,Prospecting,Engaging,2017-07-07,9
ST-008388,LNT5B9XY,Cecily Lampkin,Engaging,Lost,2017-07-17,10
ST-008389,CPQ348W9,Cecily Lampkin,Prospecting,Engaging,2017-07-07,23
ST-008390,CPQ348W9,Cecily Lampkin,Engaging,Won,2017-07-15,8
ST-008391,UZ0MRAFU,Cecily Lampkin,Prospecting,Engaging,2017-07-07,26
ST-008392,UZ0MRAFU,Cecily Lampkin,Engaging,Won,2017-09-18,73
ST-008393,VFO5EK6R,Corliss Cosme,Prospecting,Engaging,2017-07-07,7
ST-008394,VFO5EK6R,Corliss Cosme,Engaging,Lost,2017-07-14,7
ST-008395,GE5SORJX,Corliss Cosme,Prospecting,Engaging,2017-07-07,16
ST-008396,GE5SORJX,Corliss Cosme,Engaging,Won,2017-09-17,72
ST-008397,03O9FNTZ,Daniell Hammack,Prospecting,Engaging,2017-07-07,22
ST-008398,03O9FNTZ,Daniell Hammack,Engaging,Won,2017-07-09,2
ST-008399,FIQIRK37,Daniell Hammack,Prospecting,Engaging,2017-07-07,24
ST-008400,FIQIRK37,Daniell Hammack,Engaging,Won,2017-07-08,1
ST-008401,M6J6VNVQ,Donn Cantrell,Prospecting,Engaging,2017-07-07,17
ST-008402,M6J6VNVQ,Donn Cantrell,Engaging,Won,2017-09-08,63
ST-008403,S767XDO3,Elease Gluck,Prospecting,Engaging,2017-07-07,30
ST-008404,S767XDO3,Elease Gluck,Engaging,Lost,2017-09-07,62
ST-008405,ZPKCSV3R,Jonathan Berthelot,Prospecting,Engaging,2017-07-07,9
ST-008406,ZPKCSV3R,Jonathan Berthelot,Engaging,Won,2017-07-11,4
ST-008407,CLA3RTMS,Kami Bicknell,Prospecting,Engaging,2017-07-07,5
ST-008408,CLA3RTMS,Kami Bicknell,Engaging,Lost,2017-07-09,2
ST-008409,K1K48OTP,Kary Hendrixson,Prospecting,Engaging,2017-07-07,6
ST-008410,OJWV4RT2,Kary Hendrixson,Prospecting,Engaging,2017-07-07,7
ST-008411,OJWV4RT2,Kary Hendrixson,Engaging,Lost,2017-07-09,2
ST-008412,PMQCN4PR,Kary Hendrixson,Prospecting,Engaging,2017-07-07,27
ST-008413,PMQCN4PR,Kary Hendrixson,Engaging,Won,2017-07-09,2
ST-008414,CBIFB5BB,Kary Hendrixson,Prospecting,Engaging,2017-07-07,6
ST-008415,CBIFB5BB,Kary Hendrixson,Engaging,Won,2017-07-17,10
ST-008416,BSVZWUXR,Lajuana Vencill,Prospecting,Engaging,2017-07-07,21
ST-008417,BSVZWUXR,Lajuana Vencill,Engaging,Won,2017-09-11,66
ST-008418,PU2UJDTV,Markita Hansen,Prospecting,Engaging,2017-07-07,26
ST-008419,PU2UJDTV,Markita Hansen,Engaging,Won,2017-09-05,60
ST-008420,LN9NU0A8,Marty Freudenburg,Prospecting,Engaging,2017-07-07,15
ST-008421,LN9NU0A8,Marty Freudenburg,Engaging,Won,2017-07-17,10
ST-008422,KD27RNU9,Moses Frase,Prospecting,Engaging,2017-07-07,14
ST-008423,KD27RNU9,Moses Frase,Engaging,Lost,2017-07-15,8
ST-008424,FN50OJHN,Niesha Huffines,Prospecting,Engaging,2017-07-07,16
ST-008425,FN50OJHN,Niesha Huffines,Engaging,Won,2017-07-11,4
ST-008426,YA68AAQK,Reed Clapper,Prospecting,Engaging,2017-07-07,13
ST-008427,YA68AAQK,Reed Clapper,Engaging,Lost,2017-09-17,72
ST-008428,90K2ZTKB,Rosalina Dieter,Prospecting,Engaging,2017-07-07,28
ST-008429,90K2ZTKB,Rosalina Dieter,Engaging,Won,2017-09-11,66
ST-008430,YYTZSTL0,Rosie Papadopoulos,Prospecting,Engaging,2017-07-07,7
ST-008431,1M0THQSZ,Vicki Laflamme,Prospecting,Engaging,2017-07-07,10
ST-008432,1M0THQSZ,Vicki Laflamme,Engaging,Lost,2017-07-09,2
ST-008433,Y1GEH2EG,Vicki Laflamme,Prospecting,Engaging,2017-07-07,11
ST-008434,Y1GEH2EG,Vicki Laflamme,Engaging,Won,2017-07-13,6
ST-008435,ORM1IRQ2,Violet Mclelland,Prospecting,Engaging,2017-07-07,23
ST-008436,593L4BNI,Violet Mclelland,Prospecting,Engaging,2017-07-07,5
ST-008437,593L4BNI,Violet Mclelland,Engaging,Lost,2017-07-14,7
ST-008438,83EZC8YK,Violet Mclelland,Prospecting,Engaging,2017-07-07,10
ST-008439,83EZC8YK,Violet Mclelland,Engaging,Lost,2017-07-15,8
ST-008440,4MTCQ31T,Anna Snelling,Prospecting,Engaging,2017-07-08,20
ST-008441,4MTCQ31T,Anna Snelling,Engaging,Won,2017-11-06,121
ST-008442,QU220OFI,Boris Faz,Prospecting,Engaging,2017-07-08,22
ST-008443,TJYNW3C7,Cassey Cress,Prospecting,Engaging,2017-07-08,22
ST-008444,TJYNW3C7,Cassey Cress,Engaging,Lost,2017-07-15,7
ST-008445,COGZW25D,Cassey Cress,Prospecting,Engaging,2017-07-08,26
ST-008446,COGZW25D,Cassey Cress,Engaging,Won,2017-07-16,8
ST-008447,B3A6VXVQ,Corliss Cosme,Prospecting,Engaging,2017-07-08,22
ST-008448,O83AR1CC,Corliss Cosme,Prospecting,Engaging,2017-07-08,12
ST-008449,O83AR1CC,Corliss Cosme,Engaging,Lost,2017-07-09,1
ST-008450,BOG3D6D7,Corliss Cosme,Prospecting,Engaging,2017-07-08,27
ST-008451,BOG3D6D7,Corliss Cosme,Engaging,Won,2017-07-19,11
ST-008452,J03H7OQF,Darcel Schlecht,Prospecting,Engaging,2017-07-08,25
ST-008453,J03H7OQF,Darcel Schlecht,Engaging,Won,2017-07-16,8
ST-008454,DJXM9LIW,Donn Cantrell,Prospecting,Engaging,2017-07-08,3
ST-008455,DJXM9LIW,Donn Cantrell,Engaging,Won,2017-07-14,6
ST-008456,6XH71PH8,Donn Cantrell,Prospecting,Engaging,2017-07-08,30
ST-008457,6XH71PH8,Donn Cantrell,Engaging,Won,2017-09-28,82
ST-008458,AW1U6QKR,Donn Cantrell,Prospecting,Engaging,2017-07-08,30
ST-008459,AW1U6QKR,Donn Cantrell,Engaging,Won,2017-07-14,6
ST-008460,MAVEITJH,Elease Gluck,Prospecting,Engaging,2017-07-08,24
ST-008461,MAVEITJH,Elease Gluck,Engaging,Won,2017-09-09,63
ST-008462,GUJNYTXN,Garret Kinder,Prospecting,Engaging,2017-07-08,12
ST-008463,GUJNYTXN,Garret Kinder,Engaging,Won,2017-07-09,1
ST-008464,QKXCMJVB,James Ascencio,Prospecting,Engaging,2017-07-08,9
ST-008465,ELLLRB7A,James Ascencio,Prospecting,Engaging,2017-07-08,19
ST-008466,ELLLRB7A,James Ascencio,Engaging,Won,2017-08-29,52
ST-008467,F4EHCQIC,James Ascencio,Prospecting,Engaging,2017-07-08,22
ST-008468,F4EHCQIC,James Ascencio,Engaging,Won,2017-07-16,8
ST-008469,EHC9KQDN,Jonathan Berthelot,Prospecting,Engaging,2017-07-08,19
ST-008470,EHC9KQDN,Jonathan Berthelot,Engaging,Lost,2017-07-09,1
ST-008471,MBLFZPU2,Jonathan Berthelot,Prospecting,Engaging,2017-07-08,9
ST-008472,MBLFZPU2,Jonathan Berthelot,Engaging,Lost,2017-09-12,66
ST-008473,L0SOZL9A,Kary Hendrixson,Prospecting,Engaging,2017-07-08,26
ST-008474,L0SOZL9A,Kary Hendrixson,Engaging,Lost,2017-09-28,82
ST-008475,00XBYXIB,Kary Hendrixson,Prospecting,Engaging,2017-07-08,15
ST-008476,00XBYXIB,Kary Hendrixson,Engaging,Won,2017-07-09,1
ST-008477,ASN7OCWQ,Markita Hansen,Prospecting,Engaging,2017-07-08,12
ST-008478,ASN7OCWQ,Markita Hansen,Engaging,Lost,2017-07-15,7
ST-008479,SHS9HQX4,Maureen Marcano,Prospecting,Engaging,2017-07-08,23
ST-008480,SHS9HQX4,Maureen Marcano,Engaging,Won,2017-09-19,73
ST-008481,JYEQFGS5,Reed Clapper,Prospecting,Engaging,2017-07-08,4
ST-008482,JYEQFGS5,Reed Clapper,Engaging,Lost,2017-07-17,9
ST-008483,S9DVJGUO,Reed Clapper,Prospecting,Engaging,2017-07-08,28
ST-008484,S9DVJGUO,Reed Clapper,Engaging,Won,2017-07-15,7
ST-008485,0YPN92QB,Rosalina Dieter,Prospecting,Engaging,2017-07-08,28
ST-008486,0YPN92QB,Rosalina Dieter,Engaging,Lost,2017-07-10,2
ST-008487,UIA0FO51,Rosie Papadopoulos,Prospecting,Engaging,2017-07-08,10
ST-008488,UIA0FO51,Rosie Papadopoulos,Engaging,Won,2017-07-09,1
ST-008489,48J7F1A2,Vicki Laflamme,Prospecting,Engaging,2017-07-08,18
ST-008490,48J7F1A2,Vicki Laflamme,Engaging,Won,2017-08-31,54
ST-008491,0D37PQA0,Violet Mclelland,Prospecting,Engaging,2017-07-08,15
ST-008492,D193SPY4,Violet Mclelland,Prospecting,Engaging,2017-07-08,6
ST-008493,SFIMNCPZ,Violet Mclelland,Prospecting,Engaging,2017-07-08,10
ST-008494,SFIMNCPZ,Violet Mclelland,Engaging,Lost,2017-07-10,2
ST-008495,57NT8T8S,Zane Levy,Prospecting,Engaging,2017-07-08,18
ST-008496,57NT8T8S,Zane Levy,Engaging,Lost,2017-07-16,8
ST-008497,7GLF1GBJ,Zane Levy,Prospecting,Engaging,2017-07-08,23
ST-008498,7GLF1GBJ,Zane Levy,Engaging,Lost,2017-07-16,8
ST-008499,YST07PM6,Zane Levy,Prospecting,Engaging,2017-07-08,22
ST-008500,YST07PM6,Zane Levy,Engaging,Lost,2017-07-17,9
ST-008501,HPU7RQG6,Zane Levy,Prospecting,Engaging,2017-07-08,5
ST-008502,HPU7RQG6,Zane Levy,Engaging,Lost,2017-07-15,7
ST-008503,6Z1XK6YR,Zane Levy,Prospecting,Engaging,2017-07-08,19
ST-008504,6Z1XK6YR,Zane Levy,Engaging,Lost,2017-11-09,124
ST-008505,045D5MZO,Zane Levy,Prospecting,Engaging,2017-07-08,3
ST-008506,045D5MZO,Zane Levy,Engaging,Won,2017-07-17,9
ST-008507,K1UREXI5,Anna Snelling,Prospecting,Engaging,2017-07-09,14
ST-008508,K1UREXI5,Anna Snelling,Engaging,Won,2017-09-16,69
ST-008509,M7Y1LHHA,Boris Faz,Prospecting,Engaging,2017-07-09,13
ST-008510,M7Y1LHHA,Boris Faz,Engaging,Won,2017-07-16,7
ST-008511,NK1B8YME,Cassey Cress,Prospecting,Engaging,2017-07-09,7
ST-008512,WP6SUIMC,Cassey Cress,Prospecting,Engaging,2017-07-09,15
ST-008513,WP6SUIMC,Cassey Cress,Engaging,Lost,2017-07-15,6
ST-008514,SGI5I4X1,Corliss Cosme,Prospecting,Engaging,2017-07-09,30
ST-008515,SGI5I4X1,Corliss Cosme,Engaging,Won,2017-07-10,1
ST-008516,U07VUUGP,Corliss Cosme,Prospecting,Engaging,2017-07-09,29
ST-008517,U07VUUGP,Corliss Cosme,Engaging,Won,2017-07-15,6
ST-008518,SEC6K7X2,Corliss Cosme,Prospecting,Engaging,2017-07-09,21
ST-008519,SEC6K7X2,Corliss Cosme,Engaging,Won,2017-07-18,9
ST-008520,OT26ZUZ7,Daniell Hammack,Prospecting,Engaging,2017-07-09,16
ST-008521,MXVBWIE5,Darcel Schlecht,Prospecting,Engaging,2017-07-09,14
ST-008522,MXVBWIE5,Darcel Schlecht,Engaging,Won,2017-09-08,61
ST-008523,794F5VJB,Donn Cantrell,Prospecting,Engaging,2017-07-09,20
ST-008524,794F5VJB,Donn Cantrell,Engaging,Won,2017-08-31,53
ST-008525,TNEB1XNK,Donn Cantrell,Prospecting,Engaging,2017-07-09,24
ST-008526,TNEB1XNK,Donn Cantrell,Engaging,Won,2017-09-18,71
ST-008527,P60PIE95,Donn Cantrell,Prospecting,Engaging,2017-07-09,8
ST-008528,P60PIE95,Donn Cantrell,Engaging,Won,2017-09-16,69
ST-008529,HI9S2MRZ,Elease Gluck,Prospecting,Engaging,2017-07-09,27
ST-008530,QKOAWRXD,Gladys Colclough,Prospecting,Engaging,2017-07-09,18
ST-008531,QKOAWRXD,Gladys Colclough,Engaging,Lost,2017-07-17,8
ST-008532,NC7V5K1T,Gladys Colclough,Prospecting,Engaging,2017-07-09,27
ST-008533,NC7V5K1T,Gladys Colclough,Engaging,Won,2017-08-28,50
ST-008534,XTAPYDDI,Gladys Colclough,Prospecting,Engaging,2017-07-09,5
ST-008535,XTAPYDDI,Gladys Colclough,Engaging,Won,2017-07-11,2
ST-008536,0CTHPQGT,Jonathan Berthelot,Prospecting,Engaging,2017-07-09,3
ST-008537,0CTHPQGT,Jonathan Berthelot,Engaging,Won,2017-07-19,10
ST-008538,N9KFOKLS,Kami Bicknell,Prospecting,Engaging,2017-07-09,21
ST-008539,N9KFOKLS,Kami Bicknell,Engaging,Lost,2017-07-14,5
ST-008540,02SSRMSA,Lajuana Vencill,Prospecting,Engaging,2017-07-09,5
ST-008541,02SSRMSA,Lajuana Vencill,Engaging,Won,2017-07-13,4
ST-008542,HBJPBF3P,Marty Freudenburg,Prospecting,Engaging,2017-07-09,3
ST-008543,HBJPBF3P,Marty Freudenburg,Engaging,Won,2017-09-01,54
ST-008544,E6D2DBXF,Moses Frase,Prospecting,Engaging,2017-07-09,11
ST-008545,E6D2DBXF,Moses Frase,Engaging,Lost,2017-07-13,4
ST-008546,OUMM04QV,Moses Frase,Prospecting,Engaging,2017-07-09,9
ST-008547,OUMM04QV,Moses Frase,Engaging,Won,2017-07-18,9
ST-008548,TZQWGMG7,Niesha Huffines,Prospecting,Engaging,2017-07-09,4
ST-008549,TZQWGMG7,Niesha Huffines,Engaging,Lost,2017-07-19,10
ST-008550,66KFPHBT,Niesha Huffines,Prospecting,Engaging,2017-07-09,4
ST-008551,66KFPHBT,Niesha Huffines,Engaging,Won,2017-09-24,77
ST-008552,WL4TLMUC,Reed Clapper,Prospecting,Engaging,2017-07-09,28
ST-008553,WL4TLMUC,Reed Clapper,Engaging,Lost,2017-07-17,8
ST-008554,6AO6E15O,Rosalina Dieter,Prospecting,Engaging,2017-07-09,15
ST-008555,OW9OM3UO,Rosalina Dieter,Prospecting,Engaging,2017-07-09,19
ST-008556,HXMJ5048,Vicki Laflamme,Prospecting,Engaging,2017-07-09,12
ST-008557,HXMJ5048,Vicki Laflamme,Engaging,Lost,2017-07-17,8
ST-008558,CQYAMIQ3,Zane Levy,Prospecting,Engaging,2017-07-09,23
ST-008559,6178B4JM,Anna Snelling,Prospecting,Engaging,2017-07-10,25
ST-008560,6178B4JM,Anna Snelling,Engaging,Won,2017-07-17,7
ST-008561,WC7KCJ2N,Boris Faz,Prospecting,Engaging,2017-07-10,19
ST-008562,WC7KCJ2N,Boris Faz,Engaging,Won,2017-07-21,11
ST-008563,5GBVA3ZZ,Cassey Cress,Prospecting,Engaging,2017-07-10,27
ST-008564,5GBVA3ZZ,Cassey Cress,Engaging,Lost,2017-07-23,13
ST-008565,B7WWPCO6,Cecily Lampkin,Prospecting,Engaging,2017-07-10,16
ST-008566,B7WWPCO6,Cecily Lampkin,Engaging,Lost,2017-07-23,13
ST-008567,152DN1FE,Darcel Schlecht,Prospecting,Engaging,2017-07-10,16
ST-008568,152DN1FE,Darcel Schlecht,Engaging,Lost,2017-07-12,2
ST-008569,3NJHQZT6,Darcel Schlecht,Prospecting,Engaging,2017-07-10,25
ST-008570,3NJHQZT6,Darcel Schlecht,Engaging,Lost,2017-07-17,7
ST-008571,9GOWJ93R,Darcel Schlecht,Prospecting,Engaging,2017-07-10,15
ST-008572,9GOWJ93R,Darcel Schlecht,Engaging,Won,2017-09-03,55
ST-008573,QAB3H9H5,Gladys Colclough,Prospecting,Engaging,2017-07-10,5
ST-008574,QAB3H9H5,Gladys Colclough,Engaging,Lost,2017-07-11,1
ST-008575,9B9VDAFU,Gladys Colclough,Prospecting,Engaging,2017-07-10,23
ST-008576,9B9VDAFU,Gladys Colclough,Engaging,Won,2017-07-18,8
ST-008577,L9F6QP4P,Gladys Colclough,Prospecting,Engaging,2017-07-10,20
ST-008578,L9F6QP4P,Gladys Colclough,Engaging,Won,2017-07-19,9
ST-008579,1D5AYQO6,Hayden Neloms,Prospecting,Engaging,2017-07-10,20
ST-008580,1D5AYQO6,Hayden Neloms,Engaging,Won,2017-07-19,9
ST-008581,6WR7JQ3C,James Ascencio,Prospecting,Engaging,2017-07-10,22
ST-008582,6WR7JQ3C,James Ascencio,Engaging,Won,2017-11-03,116
ST-008583,Y2XXRYMX,Kami Bicknell,Prospecting,Engaging,2017-07-10,7
ST-008584,Y2XXRYMX,Kami Bicknell,Engaging,Lost,2017-11-11,124
ST-008585,Z9DK5289,Kami Bicknell,Prospecting,Engaging,2017-07-10,11
ST-008586,Z9DK5289,Kami Bicknell,Engaging,Lost,2017-07-12,2
ST-008587,MN34I4DD,Kami Bicknell,Prospecting,Engaging,2017-07-10,5
ST-008588,MN34I4DD,Kami Bicknell,Engaging,Won,2017-09-22,74
ST-008589,9CQ6TMET,Kami Bicknell,Prospecting,Engaging,2017-07-10,12
ST-008590,9CQ6TMET,Kami Bicknell,Engaging,Won,2017-07-11,1
ST-008591,N54HHLC4,Kary Hendrixson,Prospecting,Engaging,2017-07-10,5
ST-008592,N54HHLC4,Kary Hendrixson,Engaging,Lost,2017-07-12,2
ST-008593,TPP1IGKV,Kary Hendrixson,Prospecting,Engaging,2017-07-10,19
ST-008594,TPP1IGKV,Kary Hendrixson,Engaging,Lost,2017-07-17,7
ST-008595,9USDNUBL,Markita Hansen,Prospecting,Engaging,2017-07-10,9
ST-008596,9USDNUBL,Markita Hansen,Engaging,Lost,2017-08-29,50
ST-008597,Q82O5QTN,Marty Freudenburg,Prospecting,Engaging,2017-07-10,28
ST-008598,Q82O5QTN,Marty Freudenburg,Engaging,Lost,2017-07-12,2
ST-008599,2HVDAY4L,Moses Frase,Prospecting,Engaging,2017-07-10,7
ST-008600,2HVDAY4L,Moses Frase,Engaging,Lost,2017-07-21,11
ST-008601,0FGWN6O0,Moses Frase,Prospecting,Engaging,2017-07-10,20
ST-008602,0FGWN6O0,Moses Frase,Engaging,Won,2017-07-19,9
ST-008603,FQXZBTEG,Reed Clapper,Prospecting,Engaging,2017-07-10,13
ST-008604,FQXZBTEG,Reed Clapper,Engaging,Lost,2017-07-18,8
ST-008605,8IGYTN3H,Reed Clapper,Prospecting,Engaging,2017-07-10,15
ST-008606,8IGYTN3H,Reed Clapper,Engaging,Won,2017-07-17,7
ST-008607,QV3TAWDT,Rosie Papadopoulos,Prospecting,Engaging,2017-07-10,21
ST-008608,OTNZ5ZCN,Vicki Laflamme,Prospecting,Engaging,2017-07-10,23
ST-008609,OTNZ5ZCN,Vicki Laflamme,Engaging,Won,2017-09-06,58
ST-008610,USJWM3F3,Violet Mclelland,Prospecting,Engaging,2017-07-10,27
ST-008611,7O2ISWVB,Zane Levy,Prospecting,Engaging,2017-07-10,29
ST-008612,7O2ISWVB,Zane Levy,Engaging,Lost,2017-07-15,5
ST-008613,QUAD5082,Boris Faz,Prospecting,Engaging,2017-07-11,23
ST-008614,QUAD5082,Boris Faz,Engaging,Lost,2017-07-21,10
ST-008615,0T9KUEQ2,Cassey Cress,Prospecting,Engaging,2017-07-11,24
ST-008616,P6H45Y25,Cecily Lampkin,Prospecting,Engaging,2017-07-11,23
ST-008617,P6H45Y25,Cecily Lampkin,Engaging,Lost,2017-09-16,67
ST-008618,28EVFB8G,Cecily Lampkin,Prospecting,Engaging,2017-07-11,5
ST-008619,28EVFB8G,Cecily Lampkin,Engaging,Lost,2017-07-13,2
ST-008620,VV5LDD24,Corliss Cosme,Prospecting,Engaging,2017-07-11,12
ST-008621,VV5LDD24,Corliss Cosme,Engaging,Lost,2017-07-13,2
ST-008622,SF3KBDJF,Daniell Hammack,Prospecting,Engaging,2017-07-11,25
ST-008623,SF3KBDJF,Daniell Hammack,Engaging,Lost,2017-08-18,38
ST-008624,DKUVKTIT,Daniell Hammack,Prospecting,Engaging,2017-07-11,16
ST-008625,DKUVKTIT,Daniell Hammack,Engaging,Won,2017-07-19,8
ST-008626,OYUUU6B9,Darcel Schlecht,Prospecting,Engaging,2017-07-11,26
ST-008627,OYUUU6B9,Darcel Schlecht,Engaging,Lost,2017-11-09,121
ST-008628,IIVNXACR,Darcel Schlecht,Prospecting,Engaging,2017-07-11,30
ST-008629,IIVNXACR,Darcel Schlecht,Engaging,Lost,2017-07-12,1
ST-008630,OWBGBQ4G,Darcel Schlecht,Prospecting,Engaging,2017-07-11,10
ST-008631,OWBGBQ4G,Darcel Schlecht,Engaging,Lost,2017-07-18,7
ST-008632,X2EH33CU,Gladys Colclough,Prospecting,Engaging,2017-07-11,4
ST-008633,X2EH33CU,Gladys Colclough,Engaging,Won,2017-07-12,1
ST-008634,GNT6EM5M,Hayden Neloms,Prospecting,Engaging,2017-07-11,10
ST-008635,GNT6EM5M,Hayden Neloms,Engaging,Lost,2017-07-12,1
ST-008636,U3ZMURXR,Hayden Neloms,Prospecting,Engaging,2017-07-11,5
ST-008637,U3ZMURXR,Hayden Neloms,Engaging,Won,2017-09-08,59
ST-008638,4UTOXXV4,James Ascencio,Prospecting,Engaging,2017-07-11,16
ST-008639,4UTOXXV4,James Ascencio,Engaging,Lost,2017-07-12,1
ST-008640,KHWG1W75,James Ascencio,Prospecting,Engaging,2017-07-11,6
ST-008641,KHWG1W75,James Ascencio,Engaging,Won,2017-07-18,7
ST-008642,MWAW08I7,Jonathan Berthelot,Prospecting,Engaging,2017-07-11,17
ST-008643,MWAW08I7,Jonathan Berthelot,Engaging,Won,2017-07-12,1
ST-008644,0QV1LRME,Jonathan Berthelot,Prospecting,Engaging,2017-07-11,22
ST-008645,0QV1LRME,Jonathan Berthelot,Engaging,Won,2017-07-18,7
ST-008646,63GAY8GB,Kami Bicknell,Prospecting,Engaging,2017-07-11,22
ST-008647,63GAY8GB,Kami Bicknell,Engaging,Lost,2017-08-22,42
ST-008648,JB3J080M,Kary Hendrixson,Prospecting,Engaging,2017-07-11,4
ST-008649,GXHAIS33,Kary Hendrixson,Prospecting,Engaging,2017-07-11,12
ST-008650,GXHAIS33,Kary Hendrixson,Engaging,Lost,2017-09-29,80
ST-008651,VBRZZAP8,Kary Hendrixson,Prospecting,Engaging,2017-07-11,24
ST-008652,VBRZZAP8,Kary Hendrixson,Engaging,Won,2017-07-20,9
ST-008653,JR76K5YA,Markita Hansen,Prospecting,Engaging,2017-07-11,26
ST-008654,JR76K5YA,Markita Hansen,Engaging,Won,2017-08-23,43
ST-008655,Z3TX2K6F,Maureen Marcano,Prospecting,Engaging,2017-07-11,24
ST-008656,Z3TX2K6F,Maureen Marcano,Engaging,Lost,2017-07-20,9
ST-008657,RGUC0V54,Maureen Marcano,Prospecting,Engaging,2017-07-11,26
ST-008658,RGUC0V54,Maureen Marcano,Engaging,Won,2017-09-19,70
ST-008659,M93A8LTF,Reed Clapper,Prospecting,Engaging,2017-07-11,8
ST-008660,M93A8LTF,Reed Clapper,Engaging,Won,2017-07-20,9
ST-008661,CQW6TYOX,Rosalina Dieter,Prospecting,Engaging,2017-07-11,6
ST-008662,CQW6TYOX,Rosalina Dieter,Engaging,Lost,2017-07-18,7
ST-008663,P7H8UY1P,Rosalina Dieter,Prospecting,Engaging,2017-07-11,3
ST-008664,P7H8UY1P,Rosalina Dieter,Engaging,Lost,2017-09-21,72
ST-008665,6XLFG3VK,Rosalina Dieter,Prospecting,Engaging,2017-07-11,25
ST-008666,6XLFG3VK,Rosalina Dieter,Engaging,Won,2017-07-19,8
ST-008667,9ZPY98PB,Vicki Laflamme,Prospecting,Engaging,2017-07-11,7
ST-008668,9ZPY98PB,Vicki Laflamme,Engaging,Lost,2017-07-13,2
ST-008669,YRXDI9E8,Vicki Laflamme,Prospecting,Engaging,2017-07-11,25
ST-008670,YRXDI9E8,Vicki Laflamme,Engaging,Lost,2017-11-05,117
ST-008671,1JB82QZ0,Vicki Laflamme,Prospecting,Engaging,2017-07-11,3
ST-008672,1JB82QZ0,Vicki Laflamme,Engaging,Lost,2017-07-12,1
ST-008673,G5GPTVMU,Anna Snelling,Prospecting,Engaging,2017-07-12,8
ST-008674,G5GPTVMU,Anna Snelling,Engaging,Lost,2017-08-31,50
ST-008675,856VG3CS,Boris Faz,Prospecting,Engaging,2017-07-12,18
ST-008676,856VG3CS,Boris Faz,Engaging,Won,2017-09-28,78
ST-008677,J80ZEYYM,Cassey Cress,Prospecting,Engaging,2017-07-12,14
ST-008678,J80ZEYYM,Cassey Cress,Engaging,Won,2017-09-18,68
ST-008679,21OMR381,Corliss Cosme,Prospecting,Engaging,2017-07-12,19
ST-008680,X9HFP474,Daniell Hammack,Prospecting,Engaging,2017-07-12,19
ST-008681,T51ULXCZ,Darcel Schlecht,Prospecting,Engaging,2017-07-12,28
ST-008682,T51ULXCZ,Darcel Schlecht,Engaging,Lost,2017-07-23,11
ST-008683,3S73ZUQH,Darcel Schlecht,Prospecting,Engaging,2017-07-12,29
ST-008684,3S73ZUQH,Darcel Schlecht,Engaging,Lost,2017-07-21,9
ST-008685,JUU6C7NO,Donn Cantrell,Prospecting,Engaging,2017-07-12,26
ST-008686,JUU6C7NO,Donn Cantrell,Engaging,Lost,2017-09-27,77
ST-008687,8SNDBWPP,Donn Cantrell,Prospecting,Engaging,2017-07-12,11
ST-008688,8SNDBWPP,Donn Cantrell,Engaging,Lost,2017-09-28,78
ST-008689,0PH153YF,Gladys Colclough,Prospecting,Engaging,2017-07-12,8
ST-008690,0PH153YF,Gladys Colclough,Engaging,Lost,2017-07-13,1
ST-008691,YNYZNOWR,Hayden Neloms,Prospecting,Engaging,2017-07-12,14
ST-008692,YNYZNOWR,Hayden Neloms,Engaging,Lost,2017-07-25,13
ST-008693,HUNM56HY,Hayden Neloms,Prospecting,Engaging,2017-07-12,7
ST-008694,HUNM56HY,Hayden Neloms,Engaging,Won,2017-07-23,11
ST-008695,SIONXEMH,Hayden Neloms,Prospecting,Engaging,2017-07-12,26
ST-008696,SIONXEMH,Hayden Neloms,Engaging,Won,2017-07-14,2
ST-008697,JX08Z5L5,James Ascencio,Prospecting,Engaging,2017-07-12,27
ST-008698,JX08Z5L5,James Ascencio,Engaging,Lost,2017-07-25,13
ST-008699,BUJ1TX7Y,Maureen Marcano,Prospecting,Engaging,2017-07-12,30
ST-008700,BUJ1TX7Y,Maureen Marcano,Engaging,Won,2017-09-14,64
ST-008701,6C70OX62,Maureen Marcano,Prospecting,Engaging,2017-07-12,11
ST-008702,6C70OX62,Maureen Marcano,Engaging,Won,2017-09-24,74
ST-008703,V9WVYEE9,Moses Frase,Prospecting,Engaging,2017-07-12,26
ST-008704,V9WVYEE9,Moses Frase,Engaging,Lost,2017-07-20,8
ST-008705,3N6BHLN6,Niesha Huffines,Prospecting,Engaging,2017-07-12,6
ST-008706,3N6BHLN6,Niesha Huffines,Engaging,Won,2017-08-20,39
ST-008707,SQWCQRGY,Reed Clapper,Prospecting,Engaging,2017-07-12,27
ST-008708,SQWCQRGY,Reed Clapper,Engaging,Lost,2017-07-14,2
ST-008709,32K5LEDV,Reed Clapper,Prospecting,Engaging,2017-07-12,3
ST-008710,32K5LEDV,Reed Clapper,Engaging,Won,2017-07-18,6
ST-008711,R0XNAFUB,Zane Levy,Prospecting,Engaging,2017-07-12,13
ST-008712,XW1ONOVO,Boris Faz,Prospecting,Engaging,2017-07-13,28
ST-008713,XW1ONOVO,Boris Faz,Engaging,Won,2017-07-23,10
ST-008714,100W6J9A,Darcel Schlecht,Prospecting,Engaging,2017-07-13,16
ST-008715,100W6J9A,Darcel Schlecht,Engaging,Lost,2017-07-19,6
ST-008716,YYRYSVOO,Darcel Schlecht,Prospecting,Engaging,2017-07-13,11
ST-008717,YYRYSVOO,Darcel Schlecht,Engaging,Won,2017-07-16,3
ST-008718,P7AX4B3N,Elease Gluck,Prospecting,Engaging,2017-07-13,19
ST-008719,P7AX4B3N,Elease Gluck,Engaging,Lost,2017-07-24,11
ST-008720,GC1TSADL,Elease Gluck,Prospecting,Engaging,2017-07-13,5
ST-008721,GC1TSADL,Elease Gluck,Engaging,Won,2017-07-18,5
ST-008722,QF1I965E,Garret Kinder,Prospecting,Engaging,2017-07-13,11
ST-008723,QF1I965E,Garret Kinder,Engaging,Won,2017-09-30,79
ST-008724,P93UCMW8,Hayden Neloms,Prospecting,Engaging,2017-07-13,25
ST-008725,P93UCMW8,Hayden Neloms,Engaging,Lost,2017-07-15,2
ST-008726,YKBRF0NG,Kary Hendrixson,Prospecting,Engaging,2017-07-13,21
ST-008727,YKBRF0NG,Kary Hendrixson,Engaging,Won,2017-08-09,27
ST-008728,OP2DIRC2,Lajuana Vencill,Prospecting,Engaging,2017-07-13,23
ST-008729,OP2DIRC2,Lajuana Vencill,Engaging,Won,2017-07-19,6
ST-008730,VIHXI2JA,Markita Hansen,Prospecting,Engaging,2017-07-13,5
ST-008731,VIHXI2JA,Markita Hansen,Engaging,Lost,2017-07-14,1
ST-008732,IC4J0BIZ,Niesha Huffines,Prospecting,Engaging,2017-07-13,18
ST-008733,IC4J0BIZ,Niesha Huffines,Engaging,Won,2017-07-24,11
ST-008734,BNMJAOF4,Niesha Huffines,Prospecting,Engaging,2017-07-13,17
ST-008735,BNMJAOF4,Niesha Huffines,Engaging,Won,2017-09-28,77
ST-008736,VSWHUBD0,Niesha Huffines,Prospecting,Engaging,2017-07-13,19
ST-008737,VSWHUBD0,Niesha Huffines,Engaging,Won,2017-07-14,1
ST-008738,7ZWN0JO9,Niesha Huffines,Prospecting,Engaging,2017-07-13,14
ST-008739,7ZWN0JO9,Niesha Huffines,Engaging,Won,2017-08-29,47
ST-008740,KLPVD6LR,Reed Clapper,Prospecting,Engaging,2017-07-13,4
ST-008741,KLPVD6LR,Reed Clapper,Engaging,Lost,2017-07-21,8
ST-008742,U3M8XTMY,Reed Clapper,Prospecting,Engaging,2017-07-13,18
ST-008743,U3M8XTMY,Reed Clapper,Engaging,Won,2017-08-01,19
ST-008744,P89VI9EN,Reed Clapper,Prospecting,Engaging,2017-07-13,30
ST-008745,P89VI9EN,Reed Clapper,Engaging,Won,2017-07-22,9
ST-008746,4LOHS2AJ,Rosie Papadopoulos,Prospecting,Engaging,2017-07-13,21
ST-008747,SPUXDRGN,Vicki Laflamme,Prospecting,Engaging,2017-07-13,8
ST-008748,SPUXDRGN,Vicki Laflamme,Engaging,Lost,2017-08-28,46
ST-008749,PDIYRBQJ,Zane Levy,Prospecting,Engaging,2017-07-13,14
ST-008750,PDIYRBQJ,Zane Levy,Engaging,Lost,2017-07-15,2
ST-008751,185PGG0J,Anna Snelling,Prospecting,Engaging,2017-07-14,8
ST-008752,185PGG0J,Anna Snelling,Engaging,Won,2017-07-17,3
ST-008753,QQ5LW9HV,Boris Faz,Prospecting,Engaging,2017-07-14,11
ST-008754,QQ5LW9HV,Boris Faz,Engaging,Lost,2017-07-26,12
ST-008755,8EF4D82U,Boris Faz,Prospecting,Engaging,2017-07-14,27
ST-008756,8EF4D82U,Boris Faz,Engaging,Won,2017-09-14,62
ST-008757,GFMLCHB0,Cassey Cress,Prospecting,Engaging,2017-07-14,6
ST-008758,GFMLCHB0,Cassey Cress,Engaging,Lost,2017-07-21,7
ST-008759,TFS537LA,Cassey Cress,Prospecting,Engaging,2017-07-14,21
ST-008760,TFS537LA,Cassey Cress,Engaging,Lost,2017-07-15,1
ST-008761,2X86737Q,Cecily Lampkin,Prospecting,Engaging,2017-07-14,24
ST-008762,2X86737Q,Cecily Lampkin,Engaging,Won,2017-07-16,2
ST-008763,HSZOPWWT,Corliss Cosme,Prospecting,Engaging,2017-07-14,26
ST-008764,HSZOPWWT,Corliss Cosme,Engaging,Won,2017-09-15,63
ST-008765,1KVGSF08,Corliss Cosme,Prospecting,Engaging,2017-07-14,6
ST-008766,1KVGSF08,Corliss Cosme,Engaging,Won,2017-09-23,71
ST-008767,UDFMSH1S,Darcel Schlecht,Prospecting,Engaging,2017-07-14,10
ST-008768,UDFMSH1S,Darcel Schlecht,Engaging,Lost,2017-07-25,11
ST-008769,516C0X9F,Darcel Schlecht,Prospecting,Engaging,2017-07-14,26
ST-008770,516C0X9F,Darcel Schlecht,Engaging,Won,2017-07-26,12
ST-008771,DPAEMTHC,Donn Cantrell,Prospecting,Engaging,2017-07-14,19
ST-008772,DPAEMTHC,Donn Cantrell,Engaging,Lost,2017-07-15,1
ST-008773,A6T69X6T,Elease Gluck,Prospecting,Engaging,2017-07-14,3
ST-008774,A6T69X6T,Elease Gluck,Engaging,Lost,2017-09-08,56
ST-008775,DDD515FB,Hayden Neloms,Prospecting,Engaging,2017-07-14,4
ST-008776,DDD515FB,Hayden Neloms,Engaging,Won,2017-07-15,1
ST-008777,6GKGGY0U,James Ascencio,Prospecting,Engaging,2017-07-14,30
ST-008778,6GKGGY0U,James Ascencio,Engaging,Lost,2017-07-25,11
ST-008779,8M6TB2ZX,James Ascencio,Prospecting,Engaging,2017-07-14,30
ST-008780,8M6TB2ZX,James Ascencio,Engaging,Won,2017-07-21,7
ST-008781,8JH8YA79,Kami Bicknell,Prospecting,Engaging,2017-07-14,3
ST-008782,BABQISCH,Kami Bicknell,Prospecting,Engaging,2017-07-14,10
ST-008783,BABQISCH,Kami Bicknell,Engaging,Lost,2017-07-15,1
ST-008784,T46KPPNB,Kary Hendrixson,Prospecting,Engaging,2017-07-14,4
ST-008785,T46KPPNB,Kary Hendrixson,Engaging,Lost,2017-07-16,2
ST-008786,9CE6F4NZ,Kary Hendrixson,Prospecting,Engaging,2017-07-14,18
ST-008787,9CE6F4NZ,Kary Hendrixson,Engaging,Won,2017-08-27,44
ST-008788,Z9KNL9A1,Kary Hendrixson,Prospecting,Engaging,2017-07-14,14
ST-008789,Z9KNL9A1,Kary Hendrixson,Engaging,Won,2017-07-24,10
ST-008790,7JBR36G8,Lajuana Vencill,Prospecting,Engaging,2017-07-14,15
ST-008791,7JBR36G8,Lajuana Vencill,Engaging,Won,2017-07-16,2
ST-008792,EYTBRK2B,Lajuana Vencill,Prospecting,Engaging,2017-07-14,7
ST-008793,EYTBRK2B,Lajuana Vencill,Engaging,Won,2017-07-24,10
ST-008794,KFXZNC4N,Markita Hansen,Prospecting,Engaging,2017-07-14,8
ST-008795,KFXZNC4N,Markita Hansen,Engaging,Lost,2017-09-11,59
ST-008796,SJ62BMK5,Markita Hansen,Prospecting,Engaging,2017-07-14,30
ST-008797,SJ62BMK5,Markita Hansen,Engaging,Won,2017-07-15,1
ST-008798,YDJV1DFE,Niesha Huffines,Prospecting,Engaging,2017-07-14,4
ST-008799,YDJV1DFE,Niesha Huffines,Engaging,Lost,2017-11-09,118
ST-008800,GHDAXC7T,Reed Clapper,Prospecting,Engaging,2017-07-14,20
ST-008801,GHDAXC7T,Reed Clapper,Engaging,Won,2017-07-15,1
ST-008802,FQQ2JJZ1,Rosie Papadopoulos,Prospecting,Engaging,2017-07-14,28
ST-008803,FQQ2JJZ1,Rosie Papadopoulos,Engaging,Won,2017-07-23,9
ST-008804,NCJJBWU3,Versie Hillebrand,Prospecting,Engaging,2017-07-14,25
ST-008805,NCJJBWU3,Versie Hillebrand,Engaging,Lost,2017-07-22,8
ST-008806,8BYEALF9,Vicki Laflamme,Prospecting,Engaging,2017-07-14,26
ST-008807,8SGMUWET,Vicki Laflamme,Prospecting,Engaging,2017-07-14,23
ST-008808,8SGMUWET,Vicki Laflamme,Engaging,Won,2017-09-29,77
ST-008809,3KVS08NL,Violet Mclelland,Prospecting,Engaging,2017-07-14,16
ST-008810,3KVS08NL,Violet Mclelland,Engaging,Won,2017-07-15,1
ST-008811,CLIIR1T0,Zane Levy,Prospecting,Engaging,2017-07-14,10
ST-008812,CLIIR1T0,Zane Levy,Engaging,Won,2017-07-25,11
ST-008813,PHXX81YF,Daniell Hammack,Prospecting,Engaging,2017-07-15,13
ST-008814,PHXX81YF,Daniell Hammack,Engaging,Lost,2017-07-17,2
ST-008815,6K7LDRKR,Darcel Schlecht,Prospecting,Engaging,2017-07-15,10
ST-008816,6K7LDRKR,Darcel Schlecht,Engaging,Won,2017-11-11,119
ST-008817,J6UOUH6Y,Darcel Schlecht,Prospecting,Engaging,2017-07-15,16
ST-008818,J6UOUH6Y,Darcel Schlecht,Engaging,Won,2017-09-03,50
ST-008819,2EYTB3PX,Donn Cantrell,Prospecting,Engaging,2017-07-15,26
ST-008820,2EYTB3PX,Donn Cantrell,Engaging,Won,2017-07-25,10
ST-008821,1U945R0D,Elease Gluck,Prospecting,Engaging,2017-07-15,13
ST-008822,1U945R0D,Elease Gluck,Engaging,Lost,2017-07-16,1
ST-008823,FX4D649Y,Hayden Neloms,Prospecting,Engaging,2017-07-15,11
ST-008824,FX4D649Y,Hayden Neloms,Engaging,Lost,2017-07-24,9
ST-008825,4QBSY3CB,James Ascencio,Prospecting,Engaging,2017-07-15,29
ST-008826,4QBSY3CB,James Ascencio,Engaging,Lost,2017-08-26,42
ST-008827,ZWVRS27V,Jonathan Berthelot,Prospecting,Engaging,2017-07-15,5
ST-008828,ZWVRS27V,Jonathan Berthelot,Engaging,Lost,2017-11-04,112
ST-008829,8BBXNESQ,Kary Hendrixson,Prospecting,Engaging,2017-07-15,21
ST-008830,8BBXNESQ,Kary Hendrixson,Engaging,Lost,2017-07-22,7
ST-008831,3JJ7YI88,Lajuana Vencill,Prospecting,Engaging,2017-07-15,14
ST-008832,3JJ7YI88,Lajuana Vencill,Engaging,Lost,2017-07-16,1
ST-008833,AKMDEG3I,Markita Hansen,Prospecting,Engaging,2017-07-15,6
ST-008834,AKMDEG3I,Markita Hansen,Engaging,Lost,2017-07-17,2
ST-008835,568NS3GO,Markita Hansen,Prospecting,Engaging,2017-07-15,19
ST-008836,568NS3GO,Markita Hansen,Engaging,Won,2017-08-27,43
ST-008837,YVDQ80A0,Maureen Marcano,Prospecting,Engaging,2017-07-15,24
ST-008838,TQLO6QP6,Niesha Huffines,Prospecting,Engaging,2017-07-15,4
ST-008839,TQLO6QP6,Niesha Huffines,Engaging,Won,2017-09-02,49
ST-008840,DLVEVD9O,Reed Clapper,Prospecting,Engaging,2017-07-15,8
ST-008841,DLVEVD9O,Reed Clapper,Engaging,Lost,2017-07-27,12
ST-008842,C75RV9DY,Reed Clapper,Prospecting,Engaging,2017-07-15,10
ST-008843,C75RV9DY,Reed Clapper,Engaging,Won,2017-07-16,1
ST-008844,CI9S6CST,Rosalina Dieter,Prospecting,Engaging,2017-07-15,28
ST-008845,EUQCW0ZA,Rosalina Dieter,Prospecting,Engaging,2017-07-15,19
ST-008846,EUQCW0ZA,Rosalina Dieter,Engaging,Won,2017-07-23,8
ST-008847,CEOMZE9H,Vicki Laflamme,Prospecting,Engaging,2017-07-15,4
ST-008848,CEOMZE9H,Vicki Laflamme,Engaging,Lost,2017-07-26,11
ST-008849,TT5QRQTF,Vicki Laflamme,Prospecting,Engaging,2017-07-15,15
ST-008850,TT5QRQTF,Vicki Laflamme,Engaging,Won,2017-07-21,6
ST-008851,5NXD4U83,Vicki Laflamme,Prospecting,Engaging,2017-07-15,5
ST-008852,5NXD4U83,Vicki Laflamme,Engaging,Won,2017-07-17,2
ST-008853,1IL51ZIW,Violet Mclelland,Prospecting,Engaging,2017-07-15,17
ST-008854,1IL51ZIW,Violet Mclelland,Engaging,Lost,2017-07-22,7
ST-008855,CM33NN0P,Wilburn Farren,Prospecting,Engaging,2017-07-15,30
ST-008856,CM33NN0P,Wilburn Farren,Engaging,Lost,2017-07-23,8
ST-008857,P3QQIMTA,Anna Snelling,Prospecting,Engaging,2017-07-16,12
ST-008858,P3QQIMTA,Anna Snelling,Engaging,Lost,2017-07-24,8
ST-008859,WB1CQNJU,Anna Snelling,Prospecting,Engaging,2017-07-16,27
ST-008860,WB1CQNJU,Anna Snelling,Engaging,Lost,2017-07-17,1
ST-008861,OQYDQCTM,Anna Snelling,Prospecting,Engaging,2017-07-16,30
ST-008862,OQYDQCTM,Anna Snelling,Engaging,Won,2017-07-25,9
ST-008863,ISQJD695,Boris Faz,Prospecting,Engaging,2017-07-16,12
ST-008864,M1VNX1D7,Cassey Cress,Prospecting,Engaging,2017-07-16,13
ST-008865,M1VNX1D7,Cassey Cress,Engaging,Won,2017-07-28,12
ST-008866,TWO2Q99P,Cecily Lampkin,Prospecting,Engaging,2017-07-16,5
ST-008867,TWO2Q99P,Cecily Lampkin,Engaging,Won,2017-09-30,76
ST-008868,72UVDOKU,Cecily Lampkin,Prospecting,Engaging,2017-07-16,20
ST-008869,72UVDOKU,Cecily Lampkin,Engaging,Won,2017-07-24,8
ST-008870,DMSQ0TSG,Cecily Lampkin,Prospecting,Engaging,2017-07-16,17
ST-008871,DMSQ0TSG,Cecily Lampkin,Engaging,Won,2017-08-12,27
ST-008872,FEWIDJGH,Darcel Schlecht,Prospecting,Engaging,2017-07-16,3
ST-008873,FEWIDJGH,Darcel Schlecht,Engaging,Won,2017-07-18,2
ST-008874,AUZM3MLU,Darcel Schlecht,Prospecting,Engaging,2017-07-16,14
ST-008875,AUZM3MLU,Darcel Schlecht,Engaging,Won,2017-09-18,64
ST-008876,GS2CLR52,Darcel Schlecht,Prospecting,Engaging,2017-07-16,9
ST-008877,GS2CLR52,Darcel Schlecht,Engaging,Won,2017-07-17,1
ST-008878,HYP3SXPV,Darcel Schlecht,Prospecting,Engaging,2017-07-16,12
ST-008879,HYP3SXPV,Darcel Schlecht,Engaging,Won,2017-08-02,17
ST-008880,9G93P7SV,Donn Cantrell,Prospecting,Engaging,2017-07-16,21
ST-008881,9G93P7SV,Donn Cantrell,Engaging,Won,2017-09-30,76
ST-008882,7XSAHM67,Elease Gluck,Prospecting,Engaging,2017-07-16,28
ST-008883,7XSAHM67,Elease Gluck,Engaging,Won,2017-09-28,74
ST-008884,M2A8EY5Q,Hayden Neloms,Prospecting,Engaging,2017-07-16,12
ST-008885,N7MDRJ01,Jonathan Berthelot,Prospecting,Engaging,2017-07-16,26
ST-008886,N7MDRJ01,Jonathan Berthelot,Engaging,Lost,2017-07-25,9
ST-008887,4ID56TXX,Jonathan Berthelot,Prospecting,Engaging,2017-07-16,22
ST-008888,4ID56TXX,Jonathan Berthelot,Engaging,Lost,2017-07-28,12
ST-008889,ZOX0FW5W,Kami Bicknell,Prospecting,Engaging,2017-07-16,10
ST-008890,ZOX0FW5W,Kami Bicknell,Engaging,Lost,2017-07-23,7
ST-008891,4SFRUL8J,Kami Bicknell,Prospecting,Engaging,2017-07-16,17
ST-008892,4SFRUL8J,Kami Bicknell,Engaging,Lost,2017-07-22,6
ST-008893,UB2UAI38,Kami Bicknell,Prospecting,Engaging,2017-07-16,14
ST-008894,UB2UAI38,Kami Bicknell,Engaging,Won,2017-07-21,5
ST-008895,B00OD1IF,Kami Bicknell,Prospecting,Engaging,2017-07-16,21
ST-008896,B00OD1IF,Kami Bicknell,Engaging,Won,2017-07-23,7
ST-008897,OGO6SNTQ,Kary Hendrixson,Prospecting,Engaging,2017-07-16,18
ST-008898,OGO6SNTQ,Kary Hendrixson,Engaging,Lost,2017-07-24,8
ST-008899,I6ZC5V1K,Kary Hendrixson,Prospecting,Engaging,2017-07-16,27
ST-008900,I6ZC5V1K,Kary Hendrixson,Engaging,Won,2017-07-26,10
ST-008901,1N3G9WG2,Kary Hendrixson,Prospecting,Engaging,2017-07-16,27
ST-008902,1N3G9WG2,Kary Hendrixson,Engaging,Won,2017-07-19,3
ST-008903,JHNXPUNX,Lajuana Vencill,Prospecting,Engaging,2017-07-16,9
ST-008904,JHNXPUNX,Lajuana Vencill,Engaging,Won,2017-07-17,1
ST-008905,NPHD3ZTC,Moses Frase,Prospecting,Engaging,2017-07-16,26
ST-008906,NPHD3ZTC,Moses Frase,Engaging,Won,2017-09-03,49
ST-008907,06KTPHYC,Rosalina Dieter,Prospecting,Engaging,2017-07-16,20
ST-008908,06KTPHYC,Rosalina Dieter,Engaging,Lost,2017-07-24,8
ST-008909,YCA44Q4U,Wilburn Farren,Prospecting,Engaging,2017-07-16,27
ST-008910,YCA44Q4U,Wilburn Farren,Engaging,Won,2017-07-25,9
ST-008911,FR4GTSEQ,Zane Levy,Prospecting,Engaging,2017-07-16,28
ST-008912,FR4GTSEQ,Zane Levy,Engaging,Won,2017-09-15,61
ST-008913,S46ZLF3G,Anna Snelling,Prospecting,Engaging,2017-07-17,10
ST-008914,S46ZLF3G,Anna Snelling,Engaging,Lost,2017-07-26,9
ST-008915,WHZEK68G,Anna Snelling,Prospecting,Engaging,2017-07-17,7
ST-008916,WHZEK68G,Anna Snelling,Engaging,Lost,2017-07-22,5
ST-008917,3CB3WNBM,Boris Faz,Prospecting,Engaging,2017-07-17,3
ST-008918,EJDRMHNC,Boris Faz,Prospecting,Engaging,2017-07-17,16
ST-008919,O8C2G4G2,Cassey Cress,Prospecting,Engaging,2017-07-17,3
ST-008920,DAJBIHBZ,Cassey Cress,Prospecting,Engaging,2017-07-17,10
ST-008921,DAJBIHBZ,Cassey Cress,Engaging,Lost,2017-07-28,11
ST-008922,P6BJ24ZP,Cassey Cress,Prospecting,Engaging,2017-07-17,20
ST-008923,P6BJ24ZP,Cassey Cress,Engaging,Won,2017-07-20,3
ST-008924,XORHQFNJ,Cecily Lampkin,Prospecting,Engaging,2017-07-17,14
ST-008925,XORHQFNJ,Cecily Lampkin,Engaging,Lost,2017-08-05,19
ST-008926,ZFRPQV2M,Cecily Lampkin,Prospecting,Engaging,2017-07-17,23
ST-008927,ZFRPQV2M,Cecily Lampkin,Engaging,Won,2017-11-03,109
ST-008928,RVRBCZAI,Daniell Hammack,Prospecting,Engaging,2017-07-17,29
ST-008929,RVRBCZAI,Daniell Hammack,Engaging,Lost,2017-07-18,1
ST-008930,2897DN4S,Darcel Schlecht,Prospecting,Engaging,2017-07-17,25
ST-008931,2897DN4S,Darcel Schlecht,Engaging,Lost,2017-07-18,1
ST-008932,1DIL2X16,Darcel Schlecht,Prospecting,Engaging,2017-07-17,3
ST-008933,1DIL2X16,Darcel Schlecht,Engaging,Lost,2017-07-28,11
ST-008934,BMQEY089,Darcel Schlecht,Prospecting,Engaging,2017-07-17,13
ST-008935,BMQEY089,Darcel Schlecht,Engaging,Won,2017-09-16,61
ST-008936,CYOJ4G39,Darcel Schlecht,Prospecting,Engaging,2017-07-17,3
ST-008937,CYOJ4G39,Darcel Schlecht,Engaging,Won,2017-07-19,2
ST-008938,5IOG6X00,Donn Cantrell,Prospecting,Engaging,2017-07-17,27
ST-008939,5IOG6X00,Donn Cantrell,Engaging,Won,2017-09-08,53
ST-008940,HBN3R2TJ,Elease Gluck,Prospecting,Engaging,2017-07-17,24
ST-008941,QG6BCBXM,Elease Gluck,Prospecting,Engaging,2017-07-17,15
ST-008942,QG6BCBXM,Elease Gluck,Engaging,Lost,2017-08-03,17
ST-008943,CAXTE48L,Hayden Neloms,Prospecting,Engaging,2017-07-17,30
ST-008944,CAXTE48L,Hayden Neloms,Engaging,Won,2017-07-24,7
ST-008945,OO3BM7A9,Hayden Neloms,Prospecting,Engaging,2017-07-17,26
ST-008946,OO3BM7A9,Hayden Neloms,Engaging,Won,2017-11-03,109
ST-008947,NYPU55W4,James Ascencio,Prospecting,Engaging,2017-07-17,26
ST-008948,NYPU55W4,James Ascencio,Engaging,Lost,2017-11-01,107
ST-008949,VE334W2U,Jonathan Berthelot,Prospecting,Engaging,2017-07-17,12
ST-008950,VE334W2U,Jonathan Berthelot,Engaging,Won,2017-09-23,68
ST-008951,AX7WS66G,Jonathan Berthelot,Prospecting,Engaging,2017-07-17,6
ST-008952,AX7WS66G,Jonathan Berthelot,Engaging,Won,2017-07-24,7
ST-008953,OB8UCQ17,Jonathan Berthelot,Prospecting,Engaging,2017-07-17,9
ST-008954,OB8UCQ17,Jonathan Berthelot,Engaging,Won,2017-07-26,9
ST-008955,BV4JZ4G8,Kami Bicknell,Prospecting,Engaging,2017-07-17,19
ST-008956,BV4JZ4G8,Kami Bicknell,Engaging,Lost,2017-07-19,2
ST-008957,8CV5MZWW,Kami Bicknell,Prospecting,Engaging,2017-07-17,10
ST-008958,8CV5MZWW,Kami Bicknell,Engaging,Lost,2017-07-21,4
ST-008959,3L965RUK,Kary Hendrixson,Prospecting,Engaging,2017-07-17,16
ST-008960,3L965RUK,Kary Hendrixson,Engaging,Won,2017-07-26,9
ST-008961,RZ8HI1Y5,Lajuana Vencill,Prospecting,Engaging,2017-07-17,18
ST-008962,RZ8HI1Y5,Lajuana Vencill,Engaging,Lost,2017-07-24,7
ST-008963,IYKSBD0U,Markita Hansen,Prospecting,Engaging,2017-07-17,4
ST-008964,IYKSBD0U,Markita Hansen,Engaging,Lost,2017-07-18,1
ST-008965,YVGDC8L2,Marty Freudenburg,Prospecting,Engaging,2017-07-17,7
ST-008966,YVGDC8L2,Marty Freudenburg,Engaging,Won,2017-07-26,9
ST-008967,JZU0JH07,Maureen Marcano,Prospecting,Engaging,2017-07-17,25
ST-008968,JZU0JH07,Maureen Marcano,Engaging,Lost,2017-09-28,73
ST-008969,ZEWNPF3K,Maureen Marcano,Prospecting,Engaging,2017-07-17,11
ST-008970,ZEWNPF3K,Maureen Marcano,Engaging,Won,2017-11-13,119
ST-008971,6T64JWH9,Maureen Marcano,Prospecting,Engaging,2017-07-17,5
ST-008972,6T64JWH9,Maureen Marcano,Engaging,Won,2017-07-25,8
ST-008973,E7RTG575,Niesha Huffines,Prospecting,Engaging,2017-07-17,4
ST-008974,E7RTG575,Niesha Huffines,Engaging,Won,2017-07-27,10
ST-008975,I9U5PCM3,Reed Clapper,Prospecting,Engaging,2017-07-17,10
ST-008976,I9U5PCM3,Reed Clapper,Engaging,Won,2017-11-17,123
ST-008977,H1Y2W48V,Rosalina Dieter,Prospecting,Engaging,2017-07-17,30
ST-008978,H1Y2W48V,Rosalina Dieter,Engaging,Won,2017-09-07,52
ST-008979,YFNRXR7X,Rosie Papadopoulos,Prospecting,Engaging,2017-07-17,19
ST-008980,YFNRXR7X,Rosie Papadopoulos,Engaging,Won,2017-07-25,8
ST-008981,9MZPL59I,Versie Hillebrand,Prospecting,Engaging,2017-07-17,16
ST-008982,9MZPL59I,Versie Hillebrand,Engaging,Lost,2017-08-03,17
ST-008983,7A3R2M9T,Vicki Laflamme,Prospecting,Engaging,2017-07-17,25
ST-008984,1RL933VJ,Vicki Laflamme,Prospecting,Engaging,2017-07-17,14
ST-008985,1RL933VJ,Vicki Laflamme,Engaging,Lost,2017-09-22,67
ST-008986,GAE0E4RI,Vicki Laflamme,Prospecting,Engaging,2017-07-17,17
ST-008987,GAE0E4RI,Vicki Laflamme,Engaging,Lost,2017-07-29,12
ST-008988,VBN56JMP,Vicki Laflamme,Prospecting,Engaging,2017-07-17,26
ST-008989,VBN56JMP,Vicki Laflamme,Engaging,Won,2017-07-18,1
ST-008990,7ITUU2YO,Vicki Laflamme,Prospecting,Engaging,2017-07-17,5
ST-008991,7ITUU2YO,Vicki Laflamme,Engaging,Won,2017-09-17,62
ST-008992,NDLX894H,Violet Mclelland,Prospecting,Engaging,2017-07-17,21
ST-008993,NDLX894H,Violet Mclelland,Engaging,Lost,2017-07-18,1
ST-008994,6ALH2N0I,Violet Mclelland,Prospecting,Engaging,2017-07-17,6
ST-008995,6ALH2N0I,Violet Mclelland,Engaging,Won,2017-08-20,34
ST-008996,G8XGVIG2,Zane Levy,Prospecting,Engaging,2017-07-17,19
ST-008997,G8XGVIG2,Zane Levy,Engaging,Lost,2017-07-26,9
ST-008998,HCR2GJ3O,Zane Levy,Prospecting,Engaging,2017-07-17,7
ST-008999,HCR2GJ3O,Zane Levy,Engaging,Lost,2017-07-27,10
ST-009000,QABD6SAS,Zane Levy,Prospecting,Engaging,2017-07-17,23
ST-009001,QABD6SAS,Zane Levy,Engaging,Won,2017-09-21,66
ST-009002,GUJCRHYU,Zane Levy,Prospecting,Engaging,2017-07-17,29
ST-009003,GUJCRHYU,Zane Levy,Engaging,Won,2017-07-28,11
ST-009004,SHKTBB71,Anna Snelling,Prospecting,Engaging,2017-07-18,15
ST-009005,SHKTBB71,Anna Snelling,Engaging,Won,2017-07-27,9
ST-009006,G0L0B1QC,Cassey Cress,Prospecting,Engaging,2017-07-18,5
ST-009007,G0L0B1QC,Cassey Cress,Engaging,Won,2017-07-28,10
ST-009008,O28I4VDY,Corliss Cosme,Prospecting,Engaging,2017-07-18,21
ST-009009,3YC624RD,Daniell Hammack,Prospecting,Engaging,2017-07-18,21
ST-009010,3YC624RD,Daniell Hammack,Engaging,Lost,2017-08-05,18
ST-009011,715TBGPE,Darcel Schlecht,Prospecting,Engaging,2017-07-18,4
ST-009012,715TBGPE,Darcel Schlecht,Engaging,Lost,2017-08-30,43
ST-009013,1Q3JQFAU,Darcel Schlecht,Prospecting,Engaging,2017-07-18,16
ST-009014,1Q3JQFAU,Darcel Schlecht,Engaging,Lost,2017-07-26,8
ST-009015,O3K5RKMI,Darcel Schlecht,Prospecting,Engaging,2017-07-18,24
ST-009016,O3K5RKMI,Darcel Schlecht,Engaging,Won,2017-07-19,1
ST-009017,75P6HFA0,Darcel Schlecht,Prospecting,Engaging,2017-07-18,7
ST-009018,75P6HFA0,Darcel Schlecht,Engaging,Won,2017-09-03,47
ST-009019,NE0XCH5E,Elease Gluck,Prospecting,Engaging,2017-07-18,10
ST-009020,NE0XCH5E,Elease Gluck,Engaging,Lost,2017-07-31,13
ST-009021,W01768VM,Elease Gluck,Prospecting,Engaging,2017-07-18,12
ST-009022,W01768VM,Elease Gluck,Engaging,Won,2017-07-28,10
ST-009023,38CPLDAR,Garret Kinder,Prospecting,Engaging,2017-07-18,11
ST-009024,38CPLDAR,Garret Kinder,Engaging,Lost,2017-07-30,12
ST-009025,TZRNKT72,Gladys Colclough,Prospecting,Engaging,2017-07-18,30
ST-009026,TZRNKT72,Gladys Colclough,Engaging,Lost,2017-07-23,5
ST-009027,4LXAW8CH,Gladys Colclough,Prospecting,Engaging,2017-07-18,13
ST-009028,4LXAW8CH,Gladys Colclough,Engaging,Lost,2017-08-07,20
ST-009029,GOGIZWW6,Gladys Colclough,Prospecting,Engaging,2017-07-18,28
ST-009030,GOGIZWW6,Gladys Colclough,Engaging,Won,2017-09-27,71
ST-009031,DOPOI0R5,Hayden Neloms,Prospecting,Engaging,2017-07-18,15
ST-009032,DOPOI0R5,Hayden Neloms,Engaging,Won,2017-07-28,10
ST-009033,XRWMLGOG,James Ascencio,Prospecting,Engaging,2017-07-18,25
ST-009034,69V1WQLK,James Ascencio,Prospecting,Engaging,2017-07-18,29
ST-009035,69V1WQLK,James Ascencio,Engaging,Won,2017-07-27,9
ST-009036,FEDXQCKJ,Marty Freudenburg,Prospecting,Engaging,2017-07-18,26
ST-009037,FEDXQCKJ,Marty Freudenburg,Engaging,Won,2017-07-26,8
ST-009038,MIXJ9F4F,Maureen Marcano,Prospecting,Engaging,2017-07-18,13
ST-009039,RSP75BOI,Moses Frase,Prospecting,Engaging,2017-07-18,13
ST-009040,RSP75BOI,Moses Frase,Engaging,Lost,2017-07-19,1
ST-009041,CKDPWHTZ,Moses Frase,Prospecting,Engaging,2017-07-18,17
ST-009042,CKDPWHTZ,Moses Frase,Engaging,Won,2017-07-28,10
ST-009043,ECBFFQL0,Niesha Huffines,Prospecting,Engaging,2017-07-18,11
ST-009044,ECBFFQL0,Niesha Huffines,Engaging,Lost,2017-07-28,10
ST-009045,Z8HW4Z9W,Rosie Papadopoulos,Prospecting,Engaging,2017-07-18,10
ST-009046,Z8HW4Z9W,Rosie Papadopoulos,Engaging,Lost,2017-07-26,8
ST-009047,0KVZKA5T,Vicki Laflamme,Prospecting,Engaging,2017-07-18,5
ST-009048,0KVZKA5T,Vicki Laflamme,Engaging,Lost,2017-07-25,7
ST-009049,944H7LRC,Vicki Laflamme,Prospecting,Engaging,2017-07-18,9
ST-009050,944H7LRC,Vicki Laflamme,Engaging,Won,2017-07-27,9
ST-009051,F0OWRRLN,Vicki Laflamme,Prospecting,Engaging,2017-07-18,7
ST-009052,F0OWRRLN,Vicki Laflamme,Engaging,Won,2017-07-28,10
ST-009053,39EYEBMK,Violet Mclelland,Prospecting,Engaging,2017-07-18,27
ST-009054,P4RLJHR3,Violet Mclelland,Prospecting,Engaging,2017-07-18,27
ST-009055,P4RLJHR3,Violet Mclelland,Engaging,Won,2017-11-15,120
ST-009056,M10S36W3,Wilburn Farren,Prospecting,Engaging,2017-07-18,21
ST-009057,M10S36W3,Wilburn Farren,Engaging,Won,2017-11-06,111
ST-009058,HT8UEA0H,Zane Levy,Prospecting,Engaging,2017-07-18,6
ST-009059,HT8UEA0H,Zane Levy,Engaging,Lost,2017-07-25,7
ST-009060,GR6C7GQ9,Zane Levy,Prospecting,Engaging,2017-07-18,7
ST-009061,GR6C7GQ9,Zane Levy,Engaging,Won,2017-09-16,60
ST-009062,LAYVBSH4,Anna Snelling,Prospecting,Engaging,2017-07-19,6
ST-009063,055Z2OAS,Anna Snelling,Prospecting,Engaging,2017-07-19,8
ST-009064,Q9VC6GV0,Anna Snelling,Prospecting,Engaging,2017-07-19,17
ST-009065,G11DEJSL,Anna Snelling,Prospecting,Engaging,2017-07-19,17
ST-009066,G11DEJSL,Anna Snelling,Engaging,Lost,2017-07-30,11
ST-009067,BP45IP77,Anna Snelling,Prospecting,Engaging,2017-07-19,13
ST-009068,BP45IP77,Anna Snelling,Engaging,Won,2017-07-25,6
ST-009069,3XJI7AD8,Cassey Cress,Prospecting,Engaging,2017-07-19,16
ST-009070,3XJI7AD8,Cassey Cress,Engaging,Lost,2017-09-27,70
ST-009071,8D8JOXP6,Cecily Lampkin,Prospecting,Engaging,2017-07-19,6
ST-009072,IPHP2GVT,Cecily Lampkin,Prospecting,Engaging,2017-07-19,20
ST-009073,XP7YG96H,Corliss Cosme,Prospecting,Engaging,2017-07-19,14
ST-009074,XP7YG96H,Corliss Cosme,Engaging,Won,2017-07-30,11
ST-009075,GP4JNSJY,Daniell Hammack,Prospecting,Engaging,2017-07-19,27
ST-009076,GP4JNSJY,Daniell Hammack,Engaging,Lost,2017-07-30,11
ST-009077,X8M3SCVF,Darcel Schlecht,Prospecting,Engaging,2017-07-19,9
ST-009078,I3KQNE9V,Darcel Schlecht,Prospecting,Engaging,2017-07-19,17
ST-009079,NU4ACGMY,Darcel Schlecht,Prospecting,Engaging,2017-07-19,12
ST-009080,EBVL81O5,Darcel Schlecht,Prospecting,Engaging,2017-07-19,17
ST-009081,EBVL81O5,Darcel Schlecht,Engaging,Lost,2017-07-22,3
ST-009082,NDHQMBA0,Darcel Schlecht,Prospecting,Engaging,2017-07-19,11
ST-009083,NDHQMBA0,Darcel Schlecht,Engaging,Won,2017-08-03,15
ST-009084,XV03TJV1,Darcel Schlecht,Prospecting,Engaging,2017-07-19,30
ST-009085,XV03TJV1,Darcel Schlecht,Engaging,Won,2017-07-26,7
ST-009086,CCLIVXMG,Elease Gluck,Prospecting,Engaging,2017-07-19,6
ST-009087,FQ5A489H,Garret Kinder,Prospecting,Engaging,2017-07-19,5
ST-009088,FQ5A489H,Garret Kinder,Engaging,Won,2017-07-26,7
ST-009089,3PZ6Y6AJ,Gladys Colclough,Prospecting,Engaging,2017-07-19,8
ST-009090,3PZ6Y6AJ,Gladys Colclough,Engaging,Won,2017-07-21,2
ST-009091,LDK61ORQ,Hayden Neloms,Prospecting,Engaging,2017-07-19,28
ST-009092,564Y2IOV,Hayden Neloms,Prospecting,Engaging,2017-07-19,24
ST-009093,564Y2IOV,Hayden Neloms,Engaging,Lost,2017-07-29,10
ST-009094,W7VULS00,Hayden Neloms,Prospecting,Engaging,2017-07-19,12
ST-009095,W7VULS00,Hayden Neloms,Engaging,Won,2017-09-30,73
ST-009096,PLW3NMLJ,Hayden Neloms,Prospecting,Engaging,2017-07-19,29
ST-009097,PLW3NMLJ,Hayden Neloms,Engaging,Won,2017-07-28,9
ST-009098,MMVGTXDB,James Ascencio,Prospecting,Engaging,2017-07-19,25
ST-009099,MMVGTXDB,James Ascencio,Engaging,Lost,2017-08-30,42
ST-009100,PQOHTS9I,Jonathan Berthelot,Prospecting,Engaging,2017-07-19,25
ST-009101,6UCZ36IC,Kami Bicknell,Prospecting,Engaging,2017-07-19,22
ST-009102,6UCZ36IC,Kami Bicknell,Engaging,Lost,2017-11-04,108
ST-009103,4IC989F8,Kary Hendrixson,Prospecting,Engaging,2017-07-19,4
ST-009104,4IC989F8,Kary Hendrixson,Engaging,Lost,2017-07-30,11
ST-009105,Y5FM7TJT,Kary Hendrixson,Prospecting,Engaging,2017-07-19,9
ST-009106,Y5FM7TJT,Kary Hendrixson,Engaging,Lost,2017-07-21,2
ST-009107,OB3K0SVW,Kary Hendrixson,Prospecting,Engaging,2017-07-19,29
ST-009108,OB3K0SVW,Kary Hendrixson,Engaging,Won,2017-08-08,20
ST-009109,LORMJLTE,Lajuana Vencill,Prospecting,Engaging,2017-07-19,30
ST-009110,HIVUC1C4,Lajuana Vencill,Prospecting,Engaging,2017-07-19,13
ST-009111,WWOCI25Z,Lajuana Vencill,Prospecting,Engaging,2017-07-19,7
ST-009112,WWOCI25Z,Lajuana Vencill,Engaging,Lost,2017-07-30,11
ST-009113,1UFFP5T3,Lajuana Vencill,Prospecting,Engaging,2017-07-19,5
ST-009114,1UFFP5T3,Lajuana Vencill,Engaging,Lost,2017-08-02,14
ST-009115,ALMZ6ZUI,Lajuana Vencill,Prospecting,Engaging,2017-07-19,25
ST-009116,ALMZ6ZUI,Lajuana Vencill,Engaging,Won,2017-07-29,10
ST-009117,B4UIGJRX,Lajuana Vencill,Prospecting,Engaging,2017-07-19,10
ST-009118,B4UIGJRX,Lajuana Vencill,Engaging,Won,2017-07-30,11
ST-009119,ZCAEQT06,Lajuana Vencill,Prospecting,Engaging,2017-07-19,14
ST-009120,ZCAEQT06,Lajuana Vencill,Engaging,Won,2017-07-27,8
ST-009121,XBO6IN0E,Markita Hansen,Prospecting,Engaging,2017-07-19,15
ST-009122,XBO6IN0E,Markita Hansen,Engaging,Lost,2017-11-01,105
ST-009123,U1SBKB0U,Markita Hansen,Prospecting,Engaging,2017-07-19,19
ST-009124,U1SBKB0U,Markita Hansen,Engaging,Won,2017-07-23,4
ST-009125,E3XLWCWX,Marty Freudenburg,Prospecting,Engaging,2017-07-19,4
ST-009126,7LD79NYD,Marty Freudenburg,Prospecting,Engaging,2017-07-19,24
ST-009127,8S7IAR2D,Marty Freudenburg,Prospecting,Engaging,2017-07-19,12
ST-009128,8S7IAR2D,Marty Freudenburg,Engaging,Won,2017-09-25,68
ST-009129,RWQKOD1W,Maureen Marcano,Prospecting,Engaging,2017-07-19,11
ST-009130,RWQKOD1W,Maureen Marcano,Engaging,Won,2017-09-29,72
ST-009131,BKOWQMMV,Moses Frase,Prospecting,Engaging,2017-07-19,29
ST-009132,6TOOTFQV,Moses Frase,Prospecting,Engaging,2017-07-19,8
ST-009133,6TOOTFQV,Moses Frase,Engaging,Won,2017-07-27,8
ST-009134,2WDSO6PG,Niesha Huffines,Prospecting,Engaging,2017-07-19,3
ST-009135,I776MNA8,Rosie Papadopoulos,Prospecting,Engaging,2017-07-19,15
ST-009136,I776MNA8,Rosie Papadopoulos,Engaging,Won,2017-07-21,2
ST-009137,IQFDPIND,Versie Hillebrand,Prospecting,Engaging,2017-07-19,30
ST-009138,VG17J29L,Versie Hillebrand,Prospecting,Engaging,2017-07-19,17
ST-009139,VG17J29L,Versie Hillebrand,Engaging,Lost,2017-07-29,10
ST-009140,F7R8ICT8,Versie Hillebrand,Prospecting,Engaging,2017-07-19,20
ST-009141,F7R8ICT8,Versie Hillebrand,Engaging,Won,2017-07-27,8
ST-009142,KULR6FMD,Versie Hillebrand,Prospecting,Engaging,2017-07-19,26
ST-009143,KULR6FMD,Versie Hillebrand,Engaging,Won,2017-07-25,6
ST-009144,JHCA115A,Vicki Laflamme,Prospecting,Engaging,2017-07-19,20
ST-009145,DMG5EOFC,Violet Mclelland,Prospecting,Engaging,2017-07-19,10
ST-009146,ZGFB0IF1,Anna Snelling,Prospecting,Engaging,2017-07-20,6
ST-009147,LD4F6QTP,Anna Snelling,Prospecting,Engaging,2017-07-20,17
ST-009148,1FEHFRKX,Anna Snelling,Prospecting,Engaging,2017-07-20,6
ST-009149,DNBR1VHP,Anna Snelling,Prospecting,Engaging,2017-07-20,28
ST-009150,1R2CLEGQ,Anna Snelling,Prospecting,Engaging,2017-07-20,28
ST-009151,KOG75BRP,Anna Snelling,Prospecting,Engaging,2017-07-20,7
ST-009152,KOG75BRP,Anna Snelling,Engaging,Lost,2017-11-11,114
ST-009153,SV3T5L5N,Anna Snelling,Prospecting,Engaging,2017-07-20,6
ST-009154,SV3T5L5N,Anna Snelling,Engaging,Won,2017-07-21,1
ST-009155,THRXY3SV,Anna Snelling,Prospecting,Engaging,2017-07-20,3
ST-009156,THRXY3SV,Anna Snelling,Engaging,Won,2017-08-23,34
ST-009157,9BFHDZOK,Boris Faz,Prospecting,Engaging,2017-07-20,4
ST-009158,9BFHDZOK,Boris Faz,Engaging,Lost,2017-07-30,10
ST-009159,IHOU09D6,Boris Faz,Prospecting,Engaging,2017-07-20,29
ST-009160,IHOU09D6,Boris Faz,Engaging,Won,2017-09-20,62
ST-009161,BJWS06GX,Corliss Cosme,Prospecting,Engaging,2017-07-20,27
ST-009162,BJWS06GX,Corliss Cosme,Engaging,Lost,2017-07-21,1
ST-009163,4IVW7F68,Corliss Cosme,Prospecting,Engaging,2017-07-20,10
ST-009164,4IVW7F68,Corliss Cosme,Engaging,Lost,2017-07-31,11
ST-009165,NSO0UHK1,Daniell Hammack,Prospecting,Engaging,2017-07-20,7
ST-009166,ROSYV895,Daniell Hammack,Prospecting,Engaging,2017-07-20,9
ST-009167,ROSYV895,Daniell Hammack,Engaging,Lost,2017-11-09,112
ST-009168,LHBWJAD3,Darcel Schlecht,Prospecting,Engaging,2017-07-20,29
ST-009169,KRWKDPWW,Darcel Schlecht,Prospecting,Engaging,2017-07-20,15
ST-009170,6V7FT2YU,Darcel Schlecht,Prospecting,Engaging,2017-07-20,14
ST-009171,3V7Q3G52,Darcel Schlecht,Prospecting,Engaging,2017-07-20,24
ST-009172,3V7Q3G52,Darcel Schlecht,Engaging,Lost,2017-07-28,8
ST-009173,4U3OSLNM,Darcel Schlecht,Prospecting,Engaging,2017-07-20,23
ST-009174,4U3OSLNM,Darcel Schlecht,Engaging,Lost,2017-07-28,8
ST-009175,LX4D50OF,Darcel Schlecht,Prospecting,Engaging,2017-07-20,23
ST-009176,LX4D50OF,Darcel Schlecht,Engaging,Lost,2017-08-04,15
ST-009177,CWBHL1S7,Darcel Schlecht,Prospecting,Engaging,2017-07-20,5
ST-009178,CWBHL1S7,Darcel Schlecht,Engaging,Lost,2017-07-28,8
ST-009179,FCBBJJIJ,Darcel Schlecht,Prospecting,Engaging,2017-07-20,21
ST-009180,FCBBJJIJ,Darcel Schlecht,Engaging,Lost,2017-07-23,3
ST-009181,1D1L6FJX,Darcel Schlecht,Prospecting,Engaging,2017-07-20,21
ST-009182,1D1L6FJX,Darcel Schlecht,Engaging,Won,2017-08-17,28
ST-009183,L2P99XIG,Donn Cantrell,Prospecting,Engaging,2017-07-20,11
ST-009184,L2P99XIG,Donn Cantrell,Engaging,Lost,2017-09-21,63
ST-009185,DEN2BPRR,Donn Cantrell,Prospecting,Engaging,2017-07-20,29
ST-009186,DEN2BPRR,Donn Cantrell,Engaging,Lost,2017-09-27,69
ST-009187,1QGOH13Z,Donn Cantrell,Prospecting,Engaging,2017-07-20,5
ST-009188,1QGOH13Z,Donn Cantrell,Engaging,Lost,2017-07-28,8
ST-009189,PCTOIQZA,Gladys Colclough,Prospecting,Engaging,2017-07-20,3
ST-009190,PCTOIQZA,Gladys Colclough,Engaging,Won,2017-11-14,117
ST-009191,OI3UIKVF,Hayden Neloms,Prospecting,Engaging,2017-07-20,5
ST-009192,8AK1G9IT,Hayden Neloms,Prospecting,Engaging,2017-07-20,9
ST-009193,8AK1G9IT,Hayden Neloms,Engaging,Won,2017-11-08,111
ST-009194,GY10EROJ,Jonathan Berthelot,Prospecting,Engaging,2017-07-20,23
ST-009195,90G292UY,Jonathan Berthelot,Prospecting,Engaging,2017-07-20,17
ST-009196,JDHHDOX8,Jonathan Berthelot,Prospecting,Engaging,2017-07-20,28
ST-009197,KTWP0SMT,Jonathan Berthelot,Prospecting,Engaging,2017-07-20,7
ST-009198,29W6WPLA,Jonathan Berthelot,Prospecting,Engaging,2017-07-20,5
ST-009199,CDVDL9I5,Jonathan Berthelot,Prospecting,Engaging,2017-07-20,30
ST-009200,PJ75Q8VM,Jonathan Berthelot,Prospecting,Engaging,2017-07-20,29
ST-009201,0NSRB3EO,Jonathan Berthelot,Prospecting,Engaging,2017-07-20,28
ST-009202,TDJ3N8EJ,Kami Bicknell,Prospecting,Engaging,2017-07-20,13
ST-009203,AEMGFUYH,Kary Hendrixson,Prospecting,Engaging,2017-07-20,6
ST-009204,AEMGFUYH,Kary Hendrixson,Engaging,Won,2017-07-26,6
ST-009205,7439NGIG,Marty Freudenburg,Prospecting,Engaging,2017-07-20,4
ST-009206,6GLF0PU0,Maureen Marcano,Prospecting,Engaging,2017-07-20,17
ST-009207,6GLF0PU0,Maureen Marcano,Engaging,Won,2017-07-27,7
ST-009208,3JW6CZ7K,Moses Frase,Prospecting,Engaging,2017-07-20,4
ST-009209,F3EOBN5A,Moses Frase,Prospecting,Engaging,2017-07-20,8
ST-009210,AERVH1AC,Niesha Huffines,Prospecting,Engaging,2017-07-20,21
ST-009211,BBOWBQA6,Niesha Huffines,Prospecting,Engaging,2017-07-20,16
ST-009212,908W84Y6,Reed Clapper,Prospecting,Engaging,2017-07-20,29
ST-009213,908W84Y6,Reed Clapper,Engaging,Lost,2017-07-22,2
ST-009214,48CVYAIE,Reed Clapper,Prospecting,Engaging,2017-07-20,26
ST-009215,48CVYAIE,Reed Clapper,Engaging,Lost,2017-07-30,10
ST-009216,ULY6LFT1,Rosie Papadopoulos,Prospecting,Engaging,2017-07-20,15
ST-009217,ULY6LFT1,Rosie Papadopoulos,Engaging,Won,2017-07-31,11
ST-009218,IYDR200I,Vicki Laflamme,Prospecting,Engaging,2017-07-20,18
ST-009219,IYDR200I,Vicki Laflamme,Engaging,Lost,2017-07-27,7
ST-009220,2QHB4SYK,Violet Mclelland,Prospecting,Engaging,2017-07-20,3
ST-009221,2QHB4SYK,Violet Mclelland,Engaging,Won,2017-07-28,8
ST-009222,GEQ7KT9J,Wilburn Farren,Prospecting,Engaging,2017-07-20,15
ST-009223,S50ETCN7,Anna Snelling,Prospecting,Engaging,2017-07-21,24
ST-009224,0KRVN3V5,Anna Snelling,Prospecting,Engaging,2017-07-21,16
ST-009225,JNDSA5B4,Anna Snelling,Prospecting,Engaging,2017-07-21,8
ST-009226,JNDSA5B4,Anna Snelling,Engaging,Lost,2017-11-06,108
ST-009227,L3DT2WVO,Boris Faz,Prospecting,Engaging,2017-07-21,14
ST-009228,L3DT2WVO,Boris Faz,Engaging,Won,2017-11-20,122
ST-009229,OCMCRBJR,Boris Faz,Prospecting,Engaging,2017-07-21,9
ST-009230,OCMCRBJR,Boris Faz,Engaging,Won,2017-09-18,59
ST-009231,II0SKLFO,Cassey Cress,Prospecting,Engaging,2017-07-21,8
ST-009232,II0SKLFO,Cassey Cress,Engaging,Won,2017-07-30,9
ST-009233,UJ58VMZT,Cecily Lampkin,Prospecting,Engaging,2017-07-21,11
ST-009234,E8GD44YC,Cecily Lampkin,Prospecting,Engaging,2017-07-21,11
ST-009235,A3T91VUM,Cecily Lampkin,Prospecting,Engaging,2017-07-21,17
ST-009236,LIYJSU0E,Daniell Hammack,Prospecting,Engaging,2017-07-21,7
ST-009237,LIYJSU0E,Daniell Hammack,Engaging,Won,2017-07-22,1
ST-009238,S6YZO6UQ,Darcel Schlecht,Prospecting,Engaging,2017-07-21,4
ST-009239,PI45UJKA,Darcel Schlecht,Prospecting,Engaging,2017-07-21,22
ST-009240,T9QD8U1Y,Darcel Schlecht,Prospecting,Engaging,2017-07-21,22
ST-009241,WLDFQR7Z,Darcel Schlecht,Prospecting,Engaging,2017-07-21,22
ST-009242,PNISVWNN,Darcel Schlecht,Prospecting,Engaging,2017-07-21,10
ST-009243,SEDTNUD7,Darcel Schlecht,Prospecting,Engaging,2017-07-21,23
ST-009244,SEDTNUD7,Darcel Schlecht,Engaging,Won,2017-07-28,7
ST-009245,9UO306XU,Darcel Schlecht,Prospecting,Engaging,2017-07-21,12
ST-009246,9UO306XU,Darcel Schlecht,Engaging,Won,2017-07-26,5
ST-009247,GN16L9RW,Donn Cantrell,Prospecting,Engaging,2017-07-21,18
ST-009248,GN16L9RW,Donn Cantrell,Engaging,Lost,2017-07-22,1
ST-009249,GVRA1VJJ,Donn Cantrell,Prospecting,Engaging,2017-07-21,16
ST-009250,GVRA1VJJ,Donn Cantrell,Engaging,Lost,2017-07-29,8
ST-009251,TBXMDI2Q,Donn Cantrell,Prospecting,Engaging,2017-07-21,20
ST-009252,TBXMDI2Q,Donn Cantrell,Engaging,Won,2017-08-23,33
ST-009253,0HVUV9OY,Gladys Colclough,Prospecting,Engaging,2017-07-21,18
ST-009254,GVJFKHNL,Gladys Colclough,Prospecting,Engaging,2017-07-21,4
ST-009255,COSC7XVA,Gladys Colclough,Prospecting,Engaging,2017-07-21,5
ST-009256,L6CE1E4L,Gladys Colclough,Prospecting,Engaging,2017-07-21,11
ST-009257,L6CE1E4L,Gladys Colclough,Engaging,Lost,2017-11-17,119
ST-009258,RNCYPVJO,Gladys Colclough,Prospecting,Engaging,2017-07-21,15
ST-009259,RNCYPVJO,Gladys Colclough,Engaging,Won,2017-07-31,10
ST-009260,9UTOQBAH,James Ascencio,Prospecting,Engaging,2017-07-21,7
ST-009261,9UTOQBAH,James Ascencio,Engaging,Lost,2017-07-28,7
ST-009262,WARBRUXU,Jonathan Berthelot,Prospecting,Engaging,2017-07-21,16
ST-009263,02K37JAK,Jonathan Berthelot,Prospecting,Engaging,2017-07-21,9
ST-009264,6F5TIV66,Jonathan Berthelot,Prospecting,Engaging,2017-07-21,23
ST-009265,HTEAOHFO,Kami Bicknell,Prospecting,Engaging,2017-07-21,28
ST-009266,PAUXUGK3,Kary Hendrixson,Prospecting,Engaging,2017-07-21,19
ST-009267,PAUXUGK3,Kary Hendrixson,Engaging,Won,2017-07-30,9
ST-009268,VJ9K12PY,Lajuana Vencill,Prospecting,Engaging,2017-07-21,10
ST-009269,HWY9HTK2,Lajuana Vencill,Prospecting,Engaging,2017-07-21,23
ST-009270,HWY9HTK2,Lajuana Vencill,Engaging,Lost,2017-07-29,8
ST-009271,983QHALZ,Lajuana Vencill,Prospecting,Engaging,2017-07-21,28
ST-009272,983QHALZ,Lajuana Vencill,Engaging,Lost,2017-07-30,9
ST-009273,MV7I9RKH,Marty Freudenburg,Prospecting,Engaging,2017-07-21,20
ST-009274,CBQRKYZP,Marty Freudenburg,Prospecting,Engaging,2017-07-21,28
ST-009275,ETLF2H4K,Maureen Marcano,Prospecting,Engaging,2017-07-21,3
ST-009276,XVB2CGL6,Maureen Marcano,Prospecting,Engaging,2017-07-21,15
ST-009277,GE4QGOCI,Moses Frase,Prospecting,Engaging,2017-07-21,28
ST-009278,P5B6BZWO,Moses Frase,Prospecting,Engaging,2017-07-21,25
ST-009279,P5B6BZWO,Moses Frase,Engaging,Won,2017-07-30,9
ST-009280,F7ZPP0C4,Niesha Huffines,Prospecting,Engaging,2017-07-21,14
ST-009281,F7ZPP0C4,Niesha Huffines,Engaging,Lost,2017-07-28,7
ST-009282,N0UCNVKJ,Niesha Huffines,Prospecting,Engaging,2017-07-21,18
ST-009283,N0UCNVKJ,Niesha Huffines,Engaging,Won,2017-07-30,9
ST-009284,5OAWTEIU,Niesha Huffines,Prospecting,Engaging,2017-07-21,20
ST-009285,5OAWTEIU,Niesha Huffines,Engaging,Won,2017-07-28,7
ST-009286,55NG8O95,Rosalina Dieter,Prospecting,Engaging,2017-07-21,28
ST-009287,55NG8O95,Rosalina Dieter,Engaging,Won,2017-09-07,48
ST-009288,DL3Q5HAD,Rosie Papadopoulos,Prospecting,Engaging,2017-07-21,18
ST-009289,DL3Q5HAD,Rosie Papadopoulos,Engaging,Won,2017-08-23,33
ST-009290,3YDXZ4FA,Versie Hillebrand,Prospecting,Engaging,2017-07-21,14
ST-009291,EUBMHJGQ,Versie Hillebrand,Prospecting,Engaging,2017-07-21,21
ST-009292,0T9EBKZL,Versie Hillebrand,Prospecting,Engaging,2017-07-21,19
ST-009293,0T9EBKZL,Versie Hillebrand,Engaging,Won,2017-07-28,7
ST-009294,6KOHYTT4,Versie Hillebrand,Prospecting,Engaging,2017-07-21,13
ST-009295,6KOHYTT4,Versie Hillebrand,Engaging,Won,2017-07-30,9
ST-009296,3L8ECZK8,Versie Hillebrand,Prospecting,Engaging,2017-07-21,15
ST-009297,3L8ECZK8,Versie Hillebrand,Engaging,Won,2017-09-27,68
ST-009298,R69OYH4Z,Vicki Laflamme,Prospecting,Engaging,2017-07-21,11
ST-009299,S0Z4QVL2,Vicki Laflamme,Prospecting,Engaging,2017-07-21,8
ST-009300,JAH8NGC2,Vicki Laflamme,Prospecting,Engaging,2017-07-21,3
ST-009301,JAH8NGC2,Vicki Laflamme,Engaging,Won,2017-09-24,65
ST-009302,I9SPENCQ,Violet Mclelland,Prospecting,Engaging,2017-07-21,13
ST-009303,REAFB3C3,Zane Levy,Prospecting,Engaging,2017-07-21,22
ST-009304,0Z8ZAS2M,Zane Levy,Prospecting,Engaging,2017-07-21,10
ST-009305,VRCYXSP1,Zane Levy,Prospecting,Engaging,2017-07-21,3
ST-009306,93818DZF,Zane Levy,Prospecting,Engaging,2017-07-21,28
ST-009307,93818DZF,Zane Levy,Engaging,Lost,2017-11-18,120
ST-009308,7B3DXNZL,Zane Levy,Prospecting,Engaging,2017-07-21,27
ST-009309,7B3DXNZL,Zane Levy,Engaging,Won,2017-07-22,1
ST-009310,DZAFN4I1,Zane Levy,Prospecting,Engaging,2017-07-21,11
ST-009311,DZAFN4I1,Zane Levy,Engaging,Won,2017-07-23,2
ST-009312,QRR70537,Anna Snelling,Prospecting,Engaging,2017-07-22,4
ST-009313,T4AW06MM,Anna Snelling,Prospecting,Engaging,2017-07-22,28
ST-009314,FEFNNXH1,Anna Snelling,Prospecting,Engaging,2017-07-22,18
ST-009315,3DATPTEH,Anna Snelling,Prospecting,Engaging,2017-07-22,19
ST-009316,FT5U6NIG,Anna Snelling,Prospecting,Engaging,2017-07-22,14
ST-009317,RQF6II3D,Anna Snelling,Prospecting,Engaging,2017-07-22,27
ST-009318,E9J482PX,Anna Snelling,Prospecting,Engaging,2017-07-22,21
ST-009319,RZYCBSQN,Anna Snelling,Prospecting,Engaging,2017-07-22,10
ST-009320,RZYCBSQN,Anna Snelling,Engaging,Lost,2017-07-29,7
ST-009321,84BIAFGY,Anna Snelling,Prospecting,Engaging,2017-07-22,8
ST-009322,84BIAFGY,Anna Snelling,Engaging,Lost,2017-11-03,104
ST-009323,YQACOZV4,Cassey Cress,Prospecting,Engaging,2017-07-22,6
ST-009324,YQACOZV4,Cassey Cress,Engaging,Lost,2017-09-12,52
ST-009325,DNIX6FCG,Cassey Cress,Prospecting,Engaging,2017-07-22,10
ST-009326,DNIX6FCG,Cassey Cress,Engaging,Lost,2017-07-27,5
ST-009327,6U7RD3TG,Cassey Cress,Prospecting,Engaging,2017-07-22,24
ST-009328,6U7RD3TG,Cassey Cress,Engaging,Won,2017-07-23,1
ST-009329,610D6711,Cassey Cress,Prospecting,Engaging,2017-07-22,10
ST-009330,610D6711,Cassey Cress,Engaging,Won,2017-11-23,124
ST-009331,8QDSXHQ8,Cecily Lampkin,Prospecting,Engaging,2017-07-22,11
ST-009332,5DQZSOBE,Cecily Lampkin,Prospecting,Engaging,2017-07-22,20
ST-009333,OT5G3M9A,Cecily Lampkin,Prospecting,Engaging,2017-07-22,29
ST-009334,3Z5NBGAT,Cecily Lampkin,Prospecting,Engaging,2017-07-22,28
ST-009335,3Z5NBGAT,Cecily Lampkin,Engaging,Won,2017-07-23,1
ST-009336,WNRDPS5I,Corliss Cosme,Prospecting,Engaging,2017-07-22,26
ST-009337,WNRDPS5I,Corliss Cosme,Engaging,Lost,2017-08-02,11
ST-009338,ZUSDWKSM,Corliss Cosme,Prospecting,Engaging,2017-07-22,4
ST-009339,ZUSDWKSM,Corliss Cosme,Engaging,Lost,2017-07-29,7
ST-009340,TQQDICC6,Darcel Schlecht,Prospecting,Engaging,2017-07-22,27
ST-009341,P66UXGPS,Darcel Schlecht,Prospecting,Engaging,2017-07-22,10
ST-009342,FY5MBCWQ,Darcel Schlecht,Prospecting,Engaging,2017-07-22,21
ST-009343,UAX2OR58,Darcel Schlecht,Prospecting,Engaging,2017-07-22,30
ST-009344,NK1TQTYO,Darcel Schlecht,Prospecting,Engaging,2017-07-22,28
ST-009345,NK1TQTYO,Darcel Schlecht,Engaging,Lost,2017-07-24,2
ST-009346,676KO0LG,Darcel Schlecht,Prospecting,Engaging,2017-07-22,15
ST-009347,676KO0LG,Darcel Schlecht,Engaging,Won,2017-07-29,7
ST-009348,D6PFP040,Darcel Schlecht,Prospecting,Engaging,2017-07-22,14
ST-009349,D6PFP040,Darcel Schlecht,Engaging,Won,2017-09-05,45
ST-009350,MHMD41XY,Elease Gluck,Prospecting,Engaging,2017-07-22,29
ST-009351,MHMD41XY,Elease Gluck,Engaging,Won,2017-07-23,1
ST-009352,YBY3PA1S,Gladys Colclough,Prospecting,Engaging,2017-07-22,30
ST-009353,751V8OFM,Gladys Colclough,Prospecting,Engaging,2017-07-22,8
ST-009354,33BMGHPN,Gladys Colclough,Prospecting,Engaging,2017-07-22,8
ST-009355,XNHTLVT1,Gladys Colclough,Prospecting,Engaging,2017-07-22,10
ST-009356,8TFYRWZ6,Gladys Colclough,Prospecting,Engaging,2017-07-22,21
ST-009357,LRLER1XS,Hayden Neloms,Prospecting,Engaging,2017-07-22,13
ST-009358,LRLER1XS,Hayden Neloms,Engaging,Won,2017-09-14,54
ST-009359,E26Z10W7,James Ascencio,Prospecting,Engaging,2017-07-22,28
ST-009360,ZTQD4PLQ,Jonathan Berthelot,Prospecting,Engaging,2017-07-22,26
ST-009361,4RWE00T8,Jonathan Berthelot,Prospecting,Engaging,2017-07-22,25
ST-009362,4RWE00T8,Jonathan Berthelot,Engaging,Lost,2017-11-05,106
ST-009363,P3XN6SXX,Jonathan Berthelot,Prospecting,Engaging,2017-07-22,14
ST-009364,P3XN6SXX,Jonathan Berthelot,Engaging,Lost,2017-07-24,2
ST-009365,L65X2CDL,Jonathan Berthelot,Prospecting,Engaging,2017-07-22,21
ST-009366,L65X2CDL,Jonathan Berthelot,Engaging,Lost,2017-11-12,113
ST-009367,12HRYJQH,Kary Hendrixson,Prospecting,Engaging,2017-07-22,3
ST-009368,12HRYJQH,Kary Hendrixson,Engaging,Won,2017-07-23,1
ST-009369,2CZUU9E0,Lajuana Vencill,Prospecting,Engaging,2017-07-22,25
ST-009370,I2ESAAIK,Lajuana Vencill,Prospecting,Engaging,2017-07-22,25
ST-009371,IMLG35AP,Lajuana Vencill,Prospecting,Engaging,2017-07-22,14
ST-009372,0T2CY70E,Lajuana Vencill,Prospecting,Engaging,2017-07-22,21
ST-009373,5ZA8MURX,Markita Hansen,Prospecting,Engaging,2017-07-22,21
ST-009374,5ZA8MURX,Markita Hansen,Engaging,Lost,2017-07-30,8
ST-009375,Y7AC2LSL,Markita Hansen,Prospecting,Engaging,2017-07-22,7
ST-009376,Y7AC2LSL,Markita Hansen,Engaging,Won,2017-09-30,70
ST-009377,ME2X1TEG,Marty Freudenburg,Prospecting,Engaging,2017-07-22,21
ST-009378,ME2X1TEG,Marty Freudenburg,Engaging,Lost,2017-07-24,2
ST-009379,30KP0JMN,Maureen Marcano,Prospecting,Engaging,2017-07-22,9
ST-009380,30KP0JMN,Maureen Marcano,Engaging,Lost,2017-07-23,1
ST-009381,AWCGYWTE,Moses Frase,Prospecting,Engaging,2017-07-22,29
ST-009382,UJTU7DUB,Moses Frase,Prospecting,Engaging,2017-07-22,28
ST-009383,JOLNKYNH,Moses Frase,Prospecting,Engaging,2017-07-22,18
ST-009384,TV2M081C,Moses Frase,Prospecting,Engaging,2017-07-22,20
ST-009385,SJGOQMLT,Moses Frase,Prospecting,Engaging,2017-07-22,12
ST-009386,BG156UAV,Moses Frase,Prospecting,Engaging,2017-07-22,8
ST-009387,BG156UAV,Moses Frase,Engaging,Lost,2017-07-23,1
ST-009388,S7T5AHQH,Moses Frase,Prospecting,Engaging,2017-07-22,18
ST-009389,S7T5AHQH,Moses Frase,Engaging,Won,2017-07-23,1
ST-009390,48UPZJ45,Niesha Huffines,Prospecting,Engaging,2017-07-22,4
ST-009391,48UPZJ45,Niesha Huffines,Engaging,Won,2017-09-28,68
ST-009392,T0SO96YG,Reed Clapper,Prospecting,Engaging,2017-07-22,5
ST-009393,T0SO96YG,Reed Clapper,Engaging,Lost,2017-07-30,8
ST-009394,YCQABCDI,Reed Clapper,Prospecting,Engaging,2017-07-22,4
ST-009395,YCQABCDI,Reed Clapper,Engaging,Won,2017-11-03,104
ST-009396,MM79TSUR,Versie Hillebrand,Prospecting,Engaging,2017-07-22,10
ST-009397,INLVV78V,Versie Hillebrand,Prospecting,Engaging,2017-07-22,22
ST-009398,4JTH72JR,Versie Hillebrand,Prospecting,Engaging,2017-07-22,10
ST-009399,TTKPNDTP,Versie Hillebrand,Prospecting,Engaging,2017-07-22,3
ST-009400,8JZ4R9BW,Versie Hillebrand,Prospecting,Engaging,2017-07-22,19
ST-009401,8JZ4R9BW,Versie Hillebrand,Engaging,Lost,2017-11-04,105
ST-009402,PTFOEUO4,Versie Hillebrand,Prospecting,Engaging,2017-07-22,18
ST-009403,PTFOEUO4,Versie Hillebrand,Engaging,Lost,2017-07-23,1
ST-009404,ZCCBTBIQ,Vicki Laflamme,Prospecting,Engaging,2017-07-22,3
ST-009405,ZCCBTBIQ,Vicki Laflamme,Engaging,Lost,2017-07-23,1
ST-009406,1TJ6WP5R,Vicki Laflamme,Prospecting,Engaging,2017-07-22,13
ST-009407,1TJ6WP5R,Vicki Laflamme,Engaging,Won,2017-09-23,63
ST-009408,QELHQ898,Zane Levy,Prospecting,Engaging,2017-07-22,22
ST-009409,J732416R,Anna Snelling,Prospecting,Engaging,2017-07-23,9
ST-009410,IAUXJ05J,Anna Snelling,Prospecting,Engaging,2017-07-23,28
ST-009411,G7H64S20,Anna Snelling,Prospecting,Engaging,2017-07-23,7
ST-009412,9Q7NSPTF,Cassey Cress,Prospecting,Engaging,2017-07-23,13
ST-009413,WHF75273,Cassey Cress,Prospecting,Engaging,2017-07-23,25
ST-009414,WHF75273,Cassey Cress,Engaging,Won,2017-09-05,44
ST-009415,AH58AQ3B,Cecily Lampkin,Prospecting,Engaging,2017-07-23,8
ST-009416,AH58AQ3B,Cecily Lampkin,Engaging,Won,2017-07-24,1
ST-009417,292W4P09,Corliss Cosme,Prospecting,Engaging,2017-07-23,28
ST-009418,292W4P09,Corliss Cosme,Engaging,Won,2017-07-25,2
ST-009419,MG0LTCCE,Daniell Hammack,Prospecting,Engaging,2017-07-23,30
ST-009420,MG0LTCCE,Daniell Hammack,Engaging,Won,2017-07-30,7
ST-009421,ZRCQXB38,Darcel Schlecht,Prospecting,Engaging,2017-07-23,30
ST-009422,EJJCUJ3P,Darcel Schlecht,Prospecting,Engaging,2017-07-23,13
ST-009423,ODFL6HOF,Darcel Schlecht,Prospecting,Engaging,2017-07-23,4
ST-009424,Q1HNDPKW,Darcel Schlecht,Prospecting,Engaging,2017-07-23,3
ST-009425,ANNUH4KM,Darcel Schlecht,Prospecting,Engaging,2017-07-23,7
ST-009426,ANNUH4KM,Darcel Schlecht,Engaging,Won,2017-11-20,120
ST-009427,L3V8UK9H,Darcel Schlecht,Prospecting,Engaging,2017-07-23,21
ST-009428,L3V8UK9H,Darcel Schlecht,Engaging,Won,2017-07-31,8
ST-009429,2CRE26AC,Elease Gluck,Prospecting,Engaging,2017-07-23,25
ST-009430,2CRE26AC,Elease Gluck,Engaging,Won,2017-07-25,2
ST-009431,6GG9CSTV,Gladys Colclough,Prospecting,Engaging,2017-07-23,7
ST-009432,5WSQ6D2E,Gladys Colclough,Prospecting,Engaging,2017-07-23,27
ST-009433,3J1LNCA4,Hayden Neloms,Prospecting,Engaging,2017-07-23,6
ST-009434,3J1LNCA4,Hayden Neloms,Engaging,Lost,2017-07-31,8
ST-009435,4PDYHVX1,James Ascencio,Prospecting,Engaging,2017-07-23,30
ST-009436,4PDYHVX1,James Ascencio,Engaging,Won,2017-07-25,2
ST-009437,BICJY3FZ,Jonathan Berthelot,Prospecting,Engaging,2017-07-23,19
ST-009438,BICJY3FZ,Jonathan Berthelot,Engaging,Won,2017-11-19,119
ST-009439,4P12PLQA,Kami Bicknell,Prospecting,Engaging,2017-07-23,30
ST-009440,4P12PLQA,Kami Bicknell,Engaging,Won,2017-07-28,5
ST-009441,4942W0E7,Kami Bicknell,Prospecting,Engaging,2017-07-23,14
ST-009442,4942W0E7,Kami Bicknell,Engaging,Won,2017-08-20,28
ST-009443,TGTJ0NBT,Kary Hendrixson,Prospecting,Engaging,2017-07-23,5
ST-009444,TGTJ0NBT,Kary Hendrixson,Engaging,Lost,2017-07-30,7
ST-009445,K6MTPSB5,Lajuana Vencill,Prospecting,Engaging,2017-07-23,14
ST-009446,D2QPN9LN,Lajuana Vencill,Prospecting,Engaging,2017-07-23,25
ST-009447,021Z2J9L,Markita Hansen,Prospecting,Engaging,2017-07-23,24
ST-009448,W8W6N0LL,Markita Hansen,Prospecting,Engaging,2017-07-23,15
ST-009449,W8W6N0LL,Markita Hansen,Engaging,Lost,2017-11-07,107
ST-009450,SEF4LOIS,Marty Freudenburg,Prospecting,Engaging,2017-07-23,21
ST-009451,SEF4LOIS,Marty Freudenburg,Engaging,Lost,2017-07-25,2
ST-009452,BNIU5YZ2,Marty Freudenburg,Prospecting,Engaging,2017-07-23,6
ST-009453,BNIU5YZ2,Marty Freudenburg,Engaging,Won,2017-08-07,15
ST-009454,CPK36NED,Marty Freudenburg,Prospecting,Engaging,2017-07-23,13
ST-009455,CPK36NED,Marty Freudenburg,Engaging,Won,2017-08-02,10
ST-009456,VYWQ3U5S,Maureen Marcano,Prospecting,Engaging,2017-07-23,12
ST-009457,VYWQ3U5S,Maureen Marcano,Engaging,Lost,2017-11-10,110
ST-009458,HDWQM6JT,Maureen Marcano,Prospecting,Engaging,2017-07-23,13
ST-009459,HDWQM6JT,Maureen Marcano,Engaging,Lost,2017-07-28,5
ST-009460,EYBMEX1Z,Moses Frase,Prospecting,Engaging,2017-07-23,7
ST-009461,T0MUE2H7,Moses Frase,Prospecting,Engaging,2017-07-23,8
ST-009462,T0MUE2H7,Moses Frase,Engaging,Lost,2017-08-06,14
ST-009463,G1M1KVHU,Niesha Huffines,Prospecting,Engaging,2017-07-23,26
ST-009464,LXS3Z82E,Niesha Huffines,Prospecting,Engaging,2017-07-23,16
ST-009465,ZDRRL61D,Niesha Huffines,Prospecting,Engaging,2017-07-23,28
ST-009466,ZDRRL61D,Niesha Huffines,Engaging,Lost,2017-07-25,2
ST-009467,YRWX35AS,Reed Clapper,Prospecting,Engaging,2017-07-23,23
ST-009468,YRWX35AS,Reed Clapper,Engaging,Lost,2017-07-31,8
ST-009469,YT5I3AUS,Reed Clapper,Prospecting,Engaging,2017-07-23,18
ST-009470,YT5I3AUS,Reed Clapper,Engaging,Won,2017-07-31,8
ST-009471,IS8Z2CQA,Reed Clapper,Prospecting,Engaging,2017-07-23,23
ST-009472,IS8Z2CQA,Reed Clapper,Engaging,Won,2017-07-30,7
ST-009473,S3LATQVJ,Versie Hillebrand,Prospecting,Engaging,2017-07-23,13
ST-009474,P3Z2LYCL,Versie Hillebrand,Prospecting,Engaging,2017-07-23,8
ST-009475,LPR6G7AE,Versie Hillebrand,Prospecting,Engaging,2017-07-23,25
ST-009476,LPR6G7AE,Versie Hillebrand,Engaging,Lost,2017-07-28,5
ST-009477,CJAQVPDP,Versie Hillebrand,Prospecting,Engaging,2017-07-23,20
ST-009478,CJAQVPDP,Versie Hillebrand,Engaging,Lost,2017-09-05,44
ST-009479,757V8R2Z,Violet Mclelland,Prospecting,Engaging,2017-07-23,25
ST-009480,757V8R2Z,Violet Mclelland,Engaging,Won,2017-09-01,40
ST-009481,7KUYF1U3,Violet Mclelland,Prospecting,Engaging,2017-07-23,22
ST-009482,7KUYF1U3,Violet Mclelland,Engaging,Won,2017-08-06,14
ST-009483,7QE84GCH,Violet Mclelland,Prospecting,Engaging,2017-07-23,28
ST-009484,7QE84GCH,Violet Mclelland,Engaging,Won,2017-09-12,51
ST-009485,1WA46LC9,Wilburn Farren,Prospecting,Engaging,2017-07-23,14
ST-009486,1WA46LC9,Wilburn Farren,Engaging,Won,2017-07-30,7
ST-009487,MIGDLH14,Zane Levy,Prospecting,Engaging,2017-07-23,10
ST-009488,L9CJZZ59,Zane Levy,Prospecting,Engaging,2017-07-23,24
ST-009489,L9CJZZ59,Zane Levy,Engaging,Lost,2017-09-29,68
ST-009490,7FZ9CBZ3,Anna Snelling,Prospecting,Engaging,2017-07-24,21
ST-009491,513PSPBN,Anna Snelling,Prospecting,Engaging,2017-07-24,29
ST-009492,JWUWBI4D,Anna Snelling,Prospecting,Engaging,2017-07-24,8
ST-009493,JWUWBI4D,Anna Snelling,Engaging,Lost,2017-09-03,41
ST-009494,11LIZUQE,Cassey Cress,Prospecting,Engaging,2017-07-24,15
ST-009495,GHB3UIDV,Corliss Cosme,Prospecting,Engaging,2017-07-24,12
ST-009496,GHB3UIDV,Corliss Cosme,Engaging,Won,2017-07-26,2
ST-009497,0TC6I9SJ,Darcel Schlecht,Prospecting,Engaging,2017-07-24,26
ST-009498,WGFTBY3W,Darcel Schlecht,Prospecting,Engaging,2017-07-24,25
ST-009499,NCCB118E,Darcel Schlecht,Prospecting,Engaging,2017-07-24,12
ST-009500,WSQHC199,Darcel Schlecht,Prospecting,Engaging,2017-07-24,7
ST-009501,VV6T07G4,Darcel Schlecht,Prospecting,Engaging,2017-07-24,8
ST-009502,23R03LTJ,Darcel Schlecht,Prospecting,Engaging,2017-07-24,26
ST-009503,23R03LTJ,Darcel Schlecht,Engaging,Won,2017-08-07,14
ST-009504,AHUTOSMS,Darcel Schlecht,Prospecting,Engaging,2017-07-24,3
ST-009505,AHUTOSMS,Darcel Schlecht,Engaging,Won,2017-07-31,7
ST-009506,2T3QDLXY,Donn Cantrell,Prospecting,Engaging,2017-07-24,25
ST-009507,2T3QDLXY,Donn Cantrell,Engaging,Won,2017-07-26,2
ST-009508,J5DVK5F3,Donn Cantrell,Prospecting,Engaging,2017-07-24,21
ST-009509,J5DVK5F3,Donn Cantrell,Engaging,Won,2017-11-02,101
ST-009510,M3PCMYJ0,Elease Gluck,Prospecting,Engaging,2017-07-24,15
ST-009511,M3PCMYJ0,Elease Gluck,Engaging,Won,2017-08-06,13
ST-009512,H5RRJOD9,Elease Gluck,Prospecting,Engaging,2017-07-24,30
ST-009513,H5RRJOD9,Elease Gluck,Engaging,Won,2017-07-30,6
ST-009514,7OZ7L8BB,Gladys Colclough,Prospecting,Engaging,2017-07-24,27
ST-009515,RTWAUR7C,Gladys Colclough,Prospecting,Engaging,2017-07-24,21
ST-009516,BUQ655AB,Gladys Colclough,Prospecting,Engaging,2017-07-24,4
ST-009517,BUQ655AB,Gladys Colclough,Engaging,Won,2017-09-27,65
ST-009518,QDNA6HW3,Gladys Colclough,Prospecting,Engaging,2017-07-24,8
ST-009519,QDNA6HW3,Gladys Colclough,Engaging,Won,2017-08-07,14
ST-009520,QGXJLNK1,Jonathan Berthelot,Prospecting,Engaging,2017-07-24,22
ST-009521,T0VHKKCN,Jonathan Berthelot,Prospecting,Engaging,2017-07-24,13
ST-009522,T0VHKKCN,Jonathan Berthelot,Engaging,Lost,2017-07-25,1
ST-009523,E3Z74U5K,Lajuana Vencill,Prospecting,Engaging,2017-07-24,28
ST-009524,7R0TEEHW,Lajuana Vencill,Prospecting,Engaging,2017-07-24,22
ST-009525,7R0TEEHW,Lajuana Vencill,Engaging,Lost,2017-08-28,35
ST-009526,Q3HHDSDS,Marty Freudenburg,Prospecting,Engaging,2017-07-24,10
ST-009527,0S6OQ9AO,Marty Freudenburg,Prospecting,Engaging,2017-07-24,23
ST-009528,CA3BRUJO,Marty Freudenburg,Prospecting,Engaging,2017-07-24,21
ST-009529,CA3BRUJO,Marty Freudenburg,Engaging,Won,2017-07-25,1
ST-009530,7AFBJFP5,Maureen Marcano,Prospecting,Engaging,2017-07-24,6
ST-009531,7MP6KLZO,Moses Frase,Prospecting,Engaging,2017-07-24,18
ST-009532,2TYZRE2R,Moses Frase,Prospecting,Engaging,2017-07-24,7
ST-009533,U5K1Y35J,Moses Frase,Prospecting,Engaging,2017-07-24,13
ST-009534,U5K1Y35J,Moses Frase,Engaging,Won,2017-07-25,1
ST-009535,H2FCUPHJ,Niesha Huffines,Prospecting,Engaging,2017-07-24,26
ST-009536,Y7TVU9AY,Niesha Huffines,Prospecting,Engaging,2017-07-24,5
ST-009537,Y7TVU9AY,Niesha Huffines,Engaging,Lost,2017-11-06,105
ST-009538,ZNZCBGN7,Rosie Papadopoulos,Prospecting,Engaging,2017-07-24,10
ST-009539,ZNZCBGN7,Rosie Papadopoulos,Engaging,Lost,2017-07-26,2
ST-009540,IT2UBEW4,Rosie Papadopoulos,Prospecting,Engaging,2017-07-24,14
ST-009541,IT2UBEW4,Rosie Papadopoulos,Engaging,Won,2017-07-25,1
ST-009542,806KPNNN,Versie Hillebrand,Prospecting,Engaging,2017-07-24,13
ST-009543,8Y4LJOJ0,Versie Hillebrand,Prospecting,Engaging,2017-07-24,8
ST-009544,Z7EBMMAE,Versie Hillebrand,Prospecting,Engaging,2017-07-24,23
ST-009545,KT4OEP4X,Versie Hillebrand,Prospecting,Engaging,2017-07-24,5
ST-009546,ODHVHXKS,Versie Hillebrand,Prospecting,Engaging,2017-07-24,29
ST-009547,SZS2IPM3,Versie Hillebrand,Prospecting,Engaging,2017-07-24,25
ST-009548,YY2DWBG5,Versie Hillebrand,Prospecting,Engaging,2017-07-24,24
ST-009549,X19CKKZ1,Versie Hillebrand,Prospecting,Engaging,2017-07-24,23
ST-009550,X19CKKZ1,Versie Hillebrand,Engaging,Won,2017-07-31,7
ST-009551,DZOLKFK6,Vicki Laflamme,Prospecting,Engaging,2017-07-24,26
ST-009552,DZOLKFK6,Vicki Laflamme,Engaging,Lost,2017-11-21,120
ST-009553,H5E0GSHQ,Violet Mclelland,Prospecting,Engaging,2017-07-24,13
ST-009554,H5E0GSHQ,Violet Mclelland,Engaging,Lost,2017-07-30,6
ST-009555,P91SQBST,Anna Snelling,Prospecting,Engaging,2017-07-25,17
ST-009556,4DLY9ZDH,Anna Snelling,Prospecting,Engaging,2017-07-25,3
ST-009557,ZNEQXZZK,Anna Snelling,Prospecting,Engaging,2017-07-25,11
ST-009558,CBPVAIQ7,Boris Faz,Prospecting,Engaging,2017-07-25,9
ST-009559,CBPVAIQ7,Boris Faz,Engaging,Lost,2017-08-03,9
ST-009560,JND57DH5,Boris Faz,Prospecting,Engaging,2017-07-25,10
ST-009561,JND57DH5,Boris Faz,Engaging,Won,2017-08-01,7
ST-009562,8PUH80YZ,Cassey Cress,Prospecting,Engaging,2017-07-25,25
ST-009563,8PUH80YZ,Cassey Cress,Engaging,Won,2017-08-21,27
ST-009564,22WVAXR2,Cassey Cress,Prospecting,Engaging,2017-07-25,5
ST-009565,22WVAXR2,Cassey Cress,Engaging,Won,2017-07-29,4
ST-009566,VVO21D4Z,Cecily Lampkin,Prospecting,Engaging,2017-07-25,14
ST-009567,SXFE42KG,Cecily Lampkin,Prospecting,Engaging,2017-07-25,11
ST-009568,MA9SBSLE,Cecily Lampkin,Prospecting,Engaging,2017-07-25,28
ST-009569,MA9SBSLE,Cecily Lampkin,Engaging,Lost,2017-07-27,2
ST-009570,PKRDEUWE,Corliss Cosme,Prospecting,Engaging,2017-07-25,6
ST-009571,PKRDEUWE,Corliss Cosme,Engaging,Lost,2017-08-02,8
ST-009572,LJ5FQGLZ,Daniell Hammack,Prospecting,Engaging,2017-07-25,26
ST-009573,LJ5FQGLZ,Daniell Hammack,Engaging,Won,2017-07-27,2
ST-009574,KMJMLQ4P,Daniell Hammack,Prospecting,Engaging,2017-07-25,3
ST-009575,KMJMLQ4P,Daniell Hammack,Engaging,Won,2017-08-01,7
ST-009576,APIB681L,Darcel Schlecht,Prospecting,Engaging,2017-07-25,4
ST-009577,TFSKOBH7,Darcel Schlecht,Prospecting,Engaging,2017-07-25,15
ST-009578,LUTZ8UQM,Darcel Schlecht,Prospecting,Engaging,2017-07-25,17
ST-009579,1QKDD1OI,Darcel Schlecht,Prospecting,Engaging,2017-07-25,26
ST-009580,2GFL3TAF,Darcel Schlecht,Prospecting,Engaging,2017-07-25,16
ST-009581,CUSWE9PB,Darcel Schlecht,Prospecting,Engaging,2017-07-25,8
ST-009582,XFCKQ7RI,Darcel Schlecht,Prospecting,Engaging,2017-07-25,16
ST-009583,94E71JAP,Darcel Schlecht,Prospecting,Engaging,2017-07-25,18
ST-009584,94E71JAP,Darcel Schlecht,Engaging,Lost,2017-11-13,111
ST-009585,VBVO5X8W,Darcel Schlecht,Prospecting,Engaging,2017-07-25,15
ST-009586,VBVO5X8W,Darcel Schlecht,Engaging,Lost,2017-08-08,14
ST-009587,6UUZ4IJ5,Darcel Schlecht,Prospecting,Engaging,2017-07-25,14
ST-009588,6UUZ4IJ5,Darcel Schlecht,Engaging,Won,2017-08-03,9
ST-009589,6EXXL6M4,Darcel Schlecht,Prospecting,Engaging,2017-07-25,20
ST-009590,6EXXL6M4,Darcel Schlecht,Engaging,Won,2017-07-31,6
ST-009591,L9BTE2RA,Darcel Schlecht,Prospecting,Engaging,2017-07-25,15
ST-009592,L9BTE2RA,Darcel Schlecht,Engaging,Won,2017-09-29,66
ST-009593,EVU2E5ZZ,Donn Cantrell,Prospecting,Engaging,2017-07-25,6
ST-009594,EVU2E5ZZ,Donn Cantrell,Engaging,Lost,2017-08-02,8
ST-009595,PQL5GITI,Gladys Colclough,Prospecting,Engaging,2017-07-25,29
ST-009596,8AK3KGFA,Gladys Colclough,Prospecting,Engaging,2017-07-25,18
ST-009597,PBTSZ2Q2,Gladys Colclough,Prospecting,Engaging,2017-07-25,28
ST-009598,PBTSZ2Q2,Gladys Colclough,Engaging,Lost,2017-11-05,103
ST-009599,7F2DDW3C,Hayden Neloms,Prospecting,Engaging,2017-07-25,30
ST-009600,BEDNZXVE,Jonathan Berthelot,Prospecting,Engaging,2017-07-25,21
ST-009601,D28ANNYX,Kami Bicknell,Prospecting,Engaging,2017-07-25,23
ST-009602,D28ANNYX,Kami Bicknell,Engaging,Won,2017-12-02,130
ST-009603,CGFLLZZI,Kary Hendrixson,Prospecting,Engaging,2017-07-25,27
ST-009604,GZ6SFRAT,Lajuana Vencill,Prospecting,Engaging,2017-07-25,24
ST-009605,JH643YRI,Lajuana Vencill,Prospecting,Engaging,2017-07-25,10
ST-009606,YCQTM2BQ,Lajuana Vencill,Prospecting,Engaging,2017-07-25,8
ST-009607,30OFYJUN,Lajuana Vencill,Prospecting,Engaging,2017-07-25,17
ST-009608,30OFYJUN,Lajuana Vencill,Engaging,Lost,2017-07-31,6
ST-009609,10ICDVM2,Lajuana Vencill,Prospecting,Engaging,2017-07-25,5
ST-009610,10ICDVM2,Lajuana Vencill,Engaging,Won,2017-07-30,5
ST-009611,KUAZF4E7,Markita Hansen,Prospecting,Engaging,2017-07-25,28
ST-009612,KUAZF4E7,Markita Hansen,Engaging,Lost,2017-11-27,125
ST-009613,Y3TOQUQI,Marty Freudenburg,Prospecting,Engaging,2017-07-25,30
ST-009614,RV5Y8DRY,Marty Freudenburg,Prospecting,Engaging,2017-07-25,4
ST-009615,HJRM13DI,Marty Freudenburg,Prospecting,Engaging,2017-07-25,12
ST-009616,IVANA47K,Marty Freudenburg,Prospecting,Engaging,2017-07-25,3
ST-009617,IVANA47K,Marty Freudenburg,Engaging,Won,2017-07-27,2
ST-009618,G2XP6IGJ,Moses Frase,Prospecting,Engaging,2017-07-25,13
ST-009619,MLD3WEJC,Moses Frase,Prospecting,Engaging,2017-07-25,11
ST-009620,DZP0MNRM,Niesha Huffines,Prospecting,Engaging,2017-07-25,6
ST-009621,OBC504T8,Niesha Huffines,Prospecting,Engaging,2017-07-25,5
ST-009622,CMW6IQJI,Niesha Huffines,Prospecting,Engaging,2017-07-25,13
ST-009623,4KP2GEFF,Niesha Huffines,Prospecting,Engaging,2017-07-25,8
ST-009624,4KP2GEFF,Niesha Huffines,Engaging,Won,2017-11-03,101
ST-009625,8ODHXBNE,Rosalina Dieter,Prospecting,Engaging,2017-07-25,15
ST-009626,VO1YR5CY,Versie Hillebrand,Prospecting,Engaging,2017-07-25,8
ST-009627,FHPRER2D,Versie Hillebrand,Prospecting,Engaging,2017-07-25,26
ST-009628,WOB1ULFR,Versie Hillebrand,Prospecting,Engaging,2017-07-25,5
ST-009629,WOB1ULFR,Versie Hillebrand,Engaging,Won,2017-11-04,102
ST-009630,7IKDD9UG,Violet Mclelland,Prospecting,Engaging,2017-07-25,20
ST-009631,7IKDD9UG,Violet Mclelland,Engaging,Won,2017-07-26,1
ST-009632,UVCHXUIG,Anna Snelling,Prospecting,Engaging,2017-07-26,5
ST-009633,V02WMIWK,Anna Snelling,Prospecting,Engaging,2017-07-26,13
ST-009634,59SUBXGP,Anna Snelling,Prospecting,Engaging,2017-07-26,22
ST-009635,59SUBXGP,Anna Snelling,Engaging,Won,2017-12-02,129
ST-009636,37UCYEDY,Cassey Cress,Prospecting,Engaging,2017-07-26,22
ST-009637,TFL3C3JS,Cassey Cress,Prospecting,Engaging,2017-07-26,18
ST-009638,TFL3C3JS,Cassey Cress,Engaging,Won,2017-09-27,63
ST-009639,EM3NYEYC,Cecily Lampkin,Prospecting,Engaging,2017-07-26,25
ST-009640,EM3NYEYC,Cecily Lampkin,Engaging,Lost,2017-07-31,5
ST-009641,1976N63N,Darcel Schlecht,Prospecting,Engaging,2017-07-26,3
ST-009642,7TFHGN6O,Darcel Schlecht,Prospecting,Engaging,2017-07-26,16
ST-009643,L6223VHA,Darcel Schlecht,Prospecting,Engaging,2017-07-26,23
ST-009644,TJ7PNIXL,Darcel Schlecht,Prospecting,Engaging,2017-07-26,8
ST-009645,VMBM5EKL,Darcel Schlecht,Prospecting,Engaging,2017-07-26,22
ST-009646,8TD2LLOF,Darcel Schlecht,Prospecting,Engaging,2017-07-26,16
ST-009647,KPFV2AAL,Darcel Schlecht,Prospecting,Engaging,2017-07-26,8
ST-009648,KPFV2AAL,Darcel Schlecht,Engaging,Lost,2017-11-17,114
ST-009649,V2JOV5MF,Darcel Schlecht,Prospecting,Engaging,2017-07-26,4
ST-009650,V2JOV5MF,Darcel Schlecht,Engaging,Won,2017-07-27,1
ST-009651,DEVXF86R,Donn Cantrell,Prospecting,Engaging,2017-07-26,6
ST-009652,DEVXF86R,Donn Cantrell,Engaging,Lost,2017-09-29,65
ST-009653,VA9AGU75,Donn Cantrell,Prospecting,Engaging,2017-07-26,13
ST-009654,VA9AGU75,Donn Cantrell,Engaging,Lost,2017-09-26,62
ST-009655,0MKW8IPC,Donn Cantrell,Prospecting,Engaging,2017-07-26,9
ST-009656,0MKW8IPC,Donn Cantrell,Engaging,Won,2017-07-28,2
ST-009657,7RLLNAYC,Gladys Colclough,Prospecting,Engaging,2017-07-26,9
ST-009658,BRDB1I76,Gladys Colclough,Prospecting,Engaging,2017-07-26,16
ST-009659,EFKPYBI9,Gladys Colclough,Prospecting,Engaging,2017-07-26,25
ST-009660,P8P9MKJL,Gladys Colclough,Prospecting,Engaging,2017-07-26,20
ST-009661,P8P9MKJL,Gladys Colclough,Engaging,Won,2017-09-23,59
ST-009662,S7PY8R2V,Gladys Colclough,Prospecting,Engaging,2017-07-26,26
ST-009663,S7PY8R2V,Gladys Colclough,Engaging,Won,2017-07-28,2
ST-009664,PW9DTZON,James Ascencio,Prospecting,Engaging,2017-07-26,26
ST-009665,G0DTQHIC,Jonathan Berthelot,Prospecting,Engaging,2017-07-26,20
ST-009666,75WYC9TY,Jonathan Berthelot,Prospecting,Engaging,2017-07-26,11
ST-009667,75WYC9TY,Jonathan Berthelot,Engaging,Lost,2017-07-30,4
ST-009668,FPLXC8Z3,Kary Hendrixson,Prospecting,Engaging,2017-07-26,24
ST-009669,CEWDZ3ZD,Kary Hendrixson,Prospecting,Engaging,2017-07-26,12
ST-009670,CEWDZ3ZD,Kary Hendrixson,Engaging,Won,2017-08-10,15
ST-009671,OD895EQM,Lajuana Vencill,Prospecting,Engaging,2017-07-26,12
ST-009672,KPH05GU8,Lajuana Vencill,Prospecting,Engaging,2017-07-26,10
ST-009673,VBB0LCEN,Lajuana Vencill,Prospecting,Engaging,2017-07-26,6
ST-009674,F56MSU4B,Lajuana Vencill,Prospecting,Engaging,2017-07-26,4
ST-009675,F56MSU4B,Lajuana Vencill,Engaging,Lost,2017-07-30,4
ST-009676,BR18O9U1,Marty Freudenburg,Prospecting,Engaging,2017-07-26,15
ST-009677,BR18O9U1,Marty Freudenburg,Engaging,Won,2017-07-28,2
ST-009678,88CM27UB,Maureen Marcano,Prospecting,Engaging,2017-07-26,21
ST-009679,88CM27UB,Maureen Marcano,Engaging,Lost,2017-07-30,4
ST-009680,IK7LMFER,Moses Frase,Prospecting,Engaging,2017-07-26,20
ST-009681,P3K1DVYB,Moses Frase,Prospecting,Engaging,2017-07-26,29
ST-009682,BB1PRS3T,Moses Frase,Prospecting,Engaging,2017-07-26,18
ST-009683,WQ5U8PPM,Niesha Huffines,Prospecting,Engaging,2017-07-26,7
ST-009684,Q5GNQ823,Vicki Laflamme,Prospecting,Engaging,2017-07-26,4
ST-009685,BE0RAJF5,Vicki Laflamme,Prospecting,Engaging,2017-07-26,14
ST-009686,BE0RAJF5,Vicki Laflamme,Engaging,Lost,2017-08-06,11
ST-009687,KO7UWLAU,Wilburn Farren,Prospecting,Engaging,2017-07-26,3
ST-009688,KO7UWLAU,Wilburn Farren,Engaging,Won,2017-07-28,2
ST-009689,T50TV9SO,Zane Levy,Prospecting,Engaging,2017-07-26,16
ST-009690,4SJGBWQL,Zane Levy,Prospecting,Engaging,2017-07-26,5
ST-009691,4SJGBWQL,Zane Levy,Engaging,Lost,2017-07-27,1
ST-009692,AWFSNZ2U,Zane Levy,Prospecting,Engaging,2017-07-26,12
ST-009693,AWFSNZ2U,Zane Levy,Engaging,Won,2017-12-01,128
ST-009694,S3E48VE0,Zane Levy,Prospecting,Engaging,2017-07-26,29
ST-009695,S3E48VE0,Zane Levy,Engaging,Won,2017-09-26,62
ST-009696,N9GIC5PC,Anna Snelling,Prospecting,Engaging,2017-07-27,24
ST-009697,1T5WFCEJ,Anna Snelling,Prospecting,Engaging,2017-07-27,23
ST-009698,1XJFMYCW,Anna Snelling,Prospecting,Engaging,2017-07-27,22
ST-009699,YYU1J6E1,Anna Snelling,Prospecting,Engaging,2017-07-27,18
ST-009700,SCR1IKLQ,Anna Snelling,Prospecting,Engaging,2017-07-27,9
ST-009701,SCR1IKLQ,Anna Snelling,Engaging,Won,2017-07-29,2
ST-009702,IF8PILJR,Anna Snelling,Prospecting,Engaging,2017-07-27,6
ST-009703,IF8PILJR,Anna Snelling,Engaging,Won,2017-07-29,2
ST-009704,2K52EH11,Cassey Cress,Prospecting,Engaging,2017-07-27,3
ST-009705,2K52EH11,Cassey Cress,Engaging,Lost,2017-12-12,138
ST-009706,KPYCCBQA,Cecily Lampkin,Prospecting,Engaging,2017-07-27,9
ST-009707,HTY5G7DI,Cecily Lampkin,Prospecting,Engaging,2017-07-27,8
ST-009708,HTY5G7DI,Cecily Lampkin,Engaging,Won,2017-08-02,6
ST-009709,TX88GTDE,Corliss Cosme,Prospecting,Engaging,2017-07-27,23
ST-009710,TX88GTDE,Corliss Cosme,Engaging,Lost,2017-07-29,2
ST-009711,SSK95WLX,Darcel Schlecht,Prospecting,Engaging,2017-07-27,12
ST-009712,PQ104BT2,Darcel Schlecht,Prospecting,Engaging,2017-07-27,5
ST-009713,GQ7H31ZJ,Darcel Schlecht,Prospecting,Engaging,2017-07-27,18
ST-009714,9B7FS6YL,Darcel Schlecht,Prospecting,Engaging,2017-07-27,30
ST-009715,M6JT5RL8,Darcel Schlecht,Prospecting,Engaging,2017-07-27,6
ST-009716,45H84LNT,Darcel Schlecht,Prospecting,Engaging,2017-07-27,12
ST-009717,E8MIFXOH,Darcel Schlecht,Prospecting,Engaging,2017-07-27,28
ST-009718,UO8DLVVQ,Darcel Schlecht,Prospecting,Engaging,2017-07-27,15
ST-009719,R7H0M07R,Darcel Schlecht,Prospecting,Engaging,2017-07-27,18
ST-009720,JQ5AOYQ8,Darcel Schlecht,Prospecting,Engaging,2017-07-27,18
ST-009721,2GQH9FKJ,Darcel Schlecht,Prospecting,Engaging,2017-07-27,24
ST-009722,2GQH9FKJ,Darcel Schlecht,Engaging,Won,2017-08-09,13
ST-009723,MW3K8553,Darcel Schlecht,Prospecting,Engaging,2017-07-27,11
ST-009724,MW3K8553,Darcel Schlecht,Engaging,Won,2017-08-23,27
ST-009725,G7RZTAMV,Gladys Colclough,Prospecting,Engaging,2017-07-27,5
ST-009726,82K9NWKO,Gladys Colclough,Prospecting,Engaging,2017-07-27,23
ST-009727,E41SDK40,Gladys Colclough,Prospecting,Engaging,2017-07-27,20
ST-009728,E41SDK40,Gladys Colclough,Engaging,Lost,2017-09-15,50
ST-009729,RFXH6VDX,Hayden Neloms,Prospecting,Engaging,2017-07-27,15
ST-009730,RDFUGEA2,James Ascencio,Prospecting,Engaging,2017-07-27,8
ST-009731,RDFUGEA2,James Ascencio,Engaging,Won,2017-09-15,50
ST-009732,64KHY8MT,Jonathan Berthelot,Prospecting,Engaging,2017-07-27,14
ST-009733,5PWO4RPC,Jonathan Berthelot,Prospecting,Engaging,2017-07-27,15
ST-009734,PU62ZGX4,Jonathan Berthelot,Prospecting,Engaging,2017-07-27,14
ST-009735,EVDKJDY3,Jonathan Berthelot,Prospecting,Engaging,2017-07-27,8
ST-009736,I8TEUO2C,Kami Bicknell,Prospecting,Engaging,2017-07-27,17
ST-009737,I8TEUO2C,Kami Bicknell,Engaging,Won,2017-08-10,14
ST-009738,BY1TB6D2,Markita Hansen,Prospecting,Engaging,2017-07-27,4
ST-009739,BY1TB6D2,Markita Hansen,Engaging,Won,2017-07-28,1
ST-009740,WX546S1D,Marty Freudenburg,Prospecting,Engaging,2017-07-27,11
ST-009741,S2Y2Q1D2,Marty Freudenburg,Prospecting,Engaging,2017-07-27,17
ST-009742,PYRLUYIQ,Marty Freudenburg,Prospecting,Engaging,2017-07-27,17
ST-009743,2AMVTZLM,Marty Freudenburg,Prospecting,Engaging,2017-07-27,11
ST-009744,2AMVTZLM,Marty Freudenburg,Engaging,Lost,2017-08-01,5
ST-009745,8IOAX81S,Marty Freudenburg,Prospecting,Engaging,2017-07-27,10
ST-009746,8IOAX81S,Marty Freudenburg,Engaging,Won,2017-08-07,11
ST-009747,EN8JHUXA,Moses Frase,Prospecting,Engaging,2017-07-27,29
ST-009748,I3IRJZRL,Niesha Huffines,Prospecting,Engaging,2017-07-27,11
ST-009749,51H02FX1,Niesha Huffines,Prospecting,Engaging,2017-07-27,21
ST-009750,9SRD5NCR,Rosalina Dieter,Prospecting,Engaging,2017-07-27,4
ST-009751,EYWL3H5G,Rosalina Dieter,Prospecting,Engaging,2017-07-27,7
ST-009752,EYWL3H5G,Rosalina Dieter,Engaging,Lost,2017-07-28,1
ST-009753,18YA4UUP,Versie Hillebrand,Prospecting,Engaging,2017-07-27,27
ST-009754,WVT3X6IC,Versie Hillebrand,Prospecting,Engaging,2017-07-27,25
ST-009755,YUGFGRUT,Vicki Laflamme,Prospecting,Engaging,2017-07-27,24
ST-009756,YUGFGRUT,Vicki Laflamme,Engaging,Won,2017-08-06,10
ST-009757,VD2KHXRY,Zane Levy,Prospecting,Engaging,2017-07-27,6
ST-009758,P7MSQO38,Anna Snelling,Prospecting,Engaging,2017-07-28,5
ST-009759,10QE4JCA,Anna Snelling,Prospecting,Engaging,2017-07-28,24
ST-009760,O6B0YK1X,Anna Snelling,Prospecting,Engaging,2017-07-28,14
ST-009761,O6B0YK1X,Anna Snelling,Engaging,Lost,2017-08-03,6
ST-009762,DXRG254A,Boris Faz,Prospecting,Engaging,2017-07-28,28
ST-009763,NLWICKPS,Cassey Cress,Prospecting,Engaging,2017-07-28,20
ST-009764,NLWICKPS,Cassey Cress,Engaging,Lost,2017-11-07,102
ST-009765,Z6FPHRV7,Corliss Cosme,Prospecting,Engaging,2017-07-28,16
ST-009766,Z6FPHRV7,Corliss Cosme,Engaging,Won,2017-11-11,106
ST-009767,X33HL9WS,Daniell Hammack,Prospecting,Engaging,2017-07-28,27
ST-009768,9Z2WTTNY,Darcel Schlecht,Prospecting,Engaging,2017-07-28,21
ST-009769,ZJLW1OPF,Darcel Schlecht,Prospecting,Engaging,2017-07-28,10
ST-009770,Q62JFLLD,Darcel Schlecht,Prospecting,Engaging,2017-07-28,20
ST-009771,3PPHOXTT,Darcel Schlecht,Prospecting,Engaging,2017-07-28,4
ST-009772,LJ59Y2TK,Darcel Schlecht,Prospecting,Engaging,2017-07-28,29
ST-009773,LJ59Y2TK,Darcel Schlecht,Engaging,Lost,2017-07-29,1
ST-009774,80S3ED8B,Darcel Schlecht,Prospecting,Engaging,2017-07-28,15
ST-009775,80S3ED8B,Darcel Schlecht,Engaging,Won,2017-08-23,26
ST-009776,2IKGOPW1,Darcel Schlecht,Prospecting,Engaging,2017-07-28,29
ST-009777,2IKGOPW1,Darcel Schlecht,Engaging,Won,2017-07-30,2
ST-009778,7Y10BR02,Darcel Schlecht,Prospecting,Engaging,2017-07-28,19
ST-009779,7Y10BR02,Darcel Schlecht,Engaging,Won,2017-07-30,2
ST-009780,4L8RQVL9,Donn Cantrell,Prospecting,Engaging,2017-07-28,16
ST-009781,4L8RQVL9,Donn Cantrell,Engaging,Lost,2017-08-06,9
ST-009782,9T954T67,Elease Gluck,Prospecting,Engaging,2017-07-28,20
ST-009783,9T954T67,Elease Gluck,Engaging,Won,2017-07-29,1
ST-009784,N07XYH50,Gladys Colclough,Prospecting,Engaging,2017-07-28,24
ST-009785,CEOEM2MY,Hayden Neloms,Prospecting,Engaging,2017-07-28,30
ST-009786,CEOEM2MY,Hayden Neloms,Engaging,Lost,2017-07-29,1
ST-009787,VIFA2I18,Jonathan Berthelot,Prospecting,Engaging,2017-07-28,18
ST-009788,7K31BXX3,Jonathan Berthelot,Prospecting,Engaging,2017-07-28,21
ST-009789,I5FVCO24,Jonathan Berthelot,Prospecting,Engaging,2017-07-28,10
ST-009790,I5FVCO24,Jonathan Berthelot,Engaging,Won,2017-07-29,1
ST-009791,WTG4IAG0,Kami Bicknell,Prospecting,Engaging,2017-07-28,18
ST-009792,WTG4IAG0,Kami Bicknell,Engaging,Lost,2017-07-29,1
ST-009793,NFKUICVA,Kami Bicknell,Prospecting,Engaging,2017-07-28,12
ST-009794,NFKUICVA,Kami Bicknell,Engaging,Won,2017-11-15,110
ST-009795,V3G1HBTZ,Lajuana Vencill,Prospecting,Engaging,2017-07-28,5
ST-009796,XV41LZYE,Lajuana Vencill,Prospecting,Engaging,2017-07-28,15
ST-009797,0RI2I8ZL,Lajuana Vencill,Prospecting,Engaging,2017-07-28,30
ST-009798,7W9S4DCZ,Lajuana Vencill,Prospecting,Engaging,2017-07-28,25
ST-009799,3L3W9W8I,Marty Freudenburg,Prospecting,Engaging,2017-07-28,4
ST-009800,WL6CZ7N4,Marty Freudenburg,Prospecting,Engaging,2017-07-28,19
ST-009801,8UCQBI6J,Marty Freudenburg,Prospecting,Engaging,2017-07-28,21
ST-009802,8UCQBI6J,Marty Freudenburg,Engaging,Won,2017-07-29,1
ST-009803,M5FP7HGQ,Moses Frase,Prospecting,Engaging,2017-07-28,19
ST-009804,Q8Q4R3SW,Moses Frase,Prospecting,Engaging,2017-07-28,28
ST-009805,Q8Q4R3SW,Moses Frase,Engaging,Lost,2017-08-10,13
ST-009806,SJ3QA8KP,Niesha Huffines,Prospecting,Engaging,2017-07-28,21
ST-009807,BZNGP0DN,Reed Clapper,Prospecting,Engaging,2017-07-28,24
ST-009808,BZNGP0DN,Reed Clapper,Engaging,Won,2017-08-10,13
ST-009809,M2ZRU2UH,Rosalina Dieter,Prospecting,Engaging,2017-07-28,22
ST-009810,Z31RDLIF,Rosie Papadopoulos,Prospecting,Engaging,2017-07-28,7
ST-009811,Z31RDLIF,Rosie Papadopoulos,Engaging,Lost,2017-11-27,122
ST-009812,NX2EICNQ,Versie Hillebrand,Prospecting,Engaging,2017-07-28,6
ST-009813,E4KNZB95,Versie Hillebrand,Prospecting,Engaging,2017-07-28,27
ST-009814,E4KNZB95,Versie Hillebrand,Engaging,Won,2017-08-19,22
ST-009815,PJDA3RWU,Versie Hillebrand,Prospecting,Engaging,2017-07-28,17
ST-009816,PJDA3RWU,Versie Hillebrand,Engaging,Won,2017-08-03,6
ST-009817,YUORNX7C,Versie Hillebrand,Prospecting,Engaging,2017-07-28,8
ST-009818,YUORNX7C,Versie Hillebrand,Engaging,Won,2017-11-01,96
ST-009819,0WJLKMUA,Violet Mclelland,Prospecting,Engaging,2017-07-28,8
ST-009820,0WJLKMUA,Violet Mclelland,Engaging,Lost,2017-07-29,1
ST-009821,7XP06LUZ,Wilburn Farren,Prospecting,Engaging,2017-07-28,9
ST-009822,7XP06LUZ,Wilburn Farren,Engaging,Lost,2017-12-02,127
ST-009823,5BT0Y4MB,Zane Levy,Prospecting,Engaging,2017-07-28,28
ST-009824,5BT0Y4MB,Zane Levy,Engaging,Lost,2017-07-30,2
ST-009825,T0TDA2O1,Anna Snelling,Prospecting,Engaging,2017-07-29,9
ST-009826,B1ZN2CFP,Anna Snelling,Prospecting,Engaging,2017-07-29,7
ST-009827,WCCEBK6E,Anna Snelling,Prospecting,Engaging,2017-07-29,4
ST-009828,WCCEBK6E,Anna Snelling,Engaging,Won,2017-08-05,7
ST-009829,3A2CCWEG,Cecily Lampkin,Prospecting,Engaging,2017-07-29,16
ST-009830,5SCMRQ9N,Cecily Lampkin,Prospecting,Engaging,2017-07-29,5
ST-009831,5SCMRQ9N,Cecily Lampkin,Engaging,Won,2017-09-05,38
ST-009832,4QQOSYGL,Corliss Cosme,Prospecting,Engaging,2017-07-29,24
ST-009833,A3I4JHP0,Daniell Hammack,Prospecting,Engaging,2017-07-29,16
ST-009834,A3I4JHP0,Daniell Hammack,Engaging,Won,2017-08-06,8
ST-009835,NJNY07JZ,Darcel Schlecht,Prospecting,Engaging,2017-07-29,9
ST-009836,UWI771ZX,Darcel Schlecht,Prospecting,Engaging,2017-07-29,29
ST-009837,YI1V6SOX,Darcel Schlecht,Prospecting,Engaging,2017-07-29,23
ST-009838,PNTHPFHY,Darcel Schlecht,Prospecting,Engaging,2017-07-29,7
ST-009839,2I7IFY8D,Darcel Schlecht,Prospecting,Engaging,2017-07-29,29
ST-009840,T1SITEI0,Darcel Schlecht,Prospecting,Engaging,2017-07-29,22
ST-009841,DOVFYIIO,Donn Cantrell,Prospecting,Engaging,2017-07-29,11
ST-009842,DOVFYIIO,Donn Cantrell,Engaging,Lost,2017-07-30,1
ST-009843,BC53PQMQ,Donn Cantrell,Prospecting,Engaging,2017-07-29,13
ST-009844,BC53PQMQ,Donn Cantrell,Engaging,Won,2017-07-31,2
ST-009845,AU1OZUN8,Elease Gluck,Prospecting,Engaging,2017-07-29,26
ST-009846,AU1OZUN8,Elease Gluck,Engaging,Won,2017-11-02,96
ST-009847,09GK47AY,Garret Kinder,Prospecting,Engaging,2017-07-29,28
ST-009848,09GK47AY,Garret Kinder,Engaging,Lost,2017-08-02,4
ST-009849,D6CRJSEP,Garret Kinder,Prospecting,Engaging,2017-07-29,5
ST-009850,D6CRJSEP,Garret Kinder,Engaging,Won,2017-09-16,49
ST-009851,5G9WEZTP,Garret Kinder,Prospecting,Engaging,2017-07-29,5
ST-009852,5G9WEZTP,Garret Kinder,Engaging,Won,2017-08-16,18
ST-009853,3FI1J4VO,Gladys Colclough,Prospecting,Engaging,2017-07-29,15
ST-009854,KRK5YFGW,James Ascencio,Prospecting,Engaging,2017-07-29,20
ST-009855,KRK5YFGW,James Ascencio,Engaging,Won,2017-08-08,10
ST-009856,GJQFUUWI,James Ascencio,Prospecting,Engaging,2017-07-29,15
ST-009857,GJQFUUWI,James Ascencio,Engaging,Won,2017-08-02,4
ST-009858,7BKYKVF2,Jonathan Berthelot,Prospecting,Engaging,2017-07-29,20
ST-009859,6US3WW0M,Jonathan Berthelot,Prospecting,Engaging,2017-07-29,13
ST-009860,9M72KPA3,Kami Bicknell,Prospecting,Engaging,2017-07-29,30
ST-009861,4OYGRQGO,Kami Bicknell,Prospecting,Engaging,2017-07-29,11
ST-009862,7SO4NKFP,Kami Bicknell,Prospecting,Engaging,2017-07-29,19
ST-009863,7SO4NKFP,Kami Bicknell,Engaging,Lost,2017-08-03,5
ST-009864,VZ1ETER5,Kami Bicknell,Prospecting,Engaging,2017-07-29,17
ST-009865,VZ1ETER5,Kami Bicknell,Engaging,Won,2017-07-31,2
ST-009866,YOFRJU68,Kami Bicknell,Prospecting,Engaging,2017-07-29,30
ST-009867,YOFRJU68,Kami Bicknell,Engaging,Won,2017-09-29,62
ST-009868,SPMQ0BHA,Lajuana Vencill,Prospecting,Engaging,2017-07-29,3
ST-009869,ERTQ4SN3,Lajuana Vencill,Prospecting,Engaging,2017-07-29,28
ST-009870,F9V6EWDG,Lajuana Vencill,Prospecting,Engaging,2017-07-29,25
ST-009871,F9V6EWDG,Lajuana Vencill,Engaging,Lost,2017-08-01,3
ST-009872,FQI66XXN,Marty Freudenburg,Prospecting,Engaging,2017-07-29,22
ST-009873,5EFR0VAZ,Maureen Marcano,Prospecting,Engaging,2017-07-29,21
ST-009874,5EFR0VAZ,Maureen Marcano,Engaging,Lost,2017-07-30,1
ST-009875,4MTIOMFQ,Reed Clapper,Prospecting,Engaging,2017-07-29,19
ST-009876,4MTIOMFQ,Reed Clapper,Engaging,Won,2017-08-08,10
ST-009877,J096XFZG,Rosie Papadopoulos,Prospecting,Engaging,2017-07-29,28
ST-009878,J096XFZG,Rosie Papadopoulos,Engaging,Won,2017-09-04,37
ST-009879,1RXGKOUE,Versie Hillebrand,Prospecting,Engaging,2017-07-29,16
ST-009880,G40058T1,Versie Hillebrand,Prospecting,Engaging,2017-07-29,6
ST-009881,TQZLDFIJ,Versie Hillebrand,Prospecting,Engaging,2017-07-29,16
ST-009882,4U2Z53VS,Versie Hillebrand,Prospecting,Engaging,2017-07-29,7
ST-009883,4U2Z53VS,Versie Hillebrand,Engaging,Lost,2017-08-10,12
ST-009884,3SD04QJ4,Wilburn Farren,Prospecting,Engaging,2017-07-29,7
ST-009885,ERD6D5K3,Anna Snelling,Prospecting,Engaging,2017-07-30,21
ST-009886,VVM42VWQ,Anna Snelling,Prospecting,Engaging,2017-07-30,21
ST-009887,MK380H70,Anna Snelling,Prospecting,Engaging,2017-07-30,21
ST-009888,5SNCUQ8Z,Anna Snelling,Prospecting,Engaging,2017-07-30,27
ST-009889,6YMJLH2F,Anna Snelling,Prospecting,Engaging,2017-07-30,6
ST-009890,6YMJLH2F,Anna Snelling,Engaging,Lost,2017-08-07,8
ST-009891,SP9W5IND,Boris Faz,Prospecting,Engaging,2017-07-30,6
ST-009892,P9EJ68SM,Cassey Cress,Prospecting,Engaging,2017-07-30,21
ST-009893,IG540SIB,Cecily Lampkin,Prospecting,Engaging,2017-07-30,27
ST-009894,D6U1NYBU,Corliss Cosme,Prospecting,Engaging,2017-07-30,6
ST-009895,D6U1NYBU,Corliss Cosme,Engaging,Won,2017-11-18,111
ST-009896,9Q2SYGPP,Daniell Hammack,Prospecting,Engaging,2017-07-30,28
ST-009897,9Q2SYGPP,Daniell Hammack,Engaging,Won,2017-08-10,11
ST-009898,CUZDYOOO,Darcel Schlecht,Prospecting,Engaging,2017-07-30,12
ST-009899,EY7OI10Z,Darcel Schlecht,Prospecting,Engaging,2017-07-30,30
ST-009900,R55U5QI4,Darcel Schlecht,Prospecting,Engaging,2017-07-30,20
ST-009901,TJ95PY76,Darcel Schlecht,Prospecting,Engaging,2017-07-30,14
ST-009902,R6OZIG5J,Darcel Schlecht,Prospecting,Engaging,2017-07-30,16
ST-009903,DVT7NPEH,Darcel Schlecht,Prospecting,Engaging,2017-07-30,11
ST-009904,EY73E4ZB,Darcel Schlecht,Prospecting,Engaging,2017-07-30,15
ST-009905,EY73E4ZB,Darcel Schlecht,Engaging,Lost,2017-08-05,6
ST-009906,KQLS98VW,Darcel Schlecht,Prospecting,Engaging,2017-07-30,23
ST-009907,KQLS98VW,Darcel Schlecht,Engaging,Won,2017-12-04,127
ST-009908,LKQL4GRO,Darcel Schlecht,Prospecting,Engaging,2017-07-30,18
ST-009909,LKQL4GRO,Darcel Schlecht,Engaging,Won,2017-08-04,5
ST-009910,4DKUZ8JE,Darcel Schlecht,Prospecting,Engaging,2017-07-30,21
ST-009911,4DKUZ8JE,Darcel Schlecht,Engaging,Won,2017-07-31,1
ST-009912,V3QM4V7G,Donn Cantrell,Prospecting,Engaging,2017-07-30,22
ST-009913,V3QM4V7G,Donn Cantrell,Engaging,Lost,2017-08-11,12
ST-009914,S9JXWIBD,Gladys Colclough,Prospecting,Engaging,2017-07-30,18
ST-009915,0XBGT413,Gladys Colclough,Prospecting,Engaging,2017-07-30,4
ST-009916,RTOIXNPC,Gladys Colclough,Prospecting,Engaging,2017-07-30,8
ST-009917,LZWH2OGW,Gladys Colclough,Prospecting,Engaging,2017-07-30,11
ST-009918,LZWH2OGW,Gladys Colclough,Engaging,Lost,2017-08-06,7
ST-009919,R7JSQI5U,Hayden Neloms,Prospecting,Engaging,2017-07-30,15
ST-009920,R7JSQI5U,Hayden Neloms,Engaging,Lost,2017-07-31,1
ST-009921,S5NZI5UN,James Ascencio,Prospecting,Engaging,2017-07-30,7
ST-009922,S5NZI5UN,James Ascencio,Engaging,Won,2017-09-10,42
ST-009923,XQQ3JS90,Jonathan Berthelot,Prospecting,Engaging,2017-07-30,22
ST-009924,XQQ3JS90,Jonathan Berthelot,Engaging,Won,2017-07-31,1
ST-009925,7COYG1Z2,Kami Bicknell,Prospecting,Engaging,2017-07-30,22
ST-009926,5SED9K1C,Kami Bicknell,Prospecting,Engaging,2017-07-30,24
ST-009927,5SED9K1C,Kami Bicknell,Engaging,Won,2017-08-09,10
ST-009928,OVLGWURN,Kary Hendrixson,Prospecting,Engaging,2017-07-30,25
ST-009929,810GB47D,Kary Hendrixson,Prospecting,Engaging,2017-07-30,15
ST-009930,810GB47D,Kary Hendrixson,Engaging,Lost,2017-08-05,6
ST-009931,GZCWRMIR,Kary Hendrixson,Prospecting,Engaging,2017-07-30,4
ST-009932,GZCWRMIR,Kary Hendrixson,Engaging,Lost,2017-11-20,113
ST-009933,UHIIYU2J,Lajuana Vencill,Prospecting,Engaging,2017-07-30,15
ST-009934,5W29OCB8,Lajuana Vencill,Prospecting,Engaging,2017-07-30,13
ST-009935,PST4NDK4,Lajuana Vencill,Prospecting,Engaging,2017-07-30,25
ST-009936,PST4NDK4,Lajuana Vencill,Engaging,Won,2017-08-09,10
ST-009937,R7I947IZ,Marty Freudenburg,Prospecting,Engaging,2017-07-30,10
ST-009938,754UOV5F,Marty Freudenburg,Prospecting,Engaging,2017-07-30,4
ST-009939,MTN3BOMC,Maureen Marcano,Prospecting,Engaging,2017-07-30,26
ST-009940,8U9DLK26,Maureen Marcano,Prospecting,Engaging,2017-07-30,18
ST-009941,8U9DLK26,Maureen Marcano,Engaging,Won,2017-07-31,1
ST-009942,ABT1TDH1,Moses Frase,Prospecting,Engaging,2017-07-30,11
ST-009943,DJFMG9QI,Moses Frase,Prospecting,Engaging,2017-07-30,14
ST-009944,DDWSCXZA,Moses Frase,Prospecting,Engaging,2017-07-30,3
ST-009945,DDWSCXZA,Moses Frase,Engaging,Won,2017-09-19,51
ST-009946,GWQX8BSZ,Niesha Huffines,Prospecting,Engaging,2017-07-30,13
ST-009947,D9NLFAEG,Niesha Huffines,Prospecting,Engaging,2017-07-30,29
ST-009948,TX5SADEI,Niesha Huffines,Prospecting,Engaging,2017-07-30,28
ST-009949,I5AKI9KC,Niesha Huffines,Prospecting,Engaging,2017-07-30,12
ST-009950,T2UA7F7Z,Reed Clapper,Prospecting,Engaging,2017-07-30,12
ST-009951,T2UA7F7Z,Reed Clapper,Engaging,Won,2017-08-08,9
ST-009952,FOGOYZ75,Rosie Papadopoulos,Prospecting,Engaging,2017-07-30,11
ST-009953,FOGOYZ75,Rosie Papadopoulos,Engaging,Won,2017-08-07,8
ST-009954,I9IJS5BM,Rosie Papadopoulos,Prospecting,Engaging,2017-07-30,29
ST-009955,I9IJS5BM,Rosie Papadopoulos,Engaging,Won,2017-08-18,19
ST-009956,0M3NCPQX,Versie Hillebrand,Prospecting,Engaging,2017-07-30,18
ST-009957,RN7M3757,Versie Hillebrand,Prospecting,Engaging,2017-07-30,30
ST-009958,2HU8CPJ3,Vicki Laflamme,Prospecting,Engaging,2017-07-30,25
ST-009959,2HU8CPJ3,Vicki Laflamme,Engaging,Won,2017-11-13,106
ST-009960,OJ42ZCHR,Violet Mclelland,Prospecting,Engaging,2017-07-30,24
ST-009961,M2UI5MKB,Violet Mclelland,Prospecting,Engaging,2017-07-30,6
ST-009962,M2UI5MKB,Violet Mclelland,Engaging,Won,2017-08-19,20
ST-009963,HWVR6IJ7,Wilburn Farren,Prospecting,Engaging,2017-07-30,30
ST-009964,HWVR6IJ7,Wilburn Farren,Engaging,Won,2017-08-15,16
ST-009965,QD4ONE04,Anna Snelling,Prospecting,Engaging,2017-07-31,10
ST-009966,V0XFS245,Boris Faz,Prospecting,Engaging,2017-07-31,7
ST-009967,V0XFS245,Boris Faz,Engaging,Won,2017-09-11,42
ST-009968,0PT4RY4P,Cecily Lampkin,Prospecting,Engaging,2017-07-31,12
ST-009969,FSEV7ZJC,Darcel Schlecht,Prospecting,Engaging,2017-07-31,26
ST-009970,OEP0IJ6S,Darcel Schlecht,Prospecting,Engaging,2017-07-31,17
ST-009971,YWGU40CP,Darcel Schlecht,Prospecting,Engaging,2017-07-31,27
ST-009972,ICG3THQK,Gladys Colclough,Prospecting,Engaging,2017-07-31,29
ST-009973,WOO9JXOQ,Gladys Colclough,Prospecting,Engaging,2017-07-31,13
ST-009974,OBDEDIXA,Hayden Neloms,Prospecting,Engaging,2017-07-31,11
ST-009975,1O72EKFY,James Ascencio,Prospecting,Engaging,2017-07-31,26
ST-009976,4XXAK1QL,Jonathan Berthelot,Prospecting,Engaging,2017-07-31,16
ST-009977,WU81R3XH,Lajuana Vencill,Prospecting,Engaging,2017-07-31,22
ST-009978,HHWZEWDV,Lajuana Vencill,Prospecting,Engaging,2017-07-31,23
ST-009979,EMH2I8XE,Lajuana Vencill,Prospecting,Engaging,2017-07-31,5
ST-009980,UBO7V799,Lajuana Vencill,Prospecting,Engaging,2017-07-31,9
ST-009981,DZQW0KQ4,Markita Hansen,Prospecting,Engaging,2017-07-31,17
ST-009982,BBGCBEUY,Markita Hansen,Prospecting,Engaging,2017-07-31,9
ST-009983,BBGCBEUY,Markita Hansen,Engaging,Lost,2017-08-04,4
ST-009984,6PHF576T,Markita Hansen,Prospecting,Engaging,2017-07-31,29
ST-009985,6PHF576T,Markita Hansen,Engaging,Lost,2017-11-23,115
ST-009986,XN43RX9C,Markita Hansen,Prospecting,Engaging,2017-07-31,16
ST-009987,XN43RX9C,Markita Hansen,Engaging,Won,2017-08-10,10
ST-009988,OAUUCC2N,Marty Freudenburg,Prospecting,Engaging,2017-07-31,26
ST-009989,283MDYKM,Moses Frase,Prospecting,Engaging,2017-07-31,18
ST-009990,56LUBQTV,Moses Frase,Prospecting,Engaging,2017-07-31,27
ST-009991,DOU4T9EI,Moses Frase,Prospecting,Engaging,2017-07-31,19
ST-009992,DOU4T9EI,Moses Frase,Engaging,Lost,2017-11-02,94
ST-009993,XUU1PPTJ,Moses Frase,Prospecting,Engaging,2017-07-31,30
ST-009994,XUU1PPTJ,Moses Frase,Engaging,Won,2017-11-10,102
ST-009995,Q65B52C5,Niesha Huffines,Prospecting,Engaging,2017-07-31,14
ST-009996,STI8KYWL,Niesha Huffines,Prospecting,Engaging,2017-07-31,29
ST-009997,KZMZH8L6,Reed Clapper,Prospecting,Engaging,2017-07-31,4
ST-009998,KZMZH8L6,Reed Clapper,Engaging,Won,2017-09-28,59
ST-009999,K63TD0WD,Versie Hillebrand,Prospecting,Engaging,2017-07-31,19
ST-010000,7WU2BQ2P,Versie Hillebrand,Prospecting,Engaging,2017-07-31,28
ST-010001,7WU2BQ2P,Versie Hillebrand,Engaging,Won,2017-08-10,10
ST-010002,5B4H3E7V,Vicki Laflamme,Prospecting,Engaging,2017-07-31,8
ST-010003,5B4H3E7V,Vicki Laflamme,Engaging,Lost,2017-08-05,5
ST-010004,6YCDG16T,Vicki Laflamme,Prospecting,Engaging,2017-07-31,5
ST-010005,6YCDG16T,Vicki Laflamme,Engaging,Won,2017-08-12,12
ST-010006,EP9JNNF1,Violet Mclelland,Prospecting,Engaging,2017-07-31,12
ST-010007,BVKAXY66,Zane Levy,Prospecting,Engaging,2017-07-31,25
ST-010008,BVKAXY66,Zane Levy,Engaging,Won,2017-08-20,20
ST-010009,I1R23P5F,Anna Snelling,Prospecting,Engaging,2017-08-01,19
ST-010010,CFKXEPFN,Anna Snelling,Prospecting,Engaging,2017-08-01,15
ST-010011,4ZB2W6O7,Anna Snelling,Prospecting,Engaging,2017-08-01,7
ST-010012,H85L45JM,Anna Snelling,Prospecting,Engaging,2017-08-01,27
ST-010013,D9VTKEEH,Anna Snelling,Prospecting,Engaging,2017-08-01,30
ST-010014,D9VTKEEH,Anna Snelling,Engaging,Lost,2017-08-11,10
ST-010015,7CYRCTXI,Anna Snelling,Prospecting,Engaging,2017-08-01,19
ST-010016,7CYRCTXI,Anna Snelling,Engaging,Won,2017-08-16,15
ST-010017,A2YIYWNW,Cassey Cress,Prospecting,Engaging,2017-08-01,21
ST-010018,IH4M0XTK,Cassey Cress,Prospecting,Engaging,2017-08-01,3
ST-010019,IH4M0XTK,Cassey Cress,Engaging,Won,2017-08-09,8
ST-010020,L9AZZGNK,Daniell Hammack,Prospecting,Engaging,2017-08-01,8
ST-010021,L9AZZGNK,Daniell Hammack,Engaging,Lost,2017-08-14,13
ST-010022,HISWL7B0,Darcel Schlecht,Prospecting,Engaging,2017-08-01,9
ST-010023,BSKNQJOJ,Darcel Schlecht,Prospecting,Engaging,2017-08-01,29
ST-010024,1FLN8BTI,Darcel Schlecht,Prospecting,Engaging,2017-08-01,9
ST-010025,VAL8O4PH,Darcel Schlecht,Prospecting,Engaging,2017-08-01,29
ST-010026,MLPVWTC2,Darcel Schlecht,Prospecting,Engaging,2017-08-01,4
ST-010027,MLPVWTC2,Darcel Schlecht,Engaging,Lost,2017-11-23,114
ST-010028,RZXMIHGO,Gladys Colclough,Prospecting,Engaging,2017-08-01,10
ST-010029,IW6S2BN0,Gladys Colclough,Prospecting,Engaging,2017-08-01,4
ST-010030,G78ZK6XI,Gladys Colclough,Prospecting,Engaging,2017-08-01,17
ST-010031,9C3YHNBY,Gladys Colclough,Prospecting,Engaging,2017-08-01,4
ST-010032,U4L1277G,Hayden Neloms,Prospecting,Engaging,2017-08-01,14
ST-010033,6BBYA0L3,Hayden Neloms,Prospecting,Engaging,2017-08-01,25
ST-010034,6BBYA0L3,Hayden Neloms,Engaging,Won,2017-08-06,5
ST-010035,S3J60BK0,James Ascencio,Prospecting,Engaging,2017-08-01,9
ST-010036,S3J60BK0,James Ascencio,Engaging,Won,2017-11-22,113
ST-010037,IKIJHQPN,Jonathan Berthelot,Prospecting,Engaging,2017-08-01,11
ST-010038,IKIJHQPN,Jonathan Berthelot,Engaging,Won,2017-12-16,137
ST-010039,YE7F777U,Lajuana Vencill,Prospecting,Engaging,2017-08-01,14
ST-010040,OJ9KBQML,Lajuana Vencill,Prospecting,Engaging,2017-08-01,29
ST-010041,OJ9KBQML,Lajuana Vencill,Engaging,Won,2017-09-19,49
ST-010042,W66UPKL4,Markita Hansen,Prospecting,Engaging,2017-08-01,17
ST-010043,W66UPKL4,Markita Hansen,Engaging,Won,2017-11-18,109
ST-010044,DO6VKC2G,Marty Freudenburg,Prospecting,Engaging,2017-08-01,19
ST-010045,MBYOJR5A,Marty Freudenburg,Prospecting,Engaging,2017-08-01,15
ST-010046,NBJR3GVR,Marty Freudenburg,Prospecting,Engaging,2017-08-01,23
ST-010047,2S7CMLRJ,Maureen Marcano,Prospecting,Engaging,2017-08-01,6
ST-010048,2S7CMLRJ,Maureen Marcano,Engaging,Won,2017-08-08,7
ST-010049,18KMXL8N,Maureen Marcano,Prospecting,Engaging,2017-08-01,24
ST-010050,18KMXL8N,Maureen Marcano,Engaging,Won,2017-11-06,97
ST-010051,Y7244XW7,Moses Frase,Prospecting,Engaging,2017-08-01,3
ST-010052,22HV3N2W,Niesha Huffines,Prospecting,Engaging,2017-08-01,10
ST-010053,FKY3O5O1,Niesha Huffines,Prospecting,Engaging,2017-08-01,14
ST-010054,WRKPDK7O,Versie Hillebrand,Prospecting,Engaging,2017-08-01,18
ST-010055,3FWZBSW1,Versie Hillebrand,Prospecting,Engaging,2017-08-01,22
ST-010056,VIY7P8J6,Versie Hillebrand,Prospecting,Engaging,2017-08-01,17
ST-010057,PR1H7NHK,Versie Hillebrand,Prospecting,Engaging,2017-08-01,8
ST-010058,A9TEJW6U,Versie Hillebrand,Prospecting,Engaging,2017-08-01,30
ST-010059,1DC9PQ4S,Versie Hillebrand,Prospecting,Engaging,2017-08-01,18
ST-010060,K44PIQTN,Vicki Laflamme,Prospecting,Engaging,2017-08-01,21
ST-010061,K44PIQTN,Vicki Laflamme,Engaging,Won,2017-09-26,56
ST-010062,NWQHHVEM,Vicki Laflamme,Prospecting,Engaging,2017-08-01,20
ST-010063,NWQHHVEM,Vicki Laflamme,Engaging,Won,2017-08-21,20
ST-010064,ZJ76J97A,Vicki Laflamme,Prospecting,Engaging,2017-08-01,14
ST-010065,ZJ76J97A,Vicki Laflamme,Engaging,Won,2017-08-19,18
ST-010066,4Q1A27SA,Vicki Laflamme,Prospecting,Engaging,2017-08-01,14
ST-010067,4Q1A27SA,Vicki Laflamme,Engaging,Won,2017-11-20,111
ST-010068,GVOKY9KD,Violet Mclelland,Prospecting,Engaging,2017-08-01,8
ST-010069,GVOKY9KD,Violet Mclelland,Engaging,Lost,2017-11-11,102
ST-010070,JGXK8P6T,Zane Levy,Prospecting,Engaging,2017-08-01,29
ST-010071,FOQK8G8Y,Zane Levy,Prospecting,Engaging,2017-08-01,11
ST-010072,FOQK8G8Y,Zane Levy,Engaging,Won,2017-08-06,5
ST-010073,OEUK1UW5,Corliss Cosme,Prospecting,Engaging,2017-08-02,26
ST-010074,OEUK1UW5,Corliss Cosme,Engaging,Won,2017-11-09,99
ST-010075,LF45YLLR,Corliss Cosme,Prospecting,Engaging,2017-08-02,29
ST-010076,LF45YLLR,Corliss Cosme,Engaging,Won,2017-08-12,10
ST-010077,RYYTO9Z5,Daniell Hammack,Prospecting,Engaging,2017-08-02,25
ST-010078,RYYTO9Z5,Daniell Hammack,Engaging,Won,2017-11-01,91
ST-010079,R9VR53F3,Daniell Hammack,Prospecting,Engaging,2017-08-02,5
ST-010080,R9VR53F3,Daniell Hammack,Engaging,Won,2017-08-14,12
ST-010081,D5H30X5X,Gladys Colclough,Prospecting,Engaging,2017-08-02,12
ST-010082,D5H30X5X,Gladys Colclough,Engaging,Lost,2017-11-07,97
ST-010083,FLXN0TBT,Hayden Neloms,Prospecting,Engaging,2017-08-02,3
ST-010084,FLXN0TBT,Hayden Neloms,Engaging,Lost,2017-08-10,8
ST-010085,U8H8VGI0,James Ascencio,Prospecting,Engaging,2017-08-02,15
ST-010086,U8H8VGI0,James Ascencio,Engaging,Lost,2017-11-02,92
ST-010087,R1X6U9CU,James Ascencio,Prospecting,Engaging,2017-08-02,4
ST-010088,R1X6U9CU,James Ascencio,Engaging,Won,2017-08-05,3
ST-010089,URQYDGX8,Jonathan Berthelot,Prospecting,Engaging,2017-08-02,8
ST-010090,IT1XRUTD,Lajuana Vencill,Prospecting,Engaging,2017-08-02,30
ST-010091,IT1XRUTD,Lajuana Vencill,Engaging,Lost,2017-08-13,11
ST-010092,VTSKKTQO,Lajuana Vencill,Prospecting,Engaging,2017-08-02,21
ST-010093,VTSKKTQO,Lajuana Vencill,Engaging,Lost,2017-08-13,11
ST-010094,KIKG1BGV,Moses Frase,Prospecting,Engaging,2017-08-02,27
ST-010095,2E2FDZHG,Niesha Huffines,Prospecting,Engaging,2017-08-02,9
ST-010096,3Z2AMU5T,Reed Clapper,Prospecting,Engaging,2017-08-02,30
ST-010097,3Z2AMU5T,Reed Clapper,Engaging,Lost,2017-11-23,113
ST-010098,8LP076IV,Versie Hillebrand,Prospecting,Engaging,2017-08-02,10
ST-010099,CWXHKUV5,Versie Hillebrand,Prospecting,Engaging,2017-08-02,23
ST-010100,N909ADDC,Vicki Laflamme,Prospecting,Engaging,2017-08-02,10
ST-010101,R0O1UYNW,Violet Mclelland,Prospecting,Engaging,2017-08-02,24
ST-010102,R0O1UYNW,Violet Mclelland,Engaging,Won,2017-08-10,8
ST-010103,ULJG457F,Anna Snelling,Prospecting,Engaging,2017-08-03,9
ST-010104,AZN2K0V9,Anna Snelling,Prospecting,Engaging,2017-08-03,11
ST-010105,G44S6CLC,Anna Snelling,Prospecting,Engaging,2017-08-03,23
ST-010106,G44S6CLC,Anna Snelling,Engaging,Won,2017-08-16,13
ST-010107,IMLB4653,Boris Faz,Prospecting,Engaging,2017-08-03,16
ST-010108,IMLB4653,Boris Faz,Engaging,Won,2017-08-22,19
ST-010109,6TGCOE5O,Cassey Cress,Prospecting,Engaging,2017-08-03,19
ST-010110,QIEAKLRU,Cecily Lampkin,Prospecting,Engaging,2017-08-03,3
ST-010111,ZE6HA778,Darcel Schlecht,Prospecting,Engaging,2017-08-03,30
ST-010112,ZE6HA778,Darcel Schlecht,Engaging,Lost,2017-08-08,5
ST-010113,6KPKOR79,Donn Cantrell,Prospecting,Engaging,2017-08-03,27
ST-010114,6KPKOR79,Donn Cantrell,Engaging,Won,2017-09-13,41
ST-010115,D42GA3LC,Donn Cantrell,Prospecting,Engaging,2017-08-03,27
ST-010116,D42GA3LC,Donn Cantrell,Engaging,Won,2017-08-11,8
ST-010117,A04V2WB3,Elease Gluck,Prospecting,Engaging,2017-08-03,24
ST-010118,TIPXNDS2,Gladys Colclough,Prospecting,Engaging,2017-08-03,3
ST-010119,3G61D5KV,Gladys Colclough,Prospecting,Engaging,2017-08-03,18
ST-010120,58J528HO,Gladys Colclough,Prospecting,Engaging,2017-08-03,7
ST-010121,58J528HO,Gladys Colclough,Engaging,Lost,2017-08-15,12
ST-010122,6RZ5GSAB,Jonathan Berthelot,Prospecting,Engaging,2017-08-03,23
ST-010123,RD6Y5R4P,Kami Bicknell,Prospecting,Engaging,2017-08-03,8
ST-010124,7VSFD2MV,Kary Hendrixson,Prospecting,Engaging,2017-08-03,22
ST-010125,PBVC1VI7,Kary Hendrixson,Prospecting,Engaging,2017-08-03,28
ST-010126,PBVC1VI7,Kary Hendrixson,Engaging,Lost,2017-11-09,98
ST-010127,3BA9OPGY,Lajuana Vencill,Prospecting,Engaging,2017-08-03,3
ST-010128,LDQITW5C,Lajuana Vencill,Prospecting,Engaging,2017-08-03,10
ST-010129,9V2SW5MV,Marty Freudenburg,Prospecting,Engaging,2017-08-03,11
ST-010130,0R5KAHNB,Moses Frase,Prospecting,Engaging,2017-08-03,22
ST-010131,ATMWAQL5,Niesha Huffines,Prospecting,Engaging,2017-08-03,28
ST-010132,SUUVV6RP,Niesha Huffines,Prospecting,Engaging,2017-08-03,12
ST-010133,U4BPFJC5,Niesha Huffines,Prospecting,Engaging,2017-08-03,25
ST-010134,U4BPFJC5,Niesha Huffines,Engaging,Won,2017-08-21,18
ST-010135,MJ3XHBY0,Reed Clapper,Prospecting,Engaging,2017-08-03,25
ST-010136,MJ3XHBY0,Reed Clapper,Engaging,Won,2017-08-14,11
ST-010137,LT75S3LM,Reed Clapper,Prospecting,Engaging,2017-08-03,23
ST-010138,LT75S3LM,Reed Clapper,Engaging,Won,2017-08-11,8
ST-010139,B28O6RVD,Rosie Papadopoulos,Prospecting,Engaging,2017-08-03,11
ST-010140,B28O6RVD,Rosie Papadopoulos,Engaging,Lost,2017-08-20,17
ST-010141,O9MGYBG4,Rosie Papadopoulos,Prospecting,Engaging,2017-08-03,16
ST-010142,O9MGYBG4,Rosie Papadopoulos,Engaging,Won,2017-12-02,121
ST-010143,XB1ZV04H,Versie Hillebrand,Prospecting,Engaging,2017-08-03,15
ST-010144,Q1TS5ZKD,Versie Hillebrand,Prospecting,Engaging,2017-08-03,30
ST-010145,FLH1KDV2,Versie Hillebrand,Prospecting,Engaging,2017-08-03,14
ST-010146,FLH1KDV2,Versie Hillebrand,Engaging,Won,2017-11-01,90
ST-010147,NNH4EBG8,Vicki Laflamme,Prospecting,Engaging,2017-08-03,17
ST-010148,GVSAAKF4,Wilburn Farren,Prospecting,Engaging,2017-08-03,11
ST-010149,GVSAAKF4,Wilburn Farren,Engaging,Won,2017-11-21,110
ST-010150,5UFU5IO4,Corliss Cosme,Prospecting,Engaging,2017-08-04,9
ST-010151,VLYT262U,Daniell Hammack,Prospecting,Engaging,2017-08-04,17
ST-010152,UM1OU73X,Darcel Schlecht,Prospecting,Engaging,2017-08-04,12
ST-010153,69U39SXU,Darcel Schlecht,Prospecting,Engaging,2017-08-04,24
ST-010154,R6F1053X,Donn Cantrell,Prospecting,Engaging,2017-08-04,19
ST-010155,R6F1053X,Donn Cantrell,Engaging,Won,2017-08-11,7
ST-010156,OB2PHGFR,Elease Gluck,Prospecting,Engaging,2017-08-04,29
ST-010157,OB2PHGFR,Elease Gluck,Engaging,Won,2017-11-04,92
ST-010158,ZCUMC0XC,Gladys Colclough,Prospecting,Engaging,2017-08-04,22
ST-010159,Y2X0X0WQ,Gladys Colclough,Prospecting,Engaging,2017-08-04,15
ST-010160,Y2X0X0WQ,Gladys Colclough,Engaging,Won,2017-12-07,125
ST-010161,V1KABF71,Jonathan Berthelot,Prospecting,Engaging,2017-08-04,21
ST-010162,DZ47F0UT,Kary Hendrixson,Prospecting,Engaging,2017-08-04,6
ST-010163,DZ47F0UT,Kary Hendrixson,Engaging,Lost,2017-08-08,4
ST-010164,7WYZ9HMC,Kary Hendrixson,Prospecting,Engaging,2017-08-04,3
ST-010165,7WYZ9HMC,Kary Hendrixson,Engaging,Won,2017-09-16,43
ST-010166,CPOA6FVA,Lajuana Vencill,Prospecting,Engaging,2017-08-04,19
ST-010167,5VW9YVTU,Moses Frase,Prospecting,Engaging,2017-08-04,24
ST-010168,FUI9BIS3,Moses Frase,Prospecting,Engaging,2017-08-04,29
ST-010169,49SUORYW,Niesha Huffines,Prospecting,Engaging,2017-08-04,29
ST-010170,RG8P75PG,Reed Clapper,Prospecting,Engaging,2017-08-04,14
ST-010171,RG8P75PG,Reed Clapper,Engaging,Lost,2017-08-10,6
ST-010172,P0YQ3HNN,Reed Clapper,Prospecting,Engaging,2017-08-04,20
ST-010173,P0YQ3HNN,Reed Clapper,Engaging,Won,2017-09-11,38
ST-010174,TGI9B9AD,Reed Clapper,Prospecting,Engaging,2017-08-04,23
ST-010175,TGI9B9AD,Reed Clapper,Engaging,Won,2017-12-16,134
ST-010176,51VR0RD3,Violet Mclelland,Prospecting,Engaging,2017-08-04,22
ST-010177,4PNXMXXC,Anna Snelling,Prospecting,Engaging,2017-08-05,22
ST-010178,OVA9HMN1,Anna Snelling,Prospecting,Engaging,2017-08-05,12
ST-010179,DAAHNY6T,Anna Snelling,Prospecting,Engaging,2017-08-05,12
ST-010180,80QJ0BQH,Anna Snelling,Prospecting,Engaging,2017-08-05,24
ST-010181,WA58C7SV,Anna Snelling,Prospecting,Engaging,2017-08-05,6
ST-010182,WA58C7SV,Anna Snelling,Engaging,Lost,2017-11-26,113
ST-010183,MOAP4XN7,Boris Faz,Prospecting,Engaging,2017-08-05,18
ST-010184,2N2MUDOA,Daniell Hammack,Prospecting,Engaging,2017-08-05,5
ST-010185,EFUIZFRA,Daniell Hammack,Prospecting,Engaging,2017-08-05,13
ST-010186,EFUIZFRA,Daniell Hammack,Engaging,Won,2017-09-19,45
ST-010187,RCJRB8W8,Darcel Schlecht,Prospecting,Engaging,2017-08-05,11
ST-010188,5NGPM4C3,Darcel Schlecht,Prospecting,Engaging,2017-08-05,23
ST-010189,D4ZMTQLE,Darcel Schlecht,Prospecting,Engaging,2017-08-05,13
ST-010190,D4ZMTQLE,Darcel Schlecht,Engaging,Won,2017-12-20,137
ST-010191,QFXZT1TV,Donn Cantrell,Prospecting,Engaging,2017-08-05,30
ST-010192,QFXZT1TV,Donn Cantrell,Engaging,Won,2017-12-20,137
ST-010193,3Q8GSOKD,Donn Cantrell,Prospecting,Engaging,2017-08-05,11
ST-010194,3Q8GSOKD,Donn Cantrell,Engaging,Won,2017-12-04,121
ST-010195,7DOGGIXI,Elease Gluck,Prospecting,Engaging,2017-08-05,11
ST-010196,7CC4DUSQ,Elease Gluck,Prospecting,Engaging,2017-08-05,23
ST-010197,7CC4DUSQ,Elease Gluck,Engaging,Lost,2017-11-29,116
ST-010198,NY7Z4I06,Kary Hendrixson,Prospecting,Engaging,2017-08-05,25
ST-010199,G2KW3DWD,Lajuana Vencill,Prospecting,Engaging,2017-08-05,23
ST-010200,G2KW3DWD,Lajuana Vencill,Engaging,Won,2017-11-02,89
ST-010201,IK72767Q,Marty Freudenburg,Prospecting,Engaging,2017-08-05,12
ST-010202,IK72767Q,Marty Freudenburg,Engaging,Won,2017-12-14,131
ST-010203,9P180HVQ,Moses Frase,Prospecting,Engaging,2017-08-05,9
ST-010204,ACGLK2YE,Moses Frase,Prospecting,Engaging,2017-08-05,7
ST-010205,0F9GSZRO,Moses Frase,Prospecting,Engaging,2017-08-05,19
ST-010206,0F9GSZRO,Moses Frase,Engaging,Lost,2017-11-11,98
ST-010207,BEELPVP0,Moses Frase,Prospecting,Engaging,2017-08-05,27
ST-010208,BEELPVP0,Moses Frase,Engaging,Lost,2017-08-15,10
ST-010209,3A54O8JT,Versie Hillebrand,Prospecting,Engaging,2017-08-05,10
ST-010210,2DOZJ7GT,Versie Hillebrand,Prospecting,Engaging,2017-08-05,4
ST-010211,2DOZJ7GT,Versie Hillebrand,Engaging,Lost,2017-11-08,95
ST-010212,1V1L46NV,Versie Hillebrand,Prospecting,Engaging,2017-08-05,28
ST-010213,1V1L46NV,Versie Hillebrand,Engaging,Won,2017-11-09,96
ST-010214,R9GI5SJ5,Vicki Laflamme,Prospecting,Engaging,2017-08-05,30
ST-010215,SGYL0QMJ,Zane Levy,Prospecting,Engaging,2017-08-05,28
ST-010216,SGYL0QMJ,Zane Levy,Engaging,Lost,2017-11-07,94
ST-010217,XNOQAL9G,Anna Snelling,Prospecting,Engaging,2017-08-06,28
ST-010218,XNOQAL9G,Anna Snelling,Engaging,Lost,2017-11-29,115
ST-010219,WO1OYV0Z,Boris Faz,Prospecting,Engaging,2017-08-06,22
ST-010220,ZGK1AWBD,Boris Faz,Prospecting,Engaging,2017-08-06,15
ST-010221,AV72Y65Y,Cecily Lampkin,Prospecting,Engaging,2017-08-06,24
ST-010222,2PP30ME4,Corliss Cosme,Prospecting,Engaging,2017-08-06,13
ST-010223,2PP30ME4,Corliss Cosme,Engaging,Lost,2017-11-04,90
ST-010224,UADVV91I,Corliss Cosme,Prospecting,Engaging,2017-08-06,24
ST-010225,UADVV91I,Corliss Cosme,Engaging,Won,2017-12-01,117
ST-010226,E9PMCMA3,Corliss Cosme,Prospecting,Engaging,2017-08-06,7
ST-010227,E9PMCMA3,Corliss Cosme,Engaging,Won,2017-11-14,100
ST-010228,EGW6AN01,Daniell Hammack,Prospecting,Engaging,2017-08-06,26
ST-010229,EGW6AN01,Daniell Hammack,Engaging,Lost,2017-11-08,94
ST-010230,A8NDGVJE,Darcel Schlecht,Prospecting,Engaging,2017-08-06,3
ST-010231,NI5XQR33,Darcel Schlecht,Prospecting,Engaging,2017-08-06,23
ST-010232,NI5XQR33,Darcel Schlecht,Engaging,Lost,2017-08-14,8
ST-010233,QYUZ3KVU,Donn Cantrell,Prospecting,Engaging,2017-08-06,18
ST-010234,QYUZ3KVU,Donn Cantrell,Engaging,Won,2017-08-11,5
ST-010235,5TOZM59X,Elease Gluck,Prospecting,Engaging,2017-08-06,12
ST-010236,5TOZM59X,Elease Gluck,Engaging,Won,2017-08-17,11
ST-010237,XWOG5DC0,Garret Kinder,Prospecting,Engaging,2017-08-06,11
ST-010238,XWOG5DC0,Garret Kinder,Engaging,Lost,2017-11-08,94
ST-010239,IQAFSIV4,Garret Kinder,Prospecting,Engaging,2017-08-06,16
ST-010240,IQAFSIV4,Garret Kinder,Engaging,Won,2017-08-27,21
ST-010241,EETBBG75,Garret Kinder,Prospecting,Engaging,2017-08-06,15
ST-010242,EETBBG75,Garret Kinder,Engaging,Won,2017-09-20,45
ST-010243,7FFV8D9U,Gladys Colclough,Prospecting,Engaging,2017-08-06,15
ST-010244,04T6SOQW,Kami Bicknell,Prospecting,Engaging,2017-08-06,26
ST-010245,STYAF310,Kami Bicknell,Prospecting,Engaging,2017-08-06,4
ST-010246,STYAF310,Kami Bicknell,Engaging,Lost,2017-11-04,90
ST-010247,6W7QAH1B,Kami Bicknell,Prospecting,Engaging,2017-08-06,21
ST-010248,6W7QAH1B,Kami Bicknell,Engaging,Won,2017-12-18,134
ST-010249,KXLD5YKX,Kami Bicknell,Prospecting,Engaging,2017-08-06,25
ST-010250,KXLD5YKX,Kami Bicknell,Engaging,Won,2017-11-19,105
ST-010251,SLMY2KDA,Kary Hendrixson,Prospecting,Engaging,2017-08-06,21
ST-010252,PDMZ1I99,Lajuana Vencill,Prospecting,Engaging,2017-08-06,29
ST-010253,ESYGBBLP,Lajuana Vencill,Prospecting,Engaging,2017-08-06,9
ST-010254,ESYGBBLP,Lajuana Vencill,Engaging,Lost,2017-12-10,126
ST-010255,AD2YEH7W,Marty Freudenburg,Prospecting,Engaging,2017-08-06,13
ST-010256,98K99UW9,Rosie Papadopoulos,Prospecting,Engaging,2017-08-06,26
ST-010257,ZDSAVCDQ,Rosie Papadopoulos,Prospecting,Engaging,2017-08-06,25
ST-010258,ZDSAVCDQ,Rosie Papadopoulos,Engaging,Won,2017-08-12,6
ST-010259,OMJHW2J1,Versie Hillebrand,Prospecting,Engaging,2017-08-06,10
ST-010260,G6CMP5I9,Versie Hillebrand,Prospecting,Engaging,2017-08-06,24
ST-010261,OSG9KZGB,Anna Snelling,Prospecting,Engaging,2017-08-07,20
ST-010262,693K7IAT,Boris Faz,Prospecting,Engaging,2017-08-07,23
ST-010263,QRWC159J,Boris Faz,Prospecting,Engaging,2017-08-07,28
ST-010264,QRWC159J,Boris Faz,Engaging,Lost,2017-12-08,123
ST-010265,TXPUCPT8,Cecily Lampkin,Prospecting,Engaging,2017-08-07,18
ST-010266,TXPUCPT8,Cecily Lampkin,Engaging,Won,2017-11-17,102
ST-010267,2ZVWE5NE,Corliss Cosme,Prospecting,Engaging,2017-08-07,24
ST-010268,2ZVWE5NE,Corliss Cosme,Engaging,Lost,2017-12-19,134
ST-010269,4335LVQT,Corliss Cosme,Prospecting,Engaging,2017-08-07,14
ST-010270,4335LVQT,Corliss Cosme,Engaging,Won,2017-11-19,104
ST-010271,MJ0RRDLN,Corliss Cosme,Prospecting,Engaging,2017-08-07,19
ST-010272,MJ0RRDLN,Corliss Cosme,Engaging,Won,2017-12-05,120
ST-010273,QAJPUEN2,Darcel Schlecht,Prospecting,Engaging,2017-08-07,12
ST-010274,QAJPUEN2,Darcel Schlecht,Engaging,Lost,2017-08-18,11
ST-010275,4XLLUO6J,Darcel Schlecht,Prospecting,Engaging,2017-08-07,30
ST-010276,4XLLUO6J,Darcel Schlecht,Engaging,Won,2017-09-17,41
ST-010277,5R408EB5,Elease Gluck,Prospecting,Engaging,2017-08-07,8
ST-010278,5R408EB5,Elease Gluck,Engaging,Lost,2017-12-19,134
ST-010279,FB0Q3FYP,Gladys Colclough,Prospecting,Engaging,2017-08-07,29
ST-010280,FB0Q3FYP,Gladys Colclough,Engaging,Won,2017-09-22,46
ST-010281,JZ2VUXZQ,Hayden Neloms,Prospecting,Engaging,2017-08-07,24
ST-010282,JZ2VUXZQ,Hayden Neloms,Engaging,Lost,2017-08-26,19
ST-010283,RB54V758,James Ascencio,Prospecting,Engaging,2017-08-07,20
ST-010284,RB54V758,James Ascencio,Engaging,Won,2017-08-17,10
ST-010285,38C7HEG6,Jonathan Berthelot,Prospecting,Engaging,2017-08-07,8
ST-010286,38C7HEG6,Jonathan Berthelot,Engaging,Won,2017-11-01,86
ST-010287,FNXCNUR1,Kami Bicknell,Prospecting,Engaging,2017-08-07,12
ST-010288,FNXCNUR1,Kami Bicknell,Engaging,Lost,2017-11-24,109
ST-010289,DSPMSOTB,Lajuana Vencill,Prospecting,Engaging,2017-08-07,6
ST-010290,DSPMSOTB,Lajuana Vencill,Engaging,Won,2017-12-13,128
ST-010291,WD7Q5D3G,Markita Hansen,Prospecting,Engaging,2017-08-07,18
ST-010292,ZC987DAQ,Markita Hansen,Prospecting,Engaging,2017-08-07,7
ST-010293,AOVU3VUJ,Markita Hansen,Prospecting,Engaging,2017-08-07,26
ST-010294,AOVU3VUJ,Markita Hansen,Engaging,Lost,2017-11-17,102
ST-010295,I6M40320,Niesha Huffines,Prospecting,Engaging,2017-08-07,11
ST-010296,SYA1A4E5,Niesha Huffines,Prospecting,Engaging,2017-08-07,26
ST-010297,9AESK6QV,Vicki Laflamme,Prospecting,Engaging,2017-08-07,28
ST-010298,6DUFMKIG,Vicki Laflamme,Prospecting,Engaging,2017-08-07,20
ST-010299,6DUFMKIG,Vicki Laflamme,Engaging,Lost,2017-08-13,6
ST-010300,R2DID6L7,Violet Mclelland,Prospecting,Engaging,2017-08-07,27
ST-010301,R2DID6L7,Violet Mclelland,Engaging,Won,2017-11-04,89
ST-010302,WHS3UZHR,Violet Mclelland,Prospecting,Engaging,2017-08-07,8
ST-010303,WHS3UZHR,Violet Mclelland,Engaging,Won,2017-11-09,94
ST-010304,5UFQONQU,Zane Levy,Prospecting,Engaging,2017-08-07,24
ST-010305,5UFQONQU,Zane Levy,Engaging,Won,2017-11-27,112
ST-010306,RRQIGS7E,Anna Snelling,Prospecting,Engaging,2017-08-08,13
ST-010307,RRQIGS7E,Anna Snelling,Engaging,Won,2017-08-18,10
ST-010308,1VFRN1GB,Cassey Cress,Prospecting,Engaging,2017-08-08,23
ST-010309,1VFRN1GB,Cassey Cress,Engaging,Won,2017-08-27,19
ST-010310,Q8QGD2OG,Cecily Lampkin,Prospecting,Engaging,2017-08-08,5
ST-010311,AHXFADIU,Cecily Lampkin,Prospecting,Engaging,2017-08-08,10
ST-010312,AHXFADIU,Cecily Lampkin,Engaging,Lost,2017-11-01,85
ST-010313,PWKFVQFA,Cecily Lampkin,Prospecting,Engaging,2017-08-08,14
ST-010314,PWKFVQFA,Cecily Lampkin,Engaging,Won,2017-11-08,92
ST-010315,8CAXVCDF,Daniell Hammack,Prospecting,Engaging,2017-08-08,10
ST-010316,8CAXVCDF,Daniell Hammack,Engaging,Lost,2017-08-09,1
ST-010317,0SIWRBDT,Daniell Hammack,Prospecting,Engaging,2017-08-08,26
ST-010318,0SIWRBDT,Daniell Hammack,Engaging,Won,2017-12-22,136
ST-010319,FH3UXT3T,Darcel Schlecht,Prospecting,Engaging,2017-08-08,30
ST-010320,VQB0ZCYJ,Donn Cantrell,Prospecting,Engaging,2017-08-08,12
ST-010321,VQB0ZCYJ,Donn Cantrell,Engaging,Won,2017-08-11,3
ST-010322,6IMKESNY,Jonathan Berthelot,Prospecting,Engaging,2017-08-08,16
ST-010323,6IMKESNY,Jonathan Berthelot,Engaging,Won,2017-08-17,9
ST-010324,CLRPASVW,Kami Bicknell,Prospecting,Engaging,2017-08-08,28
ST-010325,18N5WD04,Kary Hendrixson,Prospecting,Engaging,2017-08-08,13
ST-010326,18N5WD04,Kary Hendrixson,Engaging,Lost,2017-09-24,47
ST-010327,FS60AX8A,Lajuana Vencill,Prospecting,Engaging,2017-08-08,14
ST-010328,R26IBPEJ,Lajuana Vencill,Prospecting,Engaging,2017-08-08,11
ST-010329,R26IBPEJ,Lajuana Vencill,Engaging,Lost,2017-11-13,97
ST-010330,TCBW39GW,Marty Freudenburg,Prospecting,Engaging,2017-08-08,21
ST-010331,TCBW39GW,Marty Freudenburg,Engaging,Won,2017-11-07,91
ST-010332,F9QHNS68,Marty Freudenburg,Prospecting,Engaging,2017-08-08,12
ST-010333,F9QHNS68,Marty Freudenburg,Engaging,Won,2017-08-19,11
ST-010334,7DA7E2K7,Maureen Marcano,Prospecting,Engaging,2017-08-08,17
ST-010335,7DA7E2K7,Maureen Marcano,Engaging,Won,2017-11-06,90
ST-010336,O7LSETHG,Rosie Papadopoulos,Prospecting,Engaging,2017-08-08,30
ST-010337,GTH7MXLG,Versie Hillebrand,Prospecting,Engaging,2017-08-08,6
ST-010338,GTH7MXLG,Versie Hillebrand,Engaging,Lost,2017-08-15,7
ST-010339,FCBSZ6FJ,Anna Snelling,Prospecting,Engaging,2017-08-09,18
ST-010340,S931EBRN,Cassey Cress,Prospecting,Engaging,2017-08-09,4
ST-010341,2QISWUQ9,Cassey Cress,Prospecting,Engaging,2017-08-09,30
ST-010342,2QISWUQ9,Cassey Cress,Engaging,Lost,2017-12-05,118
ST-010343,8CJ0DC9P,Daniell Hammack,Prospecting,Engaging,2017-08-09,23
ST-010344,8CJ0DC9P,Daniell Hammack,Engaging,Lost,2017-11-12,95
ST-010345,S0WEFDP2,Daniell Hammack,Prospecting,Engaging,2017-08-09,21
ST-010346,S0WEFDP2,Daniell Hammack,Engaging,Won,2017-09-24,46
ST-010347,MUSSD9WD,Darcel Schlecht,Prospecting,Engaging,2017-08-09,21
ST-010348,9B20R6A5,Darcel Schlecht,Prospecting,Engaging,2017-08-09,22
ST-010349,PXXIJWXD,Darcel Schlecht,Prospecting,Engaging,2017-08-09,5
ST-010350,PXXIJWXD,Darcel Schlecht,Engaging,Won,2017-11-02,85
ST-010351,AQFXE1TA,Donn Cantrell,Prospecting,Engaging,2017-08-09,18
ST-010352,AQFXE1TA,Donn Cantrell,Engaging,Won,2017-09-15,37
ST-010353,N4JDVO8F,Elease Gluck,Prospecting,Engaging,2017-08-09,9
ST-010354,N4JDVO8F,Elease Gluck,Engaging,Lost,2017-08-12,3
ST-010355,GXJF1O6U,Elease Gluck,Prospecting,Engaging,2017-08-09,19
ST-010356,GXJF1O6U,Elease Gluck,Engaging,Lost,2017-11-18,101
ST-010357,UZTMM5MG,Garret Kinder,Prospecting,Engaging,2017-08-09,6
ST-010358,UZTMM5MG,Garret Kinder,Engaging,Lost,2017-11-20,103
ST-010359,XMVJ5X59,Garret Kinder,Prospecting,Engaging,2017-08-09,30
ST-010360,XMVJ5X59,Garret Kinder,Engaging,Won,2017-11-07,90
ST-010361,AJ3CFCFA,Hayden Neloms,Prospecting,Engaging,2017-08-09,24
ST-010362,AJ3CFCFA,Hayden Neloms,Engaging,Lost,2017-11-19,102
ST-010363,SX73M3HS,James Ascencio,Prospecting,Engaging,2017-08-09,15
ST-010364,SX73M3HS,James Ascencio,Engaging,Won,2017-12-19,132
ST-010365,BJH89YWM,Jonathan Berthelot,Prospecting,Engaging,2017-08-09,19
ST-010366,EVXPG3V5,Lajuana Vencill,Prospecting,Engaging,2017-08-09,12
ST-010367,YDUL6H8V,Markita Hansen,Prospecting,Engaging,2017-08-09,16
ST-010368,YDUL6H8V,Markita Hansen,Engaging,Won,2017-12-08,121
ST-010369,FSNL204U,Marty Freudenburg,Prospecting,Engaging,2017-08-09,4
ST-010370,RC4LEDIA,Marty Freudenburg,Prospecting,Engaging,2017-08-09,30
ST-010371,DY5RYWTV,Maureen Marcano,Prospecting,Engaging,2017-08-09,30
ST-010372,DY5RYWTV,Maureen Marcano,Engaging,Lost,2017-08-20,11
ST-010373,3F9NDPA0,Maureen Marcano,Prospecting,Engaging,2017-08-09,7
ST-010374,3F9NDPA0,Maureen Marcano,Engaging,Won,2017-08-10,1
ST-010375,UMKU4ZGE,Maureen Marcano,Prospecting,Engaging,2017-08-09,7
ST-010376,UMKU4ZGE,Maureen Marcano,Engaging,Won,2017-12-04,117
ST-010377,56SRDF1B,Moses Frase,Prospecting,Engaging,2017-08-09,9
ST-010378,56SRDF1B,Moses Frase,Engaging,Won,2017-09-09,31
ST-010379,ID7F5VGK,Niesha Huffines,Prospecting,Engaging,2017-08-09,13
ST-010380,ID7F5VGK,Niesha Huffines,Engaging,Lost,2017-11-25,108
ST-010381,6UQTAD4C,Niesha Huffines,Prospecting,Engaging,2017-08-09,16
ST-010382,6UQTAD4C,Niesha Huffines,Engaging,Won,2017-12-09,122
ST-010383,HT17GEXI,Reed Clapper,Prospecting,Engaging,2017-08-09,21
ST-010384,HT17GEXI,Reed Clapper,Engaging,Won,2017-12-13,126
ST-010385,298J5EM0,Vicki Laflamme,Prospecting,Engaging,2017-08-09,17
ST-010386,5Q2BP80H,Wilburn Farren,Prospecting,Engaging,2017-08-09,7
ST-010387,5Q2BP80H,Wilburn Farren,Engaging,Lost,2017-11-03,86
ST-010388,JVKP9OCT,Boris Faz,Prospecting,Engaging,2017-08-10,13
ST-010389,JVKP9OCT,Boris Faz,Engaging,Won,2017-08-22,12
ST-010390,COJKCSVG,Corliss Cosme,Prospecting,Engaging,2017-08-10,30
ST-010391,COJKCSVG,Corliss Cosme,Engaging,Lost,2017-08-22,12
ST-010392,533RTCAL,Corliss Cosme,Prospecting,Engaging,2017-08-10,25
ST-010393,533RTCAL,Corliss Cosme,Engaging,Won,2017-08-20,10
ST-010394,NUBMO8S7,Daniell Hammack,Prospecting,Engaging,2017-08-10,8
ST-010395,NUBMO8S7,Daniell Hammack,Engaging,Won,2017-12-07,119
ST-010396,Z4OOTJAJ,Darcel Schlecht,Prospecting,Engaging,2017-08-10,27
ST-010397,DNL2IICB,Darcel Schlecht,Prospecting,Engaging,2017-08-10,5
ST-010398,DNL2IICB,Darcel Schlecht,Engaging,Lost,2017-08-12,2
ST-010399,X7V78ZY0,Elease Gluck,Prospecting,Engaging,2017-08-10,18
ST-010400,X7V78ZY0,Elease Gluck,Engaging,Won,2017-08-16,6
ST-010401,5GEBBVQQ,Garret Kinder,Prospecting,Engaging,2017-08-10,13
ST-010402,5GEBBVQQ,Garret Kinder,Engaging,Lost,2017-11-06,88
ST-010403,988J5AUI,Hayden Neloms,Prospecting,Engaging,2017-08-10,23
ST-010404,DMN53GAI,Hayden Neloms,Prospecting,Engaging,2017-08-10,8
ST-010405,DMN53GAI,Hayden Neloms,Engaging,Won,2017-08-13,3
ST-010406,MBPJUJ7F,Jonathan Berthelot,Prospecting,Engaging,2017-08-10,13
ST-010407,B7VEJNPV,Jonathan Berthelot,Prospecting,Engaging,2017-08-10,23
ST-010408,B7VEJNPV,Jonathan Berthelot,Engaging,Lost,2017-11-23,105
ST-010409,CR13KZ71,Kary Hendrixson,Prospecting,Engaging,2017-08-10,4
ST-010410,CR13KZ71,Kary Hendrixson,Engaging,Lost,2017-11-20,102
ST-010411,2KWJIZX6,Lajuana Vencill,Prospecting,Engaging,2017-08-10,3
ST-010412,99EA6HXJ,Markita Hansen,Prospecting,Engaging,2017-08-10,17
ST-010413,J31SUXQJ,Marty Freudenburg,Prospecting,Engaging,2017-08-10,11
ST-010414,DYO98F6J,Marty Freudenburg,Prospecting,Engaging,2017-08-10,9
ST-010415,C23N9DE9,Marty Freudenburg,Prospecting,Engaging,2017-08-10,27
ST-010416,C23N9DE9,Marty Freudenburg,Engaging,Won,2017-08-27,17
ST-010417,FW7QS11M,Maureen Marcano,Prospecting,Engaging,2017-08-10,27
ST-010418,FW7QS11M,Maureen Marcano,Engaging,Lost,2017-11-07,89
ST-010419,ZRBHYBW9,Maureen Marcano,Prospecting,Engaging,2017-08-10,8
ST-010420,ZRBHYBW9,Maureen Marcano,Engaging,Lost,2017-11-03,85
ST-010421,EEB0JYIQ,Niesha Huffines,Prospecting,Engaging,2017-08-10,21
ST-010422,JLK580ND,Niesha Huffines,Prospecting,Engaging,2017-08-10,27
ST-010423,JLK580ND,Niesha Huffines,Engaging,Lost,2017-09-16,37
ST-010424,GN9SQ77J,Niesha Huffines,Prospecting,Engaging,2017-08-10,8
ST-010425,GN9SQ77J,Niesha Huffines,Engaging,Won,2017-08-25,15
ST-010426,68EYCEV4,Rosie Papadopoulos,Prospecting,Engaging,2017-08-10,18
ST-010427,1S09GEOL,Rosie Papadopoulos,Prospecting,Engaging,2017-08-10,28
ST-010428,1S09GEOL,Rosie Papadopoulos,Engaging,Lost,2017-09-09,30
ST-010429,W0TOD23Z,Versie Hillebrand,Prospecting,Engaging,2017-08-10,27
ST-010430,W0TOD23Z,Versie Hillebrand,Engaging,Won,2017-09-24,45
ST-010431,2SI35CTV,Vicki Laflamme,Prospecting,Engaging,2017-08-10,27
ST-010432,2SI35CTV,Vicki Laflamme,Engaging,Won,2017-12-06,118
ST-010433,58CZCKFN,Vicki Laflamme,Prospecting,Engaging,2017-08-10,5
ST-010434,58CZCKFN,Vicki Laflamme,Engaging,Won,2017-09-28,49
ST-010435,3E6J4YRT,Violet Mclelland,Prospecting,Engaging,2017-08-10,7
ST-010436,3E6J4YRT,Violet Mclelland,Engaging,Lost,2017-11-06,88
ST-010437,L4QYOBFW,Anna Snelling,Prospecting,Engaging,2017-08-11,22
ST-010438,L4QYOBFW,Anna Snelling,Engaging,Lost,2017-11-06,87
ST-010439,DSC7UB3W,Anna Snelling,Prospecting,Engaging,2017-08-11,16
ST-010440,DSC7UB3W,Anna Snelling,Engaging,Lost,2017-08-23,12
ST-010441,ZHXBOIJ6,Anna Snelling,Prospecting,Engaging,2017-08-11,23
ST-010442,ZHXBOIJ6,Anna Snelling,Engaging,Won,2017-08-18,7
ST-010443,FBVCN3BA,Anna Snelling,Prospecting,Engaging,2017-08-11,16
ST-010444,FBVCN3BA,Anna Snelling,Engaging,Won,2017-11-07,88
ST-010445,P4D1NK6D,Elease Gluck,Prospecting,Engaging,2017-08-11,15
ST-010446,5MAXF8FK,Gladys Colclough,Prospecting,Engaging,2017-08-11,16
ST-010447,52FDATJV,James Ascencio,Prospecting,Engaging,2017-08-11,18
ST-010448,52FDATJV,James Ascencio,Engaging,Lost,2017-08-24,13
ST-010449,KJGZN9D4,Jonathan Berthelot,Prospecting,Engaging,2017-08-11,15
ST-010450,KJGZN9D4,Jonathan Berthelot,Engaging,Won,2017-11-11,92
ST-010451,MITXNS42,Jonathan Berthelot,Prospecting,Engaging,2017-08-11,3
ST-010452,MITXNS42,Jonathan Berthelot,Engaging,Won,2017-11-10,91
ST-010453,Z7Q2USU1,Markita Hansen,Prospecting,Engaging,2017-08-11,4
ST-010454,ORJRH2SQ,Markita Hansen,Prospecting,Engaging,2017-08-11,20
ST-010455,ORJRH2SQ,Markita Hansen,Engaging,Won,2017-08-14,3
ST-010456,8CBTC1PX,Marty Freudenburg,Prospecting,Engaging,2017-08-11,9
ST-010457,UMF3KRCL,Maureen Marcano,Prospecting,Engaging,2017-08-11,26
ST-010458,VJSI29OF,Versie Hillebrand,Prospecting,Engaging,2017-08-11,14
ST-010459,GFU8P2SC,Versie Hillebrand,Prospecting,Engaging,2017-08-11,3
ST-010460,GFU8P2SC,Versie Hillebrand,Engaging,Lost,2017-08-17,6
ST-010461,SBCNMFUN,Vicki Laflamme,Prospecting,Engaging,2017-08-11,13
ST-010462,SBCNMFUN,Vicki Laflamme,Engaging,Won,2017-08-16,5
ST-010463,JCIKEHD8,Violet Mclelland,Prospecting,Engaging,2017-08-11,27
ST-010464,JCIKEHD8,Violet Mclelland,Engaging,Lost,2017-11-09,90
ST-010465,GVZMMURY,Zane Levy,Prospecting,Engaging,2017-08-11,29
ST-010466,GVZMMURY,Zane Levy,Engaging,Lost,2017-11-29,110
ST-010467,6KEWAQMX,Cassey Cress,Prospecting,Engaging,2017-08-12,19
ST-010468,0PUDG8KY,Cassey Cress,Prospecting,Engaging,2017-08-12,9
ST-010469,0PUDG8KY,Cassey Cress,Engaging,Lost,2017-08-24,12
ST-010470,XTCCGBYM,Cassey Cress,Prospecting,Engaging,2017-08-12,3
ST-010471,XTCCGBYM,Cassey Cress,Engaging,Won,2017-11-10,90
ST-010472,QFRZLXF3,Cecily Lampkin,Prospecting,Engaging,2017-08-12,24
ST-010473,8MUD1WS1,Cecily Lampkin,Prospecting,Engaging,2017-08-12,3
ST-010474,0UB5IQXA,Cecily Lampkin,Prospecting,Engaging,2017-08-12,23
ST-010475,0UB5IQXA,Cecily Lampkin,Engaging,Won,2017-11-23,103
ST-010476,EIS1B0GM,Corliss Cosme,Prospecting,Engaging,2017-08-12,26
ST-010477,EIS1B0GM,Corliss Cosme,Engaging,Lost,2017-08-13,1
ST-010478,ASVOOKMY,Corliss Cosme,Prospecting,Engaging,2017-08-12,10
ST-010479,ASVOOKMY,Corliss Cosme,Engaging,Won,2017-09-03,22
ST-010480,HMWIP0F2,Darcel Schlecht,Prospecting,Engaging,2017-08-12,10
ST-010481,WAPSW48Y,Darcel Schlecht,Prospecting,Engaging,2017-08-12,25
ST-010482,WAPSW48Y,Darcel Schlecht,Engaging,Lost,2017-11-01,81
ST-010483,J6TNURHV,Darcel Schlecht,Prospecting,Engaging,2017-08-12,14
ST-010484,J6TNURHV,Darcel Schlecht,Engaging,Won,2017-11-20,100
ST-010485,9PG07FPP,Darcel Schlecht,Prospecting,Engaging,2017-08-12,12
ST-010486,9PG07FPP,Darcel Schlecht,Engaging,Won,2017-11-11,91
ST-010487,U3HKMX4U,Darcel Schlecht,Prospecting,Engaging,2017-08-12,7
ST-010488,U3HKMX4U,Darcel Schlecht,Engaging,Won,2017-11-04,84
ST-010489,A7YPY8KI,Elease Gluck,Prospecting,Engaging,2017-08-12,6
ST-010490,A7YPY8KI,Elease Gluck,Engaging,Won,2017-08-21,9
ST-010491,27REMGYU,James Ascencio,Prospecting,Engaging,2017-08-12,15
ST-010492,IFTZ75Z9,Kary Hendrixson,Prospecting,Engaging,2017-08-12,19
ST-010493,IFTZ75Z9,Kary Hendrixson,Engaging,Lost,2017-12-03,113
ST-010494,E8QYYAGE,Lajuana Vencill,Prospecting,Engaging,2017-08-12,21
ST-010495,E8QYYAGE,Lajuana Vencill,Engaging,Lost,2017-09-12,31
ST-010496,O0L6JUYE,Marty Freudenburg,Prospecting,Engaging,2017-08-12,12
ST-010497,ZR436XWW,Maureen Marcano,Prospecting,Engaging,2017-08-12,8
ST-010498,XE0H6MOP,Maureen Marcano,Prospecting,Engaging,2017-08-12,5
ST-010499,XE0H6MOP,Maureen Marcano,Engaging,Won,2017-09-22,41
ST-010500,44Q1W18Y,Moses Frase,Prospecting,Engaging,2017-08-12,29
ST-010501,LT111IZL,Moses Frase,Prospecting,Engaging,2017-08-12,4
ST-010502,QHY85D44,Moses Frase,Prospecting,Engaging,2017-08-12,12
ST-010503,R0YCRJVQ,Moses Frase,Prospecting,Engaging,2017-08-12,12
ST-010504,R0YCRJVQ,Moses Frase,Engaging,Lost,2017-08-17,5
ST-010505,7ZN8YCH8,Versie Hillebrand,Prospecting,Engaging,2017-08-12,17
ST-010506,3OA6FZUD,Versie Hillebrand,Prospecting,Engaging,2017-08-12,26
ST-010507,3OA6FZUD,Versie Hillebrand,Engaging,Won,2017-11-29,109
ST-010508,B96E3BBD,Vicki Laflamme,Prospecting,Engaging,2017-08-12,19
ST-010509,MQEFGUOG,Vicki Laflamme,Prospecting,Engaging,2017-08-12,22
ST-010510,3C6E0D28,Vicki Laflamme,Prospecting,Engaging,2017-08-12,19
ST-010511,58W7CZGD,Vicki Laflamme,Prospecting,Engaging,2017-08-12,13
ST-010512,SUOT8GB6,Vicki Laflamme,Prospecting,Engaging,2017-08-12,16
ST-010513,SUOT8GB6,Vicki Laflamme,Engaging,Won,2017-11-14,94
ST-010514,EEQV0YY4,Violet Mclelland,Prospecting,Engaging,2017-08-12,24
ST-010515,Q3TDGMAR,Violet Mclelland,Prospecting,Engaging,2017-08-12,7
ST-010516,Q3TDGMAR,Violet Mclelland,Engaging,Won,2017-11-12,92
ST-010517,HQ2QSZUP,Anna Snelling,Prospecting,Engaging,2017-08-13,13
ST-010518,HQ2QSZUP,Anna Snelling,Engaging,Won,2017-11-02,81
ST-010519,V01XCOAS,Boris Faz,Prospecting,Engaging,2017-08-13,18
ST-010520,V01XCOAS,Boris Faz,Engaging,Lost,2017-11-22,101
ST-010521,O35V5CTW,Cassey Cress,Prospecting,Engaging,2017-08-13,14
ST-010522,O35V5CTW,Cassey Cress,Engaging,Lost,2017-11-24,103
ST-010523,0OHEJOI5,Corliss Cosme,Prospecting,Engaging,2017-08-13,27
ST-010524,AIU1UWJZ,Corliss Cosme,Prospecting,Engaging,2017-08-13,9
ST-010525,AIU1UWJZ,Corliss Cosme,Engaging,Won,2017-08-22,9
ST-010526,C205FMDE,Corliss Cosme,Prospecting,Engaging,2017-08-13,8
ST-010527,C205FMDE,Corliss Cosme,Engaging,Won,2017-09-01,19
ST-010528,KLIOLWPC,Daniell Hammack,Prospecting,Engaging,2017-08-13,28
ST-010529,KLIOLWPC,Daniell Hammack,Engaging,Lost,2017-08-17,4
ST-010530,QMFN71BT,Darcel Schlecht,Prospecting,Engaging,2017-08-13,15
ST-010531,OF5AZQID,Darcel Schlecht,Prospecting,Engaging,2017-08-13,3
ST-010532,OF5AZQID,Darcel Schlecht,Engaging,Won,2017-11-05,84
ST-010533,7O1UQ19W,Gladys Colclough,Prospecting,Engaging,2017-08-13,10
ST-010534,LFJVV393,Hayden Neloms,Prospecting,Engaging,2017-08-13,10
ST-010535,QQPAK72N,Hayden Neloms,Prospecting,Engaging,2017-08-13,26
ST-010536,8H0UQYXW,James Ascencio,Prospecting,Engaging,2017-08-13,7
ST-010537,8H0UQYXW,James Ascencio,Engaging,Won,2017-11-07,86
ST-010538,5CAP1055,Kary Hendrixson,Prospecting,Engaging,2017-08-13,9
ST-010539,ZW2GDFKC,Kary Hendrixson,Prospecting,Engaging,2017-08-13,26
ST-010540,ZW2GDFKC,Kary Hendrixson,Engaging,Lost,2017-08-24,11
ST-010541,96MOALT0,Kary Hendrixson,Prospecting,Engaging,2017-08-13,3
ST-010542,96MOALT0,Kary Hendrixson,Engaging,Won,2017-08-18,5
ST-010543,DFSFEADV,Lajuana Vencill,Prospecting,Engaging,2017-08-13,21
ST-010544,PXNDLIL2,Lajuana Vencill,Prospecting,Engaging,2017-08-13,19
ST-010545,7FVBMH48,Markita Hansen,Prospecting,Engaging,2017-08-13,8
ST-010546,714B6OB2,Markita Hansen,Prospecting,Engaging,2017-08-13,6
ST-010547,714B6OB2,Markita Hansen,Engaging,Lost,2017-11-18,97
ST-010548,W6OX0S1Q,Markita Hansen,Prospecting,Engaging,2017-08-13,14
ST-010549,W6OX0S1Q,Markita Hansen,Engaging,Lost,2017-08-21,8
ST-010550,B5WZQP1F,Markita Hansen,Prospecting,Engaging,2017-08-13,25
ST-010551,B5WZQP1F,Markita Hansen,Engaging,Won,2017-11-28,107
ST-010552,V0G393Q6,Marty Freudenburg,Prospecting,Engaging,2017-08-13,23
ST-010553,9CPUX0D0,Marty Freudenburg,Prospecting,Engaging,2017-08-13,28
ST-010554,CYBWWANG,Marty Freudenburg,Prospecting,Engaging,2017-08-13,4
ST-010555,CYBWWANG,Marty Freudenburg,Engaging,Lost,2017-11-25,104
ST-010556,USS2SNQI,Maureen Marcano,Prospecting,Engaging,2017-08-13,15
ST-010557,4BUQW2T0,Maureen Marcano,Prospecting,Engaging,2017-08-13,23
ST-010558,4BUQW2T0,Maureen Marcano,Engaging,Won,2017-08-24,11
ST-010559,HQKWQ004,Moses Frase,Prospecting,Engaging,2017-08-13,11
ST-010560,ZHOK77B4,Reed Clapper,Prospecting,Engaging,2017-08-13,27
ST-010561,ZHOK77B4,Reed Clapper,Engaging,Won,2017-11-02,81
ST-010562,TP4SDOPW,Reed Clapper,Prospecting,Engaging,2017-08-13,20
ST-010563,TP4SDOPW,Reed Clapper,Engaging,Won,2017-08-29,16
ST-010564,BUZMB3Q4,Vicki Laflamme,Prospecting,Engaging,2017-08-13,22
ST-010565,BUZMB3Q4,Vicki Laflamme,Engaging,Won,2017-11-26,105
ST-010566,92VGMPKP,Zane Levy,Prospecting,Engaging,2017-08-13,4
ST-010567,92VGMPKP,Zane Levy,Engaging,Lost,2017-11-07,86
ST-010568,JTXYATXL,Zane Levy,Prospecting,Engaging,2017-08-13,22
ST-010569,JTXYATXL,Zane Levy,Engaging,Won,2017-11-15,94
ST-010570,SAMPTSH0,Anna Snelling,Prospecting,Engaging,2017-08-14,4
ST-010571,NSX4NR40,Anna Snelling,Prospecting,Engaging,2017-08-14,24
ST-010572,NPORW46K,Anna Snelling,Prospecting,Engaging,2017-08-14,6
ST-010573,0GS0L5VR,Anna Snelling,Prospecting,Engaging,2017-08-14,23
ST-010574,DCOMI70R,Anna Snelling,Prospecting,Engaging,2017-08-14,29
ST-010575,DCOMI70R,Anna Snelling,Engaging,Lost,2017-08-20,6
ST-010576,LBO52V0N,Cassey Cress,Prospecting,Engaging,2017-08-14,3
ST-010577,5OOZTQK7,Cassey Cress,Prospecting,Engaging,2017-08-14,4
ST-010578,5OOZTQK7,Cassey Cress,Engaging,Lost,2017-08-22,8
ST-010579,P2PVED7R,Cassey Cress,Prospecting,Engaging,2017-08-14,25
ST-010580,P2PVED7R,Cassey Cress,Engaging,Won,2017-08-30,16
ST-010581,LFMMI05H,Cassey Cress,Prospecting,Engaging,2017-08-14,6
ST-010582,LFMMI05H,Cassey Cress,Engaging,Won,2017-12-21,129
ST-010583,99NDUEKO,Cecily Lampkin,Prospecting,Engaging,2017-08-14,16
ST-010584,99NDUEKO,Cecily Lampkin,Engaging,Lost,2017-11-09,87
ST-010585,FJE58EP1,Darcel Schlecht,Prospecting,Engaging,2017-08-14,17
ST-010586,AILB4LIX,Darcel Schlecht,Prospecting,Engaging,2017-08-14,15
ST-010587,2ICN8RJP,Darcel Schlecht,Prospecting,Engaging,2017-08-14,6
ST-010588,2ICN8RJP,Darcel Schlecht,Engaging,Won,2017-11-04,82
ST-010589,8FGW6RSX,Elease Gluck,Prospecting,Engaging,2017-08-14,20
ST-010590,CYV6MJL9,Hayden Neloms,Prospecting,Engaging,2017-08-14,11
ST-010591,YKMHSGNU,Hayden Neloms,Prospecting,Engaging,2017-08-14,18
ST-010592,YKMHSGNU,Hayden Neloms,Engaging,Lost,2017-11-29,107
ST-010593,Y8ZUSC9C,Jonathan Berthelot,Prospecting,Engaging,2017-08-14,25
ST-010594,VHT6G2BS,Jonathan Berthelot,Prospecting,Engaging,2017-08-14,7
ST-010595,KBPKLB2X,Jonathan Berthelot,Prospecting,Engaging,2017-08-14,9
ST-010596,N0XWYRBU,Kami Bicknell,Prospecting,Engaging,2017-08-14,25
ST-010597,N0XWYRBU,Kami Bicknell,Engaging,Won,2017-11-10,88
ST-010598,HY9VGF58,Kary Hendrixson,Prospecting,Engaging,2017-08-14,24
ST-010599,HY9VGF58,Kary Hendrixson,Engaging,Won,2017-08-24,10
ST-010600,EZDMNAK8,Lajuana Vencill,Prospecting,Engaging,2017-08-14,23
ST-010601,I6PXHXST,Marty Freudenburg,Prospecting,Engaging,2017-08-14,3
ST-010602,AMP2GT6F,Maureen Marcano,Prospecting,Engaging,2017-08-14,12
ST-010603,EPC4NBJ5,Maureen Marcano,Prospecting,Engaging,2017-08-14,16
ST-010604,EPC4NBJ5,Maureen Marcano,Engaging,Lost,2017-08-28,14
ST-010605,PQJZNRKK,Rosie Papadopoulos,Prospecting,Engaging,2017-08-14,24
ST-010606,MVU1OZVS,Versie Hillebrand,Prospecting,Engaging,2017-08-14,6
ST-010607,MVU1OZVS,Versie Hillebrand,Engaging,Won,2017-11-30,108
ST-010608,E617EXPD,Vicki Laflamme,Prospecting,Engaging,2017-08-14,24
ST-010609,1BAF1ZYL,Vicki Laflamme,Prospecting,Engaging,2017-08-14,19
ST-010610,1BAF1ZYL,Vicki Laflamme,Engaging,Won,2017-08-19,5
ST-010611,JEWIBFH9,Wilburn Farren,Prospecting,Engaging,2017-08-14,11
ST-010612,UV45XZWJ,Zane Levy,Prospecting,Engaging,2017-08-14,22
ST-010613,UV45XZWJ,Zane Levy,Engaging,Lost,2017-08-18,4
ST-010614,B08R55ET,Anna Snelling,Prospecting,Engaging,2017-08-15,22
ST-010615,3HTSMIGI,Anna Snelling,Prospecting,Engaging,2017-08-15,25
ST-010616,3HTSMIGI,Anna Snelling,Engaging,Lost,2017-09-27,43
ST-010617,B5GG52AB,Anna Snelling,Prospecting,Engaging,2017-08-15,7
ST-010618,B5GG52AB,Anna Snelling,Engaging,Lost,2017-11-15,92
ST-010619,MTBQF6FE,Anna Snelling,Prospecting,Engaging,2017-08-15,16
ST-010620,MTBQF6FE,Anna Snelling,Engaging,Won,2017-11-05,82
ST-010621,ICR59VIJ,Cassey Cress,Prospecting,Engaging,2017-08-15,29
ST-010622,3S3O03ZV,Cassey Cress,Prospecting,Engaging,2017-08-15,6
ST-010623,3S3O03ZV,Cassey Cress,Engaging,Won,2017-08-25,10
ST-010624,62TFLOG6,Corliss Cosme,Prospecting,Engaging,2017-08-15,19
ST-010625,62TFLOG6,Corliss Cosme,Engaging,Lost,2017-08-28,13
ST-010626,94JT388Y,Corliss Cosme,Prospecting,Engaging,2017-08-15,26
ST-010627,94JT388Y,Corliss Cosme,Engaging,Won,2017-09-01,17
ST-010628,AKC9GNVA,Corliss Cosme,Prospecting,Engaging,2017-08-15,22
ST-010629,AKC9GNVA,Corliss Cosme,Engaging,Won,2017-11-09,86
ST-010630,0R1F3OIN,Daniell Hammack,Prospecting,Engaging,2017-08-15,6
ST-010631,0R1F3OIN,Daniell Hammack,Engaging,Won,2017-08-22,7
ST-010632,WDUOD19F,Darcel Schlecht,Prospecting,Engaging,2017-08-15,12
ST-010633,WDUOD19F,Darcel Schlecht,Engaging,Lost,2017-12-03,110
ST-010634,SFXFXRYV,Darcel Schlecht,Prospecting,Engaging,2017-08-15,6
ST-010635,SFXFXRYV,Darcel Schlecht,Engaging,Lost,2017-11-20,97
ST-010636,ANZJNT1Q,Darcel Schlecht,Prospecting,Engaging,2017-08-15,28
ST-010637,ANZJNT1Q,Darcel Schlecht,Engaging,Won,2017-08-25,10
ST-010638,MX3QZ682,Darcel Schlecht,Prospecting,Engaging,2017-08-15,6
ST-010639,MX3QZ682,Darcel Schlecht,Engaging,Won,2017-11-09,86
ST-010640,WMJDLTEF,Donn Cantrell,Prospecting,Engaging,2017-08-15,18
ST-010641,WMJDLTEF,Donn Cantrell,Engaging,Won,2017-11-25,102
ST-010642,3XUKEIQF,Donn Cantrell,Prospecting,Engaging,2017-08-15,9
ST-010643,3XUKEIQF,Donn Cantrell,Engaging,Won,2017-12-11,118
ST-010644,GBQ8OLNP,Gladys Colclough,Prospecting,Engaging,2017-08-15,22
ST-010645,GBQ8OLNP,Gladys Colclough,Engaging,Lost,2017-09-05,21
ST-010646,Y69M70YC,Gladys Colclough,Prospecting,Engaging,2017-08-15,9
ST-010647,Y69M70YC,Gladys Colclough,Engaging,Lost,2017-11-01,78
ST-010648,TQJJDWWH,James Ascencio,Prospecting,Engaging,2017-08-15,27
ST-010649,3UOIHNKR,James Ascencio,Prospecting,Engaging,2017-08-15,11
ST-010650,3UOIHNKR,James Ascencio,Engaging,Won,2017-09-03,19
ST-010651,5WVY52IX,Jonathan Berthelot,Prospecting,Engaging,2017-08-15,29
ST-010652,5WVY52IX,Jonathan Berthelot,Engaging,Won,2017-11-12,89
ST-010653,3K3LQ0H5,Kami Bicknell,Prospecting,Engaging,2017-08-15,19
ST-010654,3K3LQ0H5,Kami Bicknell,Engaging,Won,2017-08-23,8
ST-010655,XGHMOHYQ,Lajuana Vencill,Prospecting,Engaging,2017-08-15,9
ST-010656,5378T3K3,Markita Hansen,Prospecting,Engaging,2017-08-15,14
ST-010657,3THRXZLP,Markita Hansen,Prospecting,Engaging,2017-08-15,25
ST-010658,3THRXZLP,Markita Hansen,Engaging,Lost,2017-11-12,89
ST-010659,H45TYGRR,Markita Hansen,Prospecting,Engaging,2017-08-15,16
ST-010660,H45TYGRR,Markita Hansen,Engaging,Won,2017-08-26,11
ST-010661,E4A92U26,Marty Freudenburg,Prospecting,Engaging,2017-08-15,12
ST-010662,E4A92U26,Marty Freudenburg,Engaging,Lost,2017-08-27,12
ST-010663,JNYA5ZHI,Moses Frase,Prospecting,Engaging,2017-08-15,8
ST-010664,JNYA5ZHI,Moses Frase,Engaging,Lost,2017-11-10,87
ST-010665,DCNA3CA1,Moses Frase,Prospecting,Engaging,2017-08-15,4
ST-010666,DCNA3CA1,Moses Frase,Engaging,Won,2017-12-18,125
ST-010667,1MQ3015O,Niesha Huffines,Prospecting,Engaging,2017-08-15,20
ST-010668,PYQ3VX08,Niesha Huffines,Prospecting,Engaging,2017-08-15,18
ST-010669,484WREJQ,Reed Clapper,Prospecting,Engaging,2017-08-15,9
ST-010670,484WREJQ,Reed Clapper,Engaging,Won,2017-09-03,19
ST-010671,6H1MBBVR,Reed Clapper,Prospecting,Engaging,2017-08-15,25
ST-010672,6H1MBBVR,Reed Clapper,Engaging,Won,2017-08-23,8
ST-010673,2TI1UFAA,Rosie Papadopoulos,Prospecting,Engaging,2017-08-15,18
ST-010674,2TI1UFAA,Rosie Papadopoulos,Engaging,Lost,2017-11-17,94
ST-010675,W1XRTUT2,Versie Hillebrand,Prospecting,Engaging,2017-08-15,13
ST-010676,6SMB6SDY,Vicki Laflamme,Prospecting,Engaging,2017-08-15,10
ST-010677,BJWKG319,Vicki Laflamme,Prospecting,Engaging,2017-08-15,3
ST-010678,BJWKG319,Vicki Laflamme,Engaging,Lost,2017-08-23,8
ST-010679,IDYA1X6O,Violet Mclelland,Prospecting,Engaging,2017-08-15,3
ST-010680,IDYA1X6O,Violet Mclelland,Engaging,Won,2017-11-23,100
ST-010681,041Q1IZL,Zane Levy,Prospecting,Engaging,2017-08-15,24
ST-010682,U83R2K8I,Anna Snelling,Prospecting,Engaging,2017-08-16,5
ST-010683,U83R2K8I,Anna Snelling,Engaging,Won,2017-08-29,13
ST-010684,SU1NDYXR,Boris Faz,Prospecting,Engaging,2017-08-16,6
ST-010685,PH1IKJ0W,Boris Faz,Prospecting,Engaging,2017-08-16,29
ST-010686,PH1IKJ0W,Boris Faz,Engaging,Won,2017-11-26,102
ST-010687,8BP0QGNP,Cassey Cress,Prospecting,Engaging,2017-08-16,21
ST-010688,8BP0QGNP,Cassey Cress,Engaging,Won,2017-11-16,92
ST-010689,BIH4D0JL,Kami Bicknell,Prospecting,Engaging,2017-08-16,24
ST-010690,BIH4D0JL,Kami Bicknell,Engaging,Won,2017-08-23,7
ST-010691,M49ZMLGL,Kami Bicknell,Prospecting,Engaging,2017-08-16,18
ST-010692,M49ZMLGL,Kami Bicknell,Engaging,Won,2017-09-04,19
ST-010693,OQAXHZXD,Markita Hansen,Prospecting,Engaging,2017-08-16,7
ST-010694,OQAXHZXD,Markita Hansen,Engaging,Lost,2017-08-26,10
ST-010695,FRRJMFIJ,Rosie Papadopoulos,Prospecting,Engaging,2017-08-16,5
ST-010696,FRRJMFIJ,Rosie Papadopoulos,Engaging,Won,2017-09-24,39
ST-010697,QROXE17S,Versie Hillebrand,Prospecting,Engaging,2017-08-16,27
ST-010698,QROXE17S,Versie Hillebrand,Engaging,Won,2017-08-29,13
ST-010699,H3ZR0CQW,Versie Hillebrand,Prospecting,Engaging,2017-08-16,19
ST-010700,H3ZR0CQW,Versie Hillebrand,Engaging,Won,2017-09-02,17
ST-010701,V7W8CA47,Vicki Laflamme,Prospecting,Engaging,2017-08-16,5
ST-010702,9LY4MLGO,Zane Levy,Prospecting,Engaging,2017-08-16,26
ST-010703,9LY4MLGO,Zane Levy,Engaging,Lost,2017-11-13,89
ST-010704,X2GXIKND,Anna Snelling,Prospecting,Engaging,2017-08-17,26
ST-010705,X2GXIKND,Anna Snelling,Engaging,Won,2017-11-22,97
ST-010706,KR22DD8M,Cassey Cress,Prospecting,Engaging,2017-08-17,6
ST-010707,SY61BAXZ,Cassey Cress,Prospecting,Engaging,2017-08-17,11
ST-010708,KP1L9SXH,Cassey Cress,Prospecting,Engaging,2017-08-17,23
ST-010709,KP1L9SXH,Cassey Cress,Engaging,Won,2017-11-19,94
ST-010710,84OTUTQX,Corliss Cosme,Prospecting,Engaging,2017-08-17,10
ST-010711,84OTUTQX,Corliss Cosme,Engaging,Lost,2017-11-05,80
ST-010712,FKVC924F,Daniell Hammack,Prospecting,Engaging,2017-08-17,17
ST-010713,LXVCMY4C,Daniell Hammack,Prospecting,Engaging,2017-08-17,12
ST-010714,DVAOMCYK,Darcel Schlecht,Prospecting,Engaging,2017-08-17,11
ST-010715,DVAOMCYK,Darcel Schlecht,Engaging,Won,2017-11-19,94
ST-010716,9LJAADWH,Kary Hendrixson,Prospecting,Engaging,2017-08-17,17
ST-010717,9LJAADWH,Kary Hendrixson,Engaging,Won,2017-11-08,83
ST-010718,8BGC94TT,Maureen Marcano,Prospecting,Engaging,2017-08-17,4
ST-010719,8BGC94TT,Maureen Marcano,Engaging,Won,2017-11-17,92
ST-010720,P8GXMSXL,Moses Frase,Prospecting,Engaging,2017-08-17,6
ST-010721,P8GXMSXL,Moses Frase,Engaging,Lost,2017-08-28,11
ST-010722,QJ1DIUN7,Rosalina Dieter,Prospecting,Engaging,2017-08-17,29
ST-010723,HIOHPBO1,Rosie Papadopoulos,Prospecting,Engaging,2017-08-17,8
ST-010724,HIOHPBO1,Rosie Papadopoulos,Engaging,Won,2017-09-04,18
ST-010725,ESU5NGML,Versie Hillebrand,Prospecting,Engaging,2017-08-17,30
ST-010726,ESU5NGML,Versie Hillebrand,Engaging,Lost,2017-08-24,7
ST-010727,7NDOEFEB,Versie Hillebrand,Prospecting,Engaging,2017-08-17,4
ST-010728,7NDOEFEB,Versie Hillebrand,Engaging,Lost,2017-08-20,3
ST-010729,H5SSSZ11,Vicki Laflamme,Prospecting,Engaging,2017-08-17,30
ST-010730,H5SSSZ11,Vicki Laflamme,Engaging,Lost,2017-08-18,1
ST-010731,IZ8DDEIO,Vicki Laflamme,Prospecting,Engaging,2017-08-17,12
ST-010732,IZ8DDEIO,Vicki Laflamme,Engaging,Lost,2017-11-11,86
ST-010733,L4R7LDY1,Violet Mclelland,Prospecting,Engaging,2017-08-17,14
ST-010734,5A4Q7X1W,Zane Levy,Prospecting,Engaging,2017-08-17,28
ST-010735,5A4Q7X1W,Zane Levy,Engaging,Won,2017-09-03,17
ST-010736,UGXAZ29V,Zane Levy,Prospecting,Engaging,2017-08-17,24
ST-010737,UGXAZ29V,Zane Levy,Engaging,Won,2017-08-31,14
ST-010738,RMUIMYJU,Boris Faz,Prospecting,Engaging,2017-08-18,13
ST-010739,RMUIMYJU,Boris Faz,Engaging,Lost,2017-08-26,8
ST-010740,CYIMFEWC,Cecily Lampkin,Prospecting,Engaging,2017-08-18,16
ST-010741,CYIMFEWC,Cecily Lampkin,Engaging,Lost,2017-08-24,6
ST-010742,XNKIZY9J,Corliss Cosme,Prospecting,Engaging,2017-08-18,26
ST-010743,DHVOS14H,Corliss Cosme,Prospecting,Engaging,2017-08-18,6
ST-010744,DHVOS14H,Corliss Cosme,Engaging,Lost,2017-08-31,13
ST-010745,58CABL04,Corliss Cosme,Prospecting,Engaging,2017-08-18,6
ST-010746,58CABL04,Corliss Cosme,Engaging,Won,2017-11-04,78
ST-010747,0WERZ67T,Darcel Schlecht,Prospecting,Engaging,2017-08-18,30
ST-010748,0WERZ67T,Darcel Schlecht,Engaging,Won,2017-11-13,87
ST-010749,ENGMZL6Y,Darcel Schlecht,Prospecting,Engaging,2017-08-18,27
ST-010750,ENGMZL6Y,Darcel Schlecht,Engaging,Won,2017-09-01,14
ST-010751,15PJZKNT,Gladys Colclough,Prospecting,Engaging,2017-08-18,4
ST-010752,15PJZKNT,Gladys Colclough,Engaging,Lost,2017-08-31,13
ST-010753,ZA2MIHIM,Hayden Neloms,Prospecting,Engaging,2017-08-18,3
ST-010754,ZA2MIHIM,Hayden Neloms,Engaging,Won,2017-08-20,2
ST-010755,0GYOOM2R,Jonathan Berthelot,Prospecting,Engaging,2017-08-18,30
ST-010756,0GYOOM2R,Jonathan Berthelot,Engaging,Lost,2017-08-25,7
ST-010757,X9L0T199,Kami Bicknell,Prospecting,Engaging,2017-08-18,7
ST-010758,VYR4EWHR,Kary Hendrixson,Prospecting,Engaging,2017-08-18,24
ST-010759,0SSUR0IY,Kary Hendrixson,Prospecting,Engaging,2017-08-18,23
ST-010760,0SSUR0IY,Kary Hendrixson,Engaging,Lost,2017-11-14,88
ST-010761,1IY7Y42E,Kary Hendrixson,Prospecting,Engaging,2017-08-18,8
ST-010762,1IY7Y42E,Kary Hendrixson,Engaging,Won,2017-11-14,88
ST-010763,M0PGP5H2,Markita Hansen,Prospecting,Engaging,2017-08-18,13
ST-010764,M0PGP5H2,Markita Hansen,Engaging,Won,2017-09-14,27
ST-010765,PJ21R88K,Markita Hansen,Prospecting,Engaging,2017-08-18,14
ST-010766,PJ21R88K,Markita Hansen,Engaging,Won,2017-11-04,78
ST-010767,E3L02XMN,Marty Freudenburg,Prospecting,Engaging,2017-08-18,17
ST-010768,E3L02XMN,Marty Freudenburg,Engaging,Won,2017-12-30,134
ST-010769,PODXJ4SP,Maureen Marcano,Prospecting,Engaging,2017-08-18,22
ST-010770,MAH5U65E,Vicki Laflamme,Prospecting,Engaging,2017-08-18,11
ST-010771,S3HMUXS1,Violet Mclelland,Prospecting,Engaging,2017-08-18,26
ST-010772,S3HMUXS1,Violet Mclelland,Engaging,Won,2017-12-07,111
ST-010773,5HKITTHD,Boris Faz,Prospecting,Engaging,2017-08-19,5
ST-010774,5HKITTHD,Boris Faz,Engaging,Won,2017-12-03,106
ST-010775,AZ8ACKLD,Cassey Cress,Prospecting,Engaging,2017-08-19,14
ST-010776,AZ8ACKLD,Cassey Cress,Engaging,Lost,2017-08-26,7
ST-010777,NZJXKD9H,Daniell Hammack,Prospecting,Engaging,2017-08-19,29
ST-010778,ZN5CVY5V,Darcel Schlecht,Prospecting,Engaging,2017-08-19,13
ST-010779,ZN5CVY5V,Darcel Schlecht,Engaging,Lost,2017-08-22,3
ST-010780,G62CPKZO,Darcel Schlecht,Prospecting,Engaging,2017-08-19,8
ST-010781,G62CPKZO,Darcel Schlecht,Engaging,Lost,2017-08-26,7
ST-010782,ONN55X1O,Donn Cantrell,Prospecting,Engaging,2017-08-19,6
ST-010783,ONN55X1O,Donn Cantrell,Engaging,Lost,2017-11-11,84
ST-010784,8N3GXBI5,Jonathan Berthelot,Prospecting,Engaging,2017-08-19,15
ST-010785,8N3GXBI5,Jonathan Berthelot,Engaging,Won,2017-12-01,104
ST-010786,IUKIZFB7,Kami Bicknell,Prospecting,Engaging,2017-08-19,15
ST-010787,IUKIZFB7,Kami Bicknell,Engaging,Lost,2017-08-25,6
ST-010788,TLJAFLON,Kary Hendrixson,Prospecting,Engaging,2017-08-19,17
ST-010789,TLJAFLON,Kary Hendrixson,Engaging,Lost,2017-08-28,9
ST-010790,9J2JZGFJ,Kary Hendrixson,Prospecting,Engaging,2017-08-19,11
ST-010791,9J2JZGFJ,Kary Hendrixson,Engaging,Lost,2017-11-26,99
ST-010792,ON2ZRW1X,Kary Hendrixson,Prospecting,Engaging,2017-08-19,29
ST-010793,ON2ZRW1X,Kary Hendrixson,Engaging,Won,2017-12-24,127
ST-010794,TXUDSYGY,Lajuana Vencill,Prospecting,Engaging,2017-08-19,15
ST-010795,TXUDSYGY,Lajuana Vencill,Engaging,Won,2017-11-02,75
ST-010796,H7GXKD3O,Maureen Marcano,Prospecting,Engaging,2017-08-19,25
ST-010797,H7P5O25G,Moses Frase,Prospecting,Engaging,2017-08-19,30
ST-010798,H7P5O25G,Moses Frase,Engaging,Lost,2017-11-20,93
ST-010799,SKU6MLKY,Rosie Papadopoulos,Prospecting,Engaging,2017-08-19,18
ST-010800,SKU6MLKY,Rosie Papadopoulos,Engaging,Lost,2017-11-11,84
ST-010801,SYSPNKUR,Vicki Laflamme,Prospecting,Engaging,2017-08-19,28
ST-010802,SYSPNKUR,Vicki Laflamme,Engaging,Won,2017-11-27,100
ST-010803,O8E9L7VK,Zane Levy,Prospecting,Engaging,2017-08-19,16
ST-010804,O8E9L7VK,Zane Levy,Engaging,Lost,2017-11-25,98
ST-010805,IX65TNEI,Boris Faz,Prospecting,Engaging,2017-08-20,23
ST-010806,IX65TNEI,Boris Faz,Engaging,Lost,2017-09-02,13
ST-010807,2GVXOWDF,Cassey Cress,Prospecting,Engaging,2017-08-20,28
ST-010808,2GVXOWDF,Cassey Cress,Engaging,Won,2017-09-11,22
ST-010809,R2DKRFDD,Cassey Cress,Prospecting,Engaging,2017-08-20,8
ST-010810,R2DKRFDD,Cassey Cress,Engaging,Won,2017-11-02,74
ST-010811,F3FJ3DYK,Darcel Schlecht,Prospecting,Engaging,2017-08-20,6
ST-010812,F3FJ3DYK,Darcel Schlecht,Engaging,Won,2017-08-30,10
ST-010813,W3W3KPBH,Darcel Schlecht,Prospecting,Engaging,2017-08-20,7
ST-010814,W3W3KPBH,Darcel Schlecht,Engaging,Won,2017-09-03,14
ST-010815,PVYIL0X4,Hayden Neloms,Prospecting,Engaging,2017-08-20,25
ST-010816,PVYIL0X4,Hayden Neloms,Engaging,Won,2017-08-21,1
ST-010817,KY42W3FG,James Ascencio,Prospecting,Engaging,2017-08-20,26
ST-010818,KY42W3FG,James Ascencio,Engaging,Lost,2017-11-28,100
ST-010819,05915PPX,Kami Bicknell,Prospecting,Engaging,2017-08-20,4
ST-010820,05915PPX,Kami Bicknell,Engaging,Won,2017-11-19,91
ST-010821,QPUPBL50,Kary Hendrixson,Prospecting,Engaging,2017-08-20,30
ST-010822,7P069DNF,Kary Hendrixson,Prospecting,Engaging,2017-08-20,8
ST-010823,TUKHDOGS,Maureen Marcano,Prospecting,Engaging,2017-08-20,6
ST-010824,87TZLMU7,Maureen Marcano,Prospecting,Engaging,2017-08-20,16
ST-010825,87TZLMU7,Maureen Marcano,Engaging,Won,2017-12-25,127
ST-010826,P858PP0L,Moses Frase,Prospecting,Engaging,2017-08-20,21
ST-010827,P858PP0L,Moses Frase,Engaging,Won,2017-12-17,119
ST-010828,9D43V124,Vicki Laflamme,Prospecting,Engaging,2017-08-20,18
ST-010829,O916VMU7,Vicki Laflamme,Prospecting,Engaging,2017-08-20,28
ST-010830,O916VMU7,Vicki Laflamme,Engaging,Won,2017-12-22,124
ST-010831,0SPX7FIJ,Violet Mclelland,Prospecting,Engaging,2017-08-20,21
ST-010832,0SPX7FIJ,Violet Mclelland,Engaging,Lost,2017-09-06,17
ST-010833,KEE51TPD,Anna Snelling,Prospecting,Engaging,2017-08-21,24
ST-010834,KEE51TPD,Anna Snelling,Engaging,Won,2017-11-03,74
ST-010835,1VFT3UCK,Boris Faz,Prospecting,Engaging,2017-08-21,17
ST-010836,8RR4WXXZ,Darcel Schlecht,Prospecting,Engaging,2017-08-21,8
ST-010837,8RR4WXXZ,Darcel Schlecht,Engaging,Lost,2017-11-27,98
ST-010838,IYU5CGUM,Darcel Schlecht,Prospecting,Engaging,2017-08-21,22
ST-010839,IYU5CGUM,Darcel Schlecht,Engaging,Won,2017-11-12,83
ST-010840,669805IQ,Gladys Colclough,Prospecting,Engaging,2017-08-21,15
ST-010841,669805IQ,Gladys Colclough,Engaging,Won,2017-12-06,107
ST-010842,A3JRUDX3,Hayden Neloms,Prospecting,Engaging,2017-08-21,27
ST-010843,A3JRUDX3,Hayden Neloms,Engaging,Won,2017-11-27,98
ST-010844,NY197B1A,Jonathan Berthelot,Prospecting,Engaging,2017-08-21,14
ST-010845,NY197B1A,Jonathan Berthelot,Engaging,Won,2017-12-30,131
ST-010846,R2V49PU5,Kami Bicknell,Prospecting,Engaging,2017-08-21,22
ST-010847,6AD8WNA2,Kary Hendrixson,Prospecting,Engaging,2017-08-21,3
ST-010848,6AD8WNA2,Kary Hendrixson,Engaging,Won,2017-11-08,79
ST-010849,TKENIGRA,Lajuana Vencill,Prospecting,Engaging,2017-08-21,30
ST-010850,TKENIGRA,Lajuana Vencill,Engaging,Lost,2017-11-17,88
ST-010851,R9ZOFUBX,Lajuana Vencill,Prospecting,Engaging,2017-08-21,24
ST-010852,R9ZOFUBX,Lajuana Vencill,Engaging,Won,2017-12-13,114
ST-010853,RFQFJLNJ,Markita Hansen,Prospecting,Engaging,2017-08-21,29
ST-010854,8BZLOF0K,Markita Hansen,Prospecting,Engaging,2017-08-21,26
ST-010855,8BZLOF0K,Markita Hansen,Engaging,Lost,2017-08-29,8
ST-010856,0VFBWUG5,Moses Frase,Prospecting,Engaging,2017-08-21,7
ST-010857,0VFBWUG5,Moses Frase,Engaging,Lost,2017-11-03,74
ST-010858,23J295J4,Rosalina Dieter,Prospecting,Engaging,2017-08-21,18
ST-010859,696VNI6G,Versie Hillebrand,Prospecting,Engaging,2017-08-21,18
ST-010860,696VNI6G,Versie Hillebrand,Engaging,Won,2017-09-08,18
ST-010861,8P3O8A9H,Vicki Laflamme,Prospecting,Engaging,2017-08-21,6
ST-010862,1I1K838F,Vicki Laflamme,Prospecting,Engaging,2017-08-21,16
ST-010863,1I1K838F,Vicki Laflamme,Engaging,Won,2017-12-23,124
ST-010864,LHIM2BGF,Violet Mclelland,Prospecting,Engaging,2017-08-21,17
ST-010865,LHIM2BGF,Violet Mclelland,Engaging,Lost,2017-12-08,109
ST-010866,2O7MVJ1T,Violet Mclelland,Prospecting,Engaging,2017-08-21,4
ST-010867,2O7MVJ1T,Violet Mclelland,Engaging,Won,2017-08-26,5
ST-010868,HDW4BXVN,Wilburn Farren,Prospecting,Engaging,2017-08-21,5
ST-010869,HDW4BXVN,Wilburn Farren,Engaging,Lost,2017-12-11,112
ST-010870,5P4O1IU6,Cassey Cress,Prospecting,Engaging,2017-08-22,11
ST-010871,V9ORUWY8,Cassey Cress,Prospecting,Engaging,2017-08-22,23
ST-010872,V9ORUWY8,Cassey Cress,Engaging,Lost,2017-12-05,105
ST-010873,NNLNVB7E,Corliss Cosme,Prospecting,Engaging,2017-08-22,13
ST-010874,NNLNVB7E,Corliss Cosme,Engaging,Won,2017-11-06,76
ST-010875,W3CLJLES,Corliss Cosme,Prospecting,Engaging,2017-08-22,3
ST-010876,W3CLJLES,Corliss Cosme,Engaging,Won,2017-09-02,11
ST-010877,4ELXMIIO,Donn Cantrell,Prospecting,Engaging,2017-08-22,25
ST-010878,4ELXMIIO,Donn Cantrell,Engaging,Lost,2017-09-01,10
ST-010879,4CFMS9QT,Donn Cantrell,Prospecting,Engaging,2017-08-22,30
ST-010880,4CFMS9QT,Donn Cantrell,Engaging,Lost,2017-11-01,71
ST-010881,YVJ3V0ZI,James Ascencio,Prospecting,Engaging,2017-08-22,24
ST-010882,YVJ3V0ZI,James Ascencio,Engaging,Won,2017-12-20,120
ST-010883,Q1CFR580,Markita Hansen,Prospecting,Engaging,2017-08-22,19
ST-010884,Q1CFR580,Markita Hansen,Engaging,Won,2017-11-18,88
ST-010885,4S6FW9VM,Marty Freudenburg,Prospecting,Engaging,2017-08-22,27
ST-010886,4S6FW9VM,Marty Freudenburg,Engaging,Lost,2017-08-31,9
ST-010887,PA3EXPCW,Maureen Marcano,Prospecting,Engaging,2017-08-22,26
ST-010888,PA3EXPCW,Maureen Marcano,Engaging,Lost,2017-12-01,101
ST-010889,MPVD0JVF,Maureen Marcano,Prospecting,Engaging,2017-08-22,21
ST-010890,MPVD0JVF,Maureen Marcano,Engaging,Won,2017-11-30,100
ST-010891,KZQGC4TA,Maureen Marcano,Prospecting,Engaging,2017-08-22,26
ST-010892,KZQGC4TA,Maureen Marcano,Engaging,Won,2017-12-28,128
ST-010893,FKOA9EF9,Moses Frase,Prospecting,Engaging,2017-08-22,21
ST-010894,FKOA9EF9,Moses Frase,Engaging,Won,2017-11-11,81
ST-010895,Y7TVYRAX,Reed Clapper,Prospecting,Engaging,2017-08-22,10
ST-010896,Y7TVYRAX,Reed Clapper,Engaging,Lost,2017-11-10,80
ST-010897,04YBYVPV,Reed Clapper,Prospecting,Engaging,2017-08-22,24
ST-010898,04YBYVPV,Reed Clapper,Engaging,Won,2017-09-02,11
ST-010899,2UZXS1I2,Rosie Papadopoulos,Prospecting,Engaging,2017-08-22,30
ST-010900,2UZXS1I2,Rosie Papadopoulos,Engaging,Won,2017-09-01,10
ST-010901,TZPE6M07,Wilburn Farren,Prospecting,Engaging,2017-08-22,13
ST-010902,KU7COUGK,Wilburn Farren,Prospecting,Engaging,2017-08-22,19
ST-010903,KU7COUGK,Wilburn Farren,Engaging,Won,2017-12-22,122
ST-010904,G03J67Z1,Zane Levy,Prospecting,Engaging,2017-08-22,19
ST-010905,TM70L0W8,Zane Levy,Prospecting,Engaging,2017-08-22,25
ST-010906,23K5J6JP,Anna Snelling,Prospecting,Engaging,2017-08-23,25
ST-010907,23K5J6JP,Anna Snelling,Engaging,Lost,2017-11-08,77
ST-010908,X7DYUDEB,Anna Snelling,Prospecting,Engaging,2017-08-23,22
ST-010909,X7DYUDEB,Anna Snelling,Engaging,Won,2017-11-14,83
ST-010910,WK1319MB,Boris Faz,Prospecting,Engaging,2017-08-23,6
ST-010911,EMGB7S71,Cecily Lampkin,Prospecting,Engaging,2017-08-23,16
ST-010912,EMGB7S71,Cecily Lampkin,Engaging,Won,2017-11-13,82
ST-010913,EWAMDI1N,Cecily Lampkin,Prospecting,Engaging,2017-08-23,24
ST-010914,EWAMDI1N,Cecily Lampkin,Engaging,Won,2017-08-26,3
ST-010915,S53EVWFC,Daniell Hammack,Prospecting,Engaging,2017-08-23,26
ST-010916,5D8MX6L9,Daniell Hammack,Prospecting,Engaging,2017-08-23,10
ST-010917,5D8MX6L9,Daniell Hammack,Engaging,Lost,2017-11-01,70
ST-010918,Q9BUCL60,Daniell Hammack,Prospecting,Engaging,2017-08-23,18
ST-010919,Q9BUCL60,Daniell Hammack,Engaging,Won,2017-12-03,102
ST-010920,AEZIAPTN,Darcel Schlecht,Prospecting,Engaging,2017-08-23,14
ST-010921,AEZIAPTN,Darcel Schlecht,Engaging,Won,2017-11-14,83
ST-010922,IAW2UHNH,Darcel Schlecht,Prospecting,Engaging,2017-08-23,24
ST-010923,IAW2UHNH,Darcel Schlecht,Engaging,Won,2017-12-20,119
ST-010924,1397M445,Garret Kinder,Prospecting,Engaging,2017-08-23,24
ST-010925,1397M445,Garret Kinder,Engaging,Lost,2017-11-03,72
ST-010926,5IMH88MT,James Ascencio,Prospecting,Engaging,2017-08-23,23
ST-010927,5IMH88MT,James Ascencio,Engaging,Won,2017-11-29,98
ST-010928,I86DM1B9,Jonathan Berthelot,Prospecting,Engaging,2017-08-23,15
ST-010929,I86DM1B9,Jonathan Berthelot,Engaging,Won,2017-11-19,88
ST-010930,YB4YJTK4,Kami Bicknell,Prospecting,Engaging,2017-08-23,7
ST-010931,HTZD5YGO,Kary Hendrixson,Prospecting,Engaging,2017-08-23,29
ST-010932,HTZD5YGO,Kary Hendrixson,Engaging,Lost,2017-09-13,21
ST-010933,FBEP7939,Kary Hendrixson,Prospecting,Engaging,2017-08-23,29
ST-010934,FBEP7939,Kary Hendrixson,Engaging,Won,2017-11-15,84
ST-010935,NH44FYAA,Kary Hendrixson,Prospecting,Engaging,2017-08-23,20
ST-010936,NH44FYAA,Kary Hendrixson,Engaging,Won,2017-08-25,2
ST-010937,Z6AO7S3R,Lajuana Vencill,Prospecting,Engaging,2017-08-23,22
ST-010938,Z6AO7S3R,Lajuana Vencill,Engaging,Lost,2017-11-07,76
ST-010939,8V3XDZ0D,Lajuana Vencill,Prospecting,Engaging,2017-08-23,4
ST-010940,8V3XDZ0D,Lajuana Vencill,Engaging,Won,2017-11-21,90
ST-010941,18T73EHS,Maureen Marcano,Prospecting,Engaging,2017-08-23,3
ST-010942,18T73EHS,Maureen Marcano,Engaging,Won,2017-08-27,4
ST-010943,RKTTVMMP,Maureen Marcano,Prospecting,Engaging,2017-08-23,23
ST-010944,RKTTVMMP,Maureen Marcano,Engaging,Won,2017-09-10,18
ST-010945,UDXG59P0,Maureen Marcano,Prospecting,Engaging,2017-08-23,8
ST-010946,UDXG59P0,Maureen Marcano,Engaging,Won,2017-12-03,102
ST-010947,VMOGUQA7,Moses Frase,Prospecting,Engaging,2017-08-23,19
ST-010948,VMOGUQA7,Moses Frase,Engaging,Won,2017-12-13,112
ST-010949,0L3VYSKY,Niesha Huffines,Prospecting,Engaging,2017-08-23,30
ST-010950,0L3VYSKY,Niesha Huffines,Engaging,Lost,2017-09-05,13
ST-010951,PG5S1KYF,Rosie Papadopoulos,Prospecting,Engaging,2017-08-23,18
ST-010952,PG5S1KYF,Rosie Papadopoulos,Engaging,Lost,2017-12-31,130
ST-010953,LVF6FP4A,Rosie Papadopoulos,Prospecting,Engaging,2017-08-23,30
ST-010954,LVF6FP4A,Rosie Papadopoulos,Engaging,Lost,2017-11-28,97
ST-010955,RGZHQ2MJ,Versie Hillebrand,Prospecting,Engaging,2017-08-23,18
ST-010956,RGZHQ2MJ,Versie Hillebrand,Engaging,Lost,2017-09-05,13
ST-010957,P6NQ2LZK,Vicki Laflamme,Prospecting,Engaging,2017-08-23,30
ST-010958,0XYUJ7HF,Vicki Laflamme,Prospecting,Engaging,2017-08-23,8
ST-010959,QKW7MDJK,Violet Mclelland,Prospecting,Engaging,2017-08-23,5
ST-010960,3THBBYXS,Violet Mclelland,Prospecting,Engaging,2017-08-23,27
ST-010961,3THBBYXS,Violet Mclelland,Engaging,Won,2017-12-08,107
ST-010962,XHDAW1SQ,Violet Mclelland,Prospecting,Engaging,2017-08-23,18
ST-010963,XHDAW1SQ,Violet Mclelland,Engaging,Won,2017-12-21,120
ST-010964,GIO029D3,Wilburn Farren,Prospecting,Engaging,2017-08-23,13
ST-010965,GIO029D3,Wilburn Farren,Engaging,Lost,2017-08-31,8
ST-010966,UIOJX7O0,Cassey Cress,Prospecting,Engaging,2017-08-24,10
ST-010967,CN8X0DLA,Daniell Hammack,Prospecting,Engaging,2017-08-24,13
ST-010968,HF1GSBT4,Daniell Hammack,Prospecting,Engaging,2017-08-24,11
ST-010969,ZVXINY4O,Donn Cantrell,Prospecting,Engaging,2017-08-24,4
ST-010970,ZVXINY4O,Donn Cantrell,Engaging,Lost,2017-11-28,96
ST-010971,M9N3HWGC,James Ascencio,Prospecting,Engaging,2017-08-24,19
ST-010972,M9N3HWGC,James Ascencio,Engaging,Lost,2017-12-24,122
ST-010973,H56FMPGG,James Ascencio,Prospecting,Engaging,2017-08-24,10
ST-010974,H56FMPGG,James Ascencio,Engaging,Won,2017-08-30,6
ST-010975,Z8Z77GN3,Kami Bicknell,Prospecting,Engaging,2017-08-24,20
ST-010976,IH4O3JXV,Kami Bicknell,Prospecting,Engaging,2017-08-24,23
ST-010977,IH4O3JXV,Kami Bicknell,Engaging,Won,2017-09-10,17
ST-010978,B6L071P2,Kary Hendrixson,Prospecting,Engaging,2017-08-24,15
ST-010979,B6L071P2,Kary Hendrixson,Engaging,Won,2017-11-13,81
ST-010980,3ISHFT20,Kary Hendrixson,Prospecting,Engaging,2017-08-24,15
ST-010981,3ISHFT20,Kary Hendrixson,Engaging,Won,2017-12-18,116
ST-010982,OBFCOV33,Markita Hansen,Prospecting,Engaging,2017-08-24,29
ST-010983,OBFCOV33,Markita Hansen,Engaging,Won,2017-12-08,106
ST-010984,78OETKRD,Marty Freudenburg,Prospecting,Engaging,2017-08-24,10
ST-010985,78OETKRD,Marty Freudenburg,Engaging,Won,2017-11-03,71
ST-010986,6IJNBKST,Maureen Marcano,Prospecting,Engaging,2017-08-24,5
ST-010987,6IJNBKST,Maureen Marcano,Engaging,Lost,2017-08-31,7
ST-010988,RM4HCA1W,Niesha Huffines,Prospecting,Engaging,2017-08-24,17
ST-010989,RM4HCA1W,Niesha Huffines,Engaging,Lost,2017-08-31,7
ST-010990,Y1FWLR93,Reed Clapper,Prospecting,Engaging,2017-08-24,17
ST-010991,Y1FWLR93,Reed Clapper,Engaging,Won,2017-09-02,9
ST-010992,ORUHS3Q2,Rosalina Dieter,Prospecting,Engaging,2017-08-24,28
ST-010993,ORUHS3Q2,Rosalina Dieter,Engaging,Won,2017-11-17,85
ST-010994,9RLSCMM9,Rosalina Dieter,Prospecting,Engaging,2017-08-24,21
ST-010995,9RLSCMM9,Rosalina Dieter,Engaging,Won,2017-08-30,6
ST-010996,3QS2B6IN,Versie Hillebrand,Prospecting,Engaging,2017-08-24,17
ST-010997,3QS2B6IN,Versie Hillebrand,Engaging,Won,2017-09-03,10
ST-010998,XCB9CPID,Versie Hillebrand,Prospecting,Engaging,2017-08-24,5
ST-010999,XCB9CPID,Versie Hillebrand,Engaging,Won,2017-12-09,107
ST-011000,7EJJ9KVZ,Violet Mclelland,Prospecting,Engaging,2017-08-24,30
ST-011001,7EJJ9KVZ,Violet Mclelland,Engaging,Won,2017-09-03,10
ST-011002,M4MOGAS4,Violet Mclelland,Prospecting,Engaging,2017-08-24,18
ST-011003,M4MOGAS4,Violet Mclelland,Engaging,Won,2017-08-25,1
ST-011004,LKJZEISS,Zane Levy,Prospecting,Engaging,2017-08-24,17
ST-011005,ZNU9YDS9,Anna Snelling,Prospecting,Engaging,2017-08-25,13
ST-011006,ZNU9YDS9,Anna Snelling,Engaging,Won,2017-11-03,70
ST-011007,V3VJRFBV,Cassey Cress,Prospecting,Engaging,2017-08-25,6
ST-011008,V3VJRFBV,Cassey Cress,Engaging,Lost,2017-11-03,70
ST-011009,PDI7F0LR,Cassey Cress,Prospecting,Engaging,2017-08-25,18
ST-011010,PDI7F0LR,Cassey Cress,Engaging,Won,2017-12-04,101
ST-011011,Y0M8X7BV,Corliss Cosme,Prospecting,Engaging,2017-08-25,26
ST-011012,KJ93MS4W,Corliss Cosme,Prospecting,Engaging,2017-08-25,23
ST-011013,KJ93MS4W,Corliss Cosme,Engaging,Won,2017-11-02,69
ST-011014,TWEVVI99,Daniell Hammack,Prospecting,Engaging,2017-08-25,3
ST-011015,5R1XNYTM,Daniell Hammack,Prospecting,Engaging,2017-08-25,6
ST-011016,5R1XNYTM,Daniell Hammack,Engaging,Lost,2017-11-25,92
ST-011017,PRQ96EWX,Daniell Hammack,Prospecting,Engaging,2017-08-25,15
ST-011018,PRQ96EWX,Daniell Hammack,Engaging,Won,2017-09-07,13
ST-011019,RUN3Z87A,Donn Cantrell,Prospecting,Engaging,2017-08-25,16
ST-011020,RUN3Z87A,Donn Cantrell,Engaging,Lost,2017-11-18,85
ST-011021,9RGQ8HED,Garret Kinder,Prospecting,Engaging,2017-08-25,4
ST-011022,9RGQ8HED,Garret Kinder,Engaging,Won,2017-12-29,126
ST-011023,RSSYISWE,Hayden Neloms,Prospecting,Engaging,2017-08-25,20
ST-011024,RSSYISWE,Hayden Neloms,Engaging,Won,2017-12-01,98
ST-011025,67ORNLJ3,Jonathan Berthelot,Prospecting,Engaging,2017-08-25,20
ST-011026,67ORNLJ3,Jonathan Berthelot,Engaging,Won,2017-09-05,11
ST-011027,M28Z11DC,Kami Bicknell,Prospecting,Engaging,2017-08-25,3
ST-011028,M28Z11DC,Kami Bicknell,Engaging,Lost,2017-08-31,6
ST-011029,DIVKSHY7,Kami Bicknell,Prospecting,Engaging,2017-08-25,29
ST-011030,DIVKSHY7,Kami Bicknell,Engaging,Won,2017-11-13,80
ST-011031,RLTHGLLJ,Kami Bicknell,Prospecting,Engaging,2017-08-25,5
ST-011032,RLTHGLLJ,Kami Bicknell,Engaging,Won,2017-11-23,90
ST-011033,EC8A1L94,Lajuana Vencill,Prospecting,Engaging,2017-08-25,28
ST-011034,EC8A1L94,Lajuana Vencill,Engaging,Lost,2017-11-25,92
ST-011035,0H9C9J03,Markita Hansen,Prospecting,Engaging,2017-08-25,22
ST-011036,OO4Z7LB9,Niesha Huffines,Prospecting,Engaging,2017-08-25,22
ST-011037,OO4Z7LB9,Niesha Huffines,Engaging,Lost,2017-08-30,5
ST-011038,PWOX6RY8,Niesha Huffines,Prospecting,Engaging,2017-08-25,23
ST-011039,PWOX6RY8,Niesha Huffines,Engaging,Won,2017-11-22,89
ST-011040,0VG9PGMI,Rosalina Dieter,Prospecting,Engaging,2017-08-25,12
ST-011041,0VG9PGMI,Rosalina Dieter,Engaging,Won,2017-09-13,19
ST-011042,LKFYC5X3,Rosie Papadopoulos,Prospecting,Engaging,2017-08-25,19
ST-011043,LKFYC5X3,Rosie Papadopoulos,Engaging,Won,2017-12-15,112
ST-011044,984H5OG0,Versie Hillebrand,Prospecting,Engaging,2017-08-25,20
ST-011045,984H5OG0,Versie Hillebrand,Engaging,Won,2017-12-04,101
ST-011046,AB39AL3A,Vicki Laflamme,Prospecting,Engaging,2017-08-25,9
ST-011047,AB39AL3A,Vicki Laflamme,Engaging,Lost,2017-11-22,89
ST-011048,1SKGHPHL,Vicki Laflamme,Prospecting,Engaging,2017-08-25,23
ST-011049,1SKGHPHL,Vicki Laflamme,Engaging,Won,2017-11-21,88
ST-011050,VGSH1TSW,Violet Mclelland,Prospecting,Engaging,2017-08-25,24
ST-011051,YTMPHIQY,Violet Mclelland,Prospecting,Engaging,2017-08-25,17
ST-011052,YTMPHIQY,Violet Mclelland,Engaging,Lost,2017-08-30,5
ST-011053,WZ3FJA3V,Zane Levy,Prospecting,Engaging,2017-08-25,13
ST-011054,TLLW2ZRM,Zane Levy,Prospecting,Engaging,2017-08-25,14
ST-011055,6HE07D76,Zane Levy,Prospecting,Engaging,2017-08-25,29
ST-011056,6HE07D76,Zane Levy,Engaging,Won,2017-11-19,86
ST-011057,64CTQ6C5,Anna Snelling,Prospecting,Engaging,2017-08-26,4
ST-011058,64CTQ6C5,Anna Snelling,Engaging,Won,2017-11-02,68
ST-011059,5J4Z0RYC,Cassey Cress,Prospecting,Engaging,2017-08-26,29
ST-011060,5J4Z0RYC,Cassey Cress,Engaging,Won,2017-09-08,13
ST-011061,ERWWQ79N,Corliss Cosme,Prospecting,Engaging,2017-08-26,10
ST-011062,ERWWQ79N,Corliss Cosme,Engaging,Won,2017-11-19,85
ST-011063,2F41W100,Daniell Hammack,Prospecting,Engaging,2017-08-26,30
ST-011064,08O63ECM,Donn Cantrell,Prospecting,Engaging,2017-08-26,17
ST-011065,08O63ECM,Donn Cantrell,Engaging,Won,2017-12-01,97
ST-011066,AMGF31TA,Gladys Colclough,Prospecting,Engaging,2017-08-26,13
ST-011067,AMGF31TA,Gladys Colclough,Engaging,Lost,2017-09-05,10
ST-011068,DUJ52ZYK,Hayden Neloms,Prospecting,Engaging,2017-08-26,20
ST-011069,DUJ52ZYK,Hayden Neloms,Engaging,Won,2017-09-10,15
ST-011070,N2C3ASJ9,James Ascencio,Prospecting,Engaging,2017-08-26,27
ST-011071,N2C3ASJ9,James Ascencio,Engaging,Won,2017-09-06,11
ST-011072,059K86LU,Kami Bicknell,Prospecting,Engaging,2017-08-26,22
ST-011073,62WFO2I3,Kami Bicknell,Prospecting,Engaging,2017-08-26,22
ST-011074,62WFO2I3,Kami Bicknell,Engaging,Won,2017-12-04,100
ST-011075,55O18ALO,Kary Hendrixson,Prospecting,Engaging,2017-08-26,18
ST-011076,55O18ALO,Kary Hendrixson,Engaging,Lost,2017-11-08,74
ST-011077,ZTUJ5KQ8,Moses Frase,Prospecting,Engaging,2017-08-26,25
ST-011078,ZTUJ5KQ8,Moses Frase,Engaging,Lost,2017-11-12,78
ST-011079,ZQHJNTDK,Moses Frase,Prospecting,Engaging,2017-08-26,24
ST-011080,ZQHJNTDK,Moses Frase,Engaging,Won,2017-11-13,79
ST-011081,K0IV66AV,Reed Clapper,Prospecting,Engaging,2017-08-26,14
ST-011082,K0IV66AV,Reed Clapper,Engaging,Won,2017-11-07,73
ST-011083,8PLXH354,Rosalina Dieter,Prospecting,Engaging,2017-08-26,25
ST-011084,KJ4NAGS5,Rosalina Dieter,Prospecting,Engaging,2017-08-26,17
ST-011085,KJ4NAGS5,Rosalina Dieter,Engaging,Won,2017-11-16,82
ST-011086,70A4A2GV,Versie Hillebrand,Prospecting,Engaging,2017-08-26,6
ST-011087,70A4A2GV,Versie Hillebrand,Engaging,Won,2017-11-28,94
ST-011088,6TND1V4T,Vicki Laflamme,Prospecting,Engaging,2017-08-26,6
ST-011089,6TND1V4T,Vicki Laflamme,Engaging,Lost,2017-08-27,1
ST-011090,43FW6W9O,Vicki Laflamme,Prospecting,Engaging,2017-08-26,27
ST-011091,43FW6W9O,Vicki Laflamme,Engaging,Won,2017-11-04,70
ST-011092,QB4FISNE,Violet Mclelland,Prospecting,Engaging,2017-08-26,24
ST-011093,QB4FISNE,Violet Mclelland,Engaging,Lost,2017-08-27,1
ST-011094,41S0S9KP,Wilburn Farren,Prospecting,Engaging,2017-08-26,10
ST-011095,41S0S9KP,Wilburn Farren,Engaging,Won,2017-11-23,89
ST-011096,RU5X1LZM,Zane Levy,Prospecting,Engaging,2017-08-26,3
ST-011097,JESVHYTG,Anna Snelling,Prospecting,Engaging,2017-08-27,13
ST-011098,JESVHYTG,Anna Snelling,Engaging,Won,2017-09-05,9
ST-011099,P3HO0L6P,Anna Snelling,Prospecting,Engaging,2017-08-27,14
ST-011100,P3HO0L6P,Anna Snelling,Engaging,Won,2017-11-14,79
ST-011101,6GDZDVTV,Anna Snelling,Prospecting,Engaging,2017-08-27,29
ST-011102,6GDZDVTV,Anna Snelling,Engaging,Won,2017-09-13,17
ST-011103,OO9U4C0Y,Cassey Cress,Prospecting,Engaging,2017-08-27,23
ST-011104,Y5A5G2L5,Cassey Cress,Prospecting,Engaging,2017-08-27,28
ST-011105,Y5A5G2L5,Cassey Cress,Engaging,Won,2017-12-08,103
ST-011106,WZN26QZQ,Corliss Cosme,Prospecting,Engaging,2017-08-27,12
ST-011107,PG4UQI8B,Donn Cantrell,Prospecting,Engaging,2017-08-27,20
ST-011108,PG4UQI8B,Donn Cantrell,Engaging,Lost,2017-11-20,85
ST-011109,M40Z4KWL,Donn Cantrell,Prospecting,Engaging,2017-08-27,19
ST-011110,M40Z4KWL,Donn Cantrell,Engaging,Won,2017-11-25,90
ST-011111,BB46B5C7,Hayden Neloms,Prospecting,Engaging,2017-08-27,14
ST-011112,BB46B5C7,Hayden Neloms,Engaging,Lost,2017-11-02,67
ST-011113,7K1KXMBT,Kami Bicknell,Prospecting,Engaging,2017-08-27,25
ST-011114,TCJA7XF2,Kami Bicknell,Prospecting,Engaging,2017-08-27,6
ST-011115,TPJNVDPH,Kami Bicknell,Prospecting,Engaging,2017-08-27,4
ST-011116,TPJNVDPH,Kami Bicknell,Engaging,Lost,2017-11-16,81
ST-011117,FMMAQM87,Kami Bicknell,Prospecting,Engaging,2017-08-27,8
ST-011118,FMMAQM87,Kami Bicknell,Engaging,Won,2017-09-09,13
ST-011119,46UITTY6,Kary Hendrixson,Prospecting,Engaging,2017-08-27,18
ST-011120,46UITTY6,Kary Hendrixson,Engaging,Won,2017-11-04,69
ST-011121,KK5YBPU6,Markita Hansen,Prospecting,Engaging,2017-08-27,7
ST-011122,KK5YBPU6,Markita Hansen,Engaging,Won,2017-08-29,2
ST-011123,A7FCLQ42,Marty Freudenburg,Prospecting,Engaging,2017-08-27,29
ST-011124,A7FCLQ42,Marty Freudenburg,Engaging,Lost,2017-12-15,110
ST-011125,G2C5RKTN,Reed Clapper,Prospecting,Engaging,2017-08-27,25
ST-011126,G2C5RKTN,Reed Clapper,Engaging,Won,2017-09-21,25
ST-011127,UNSJB0L7,Vicki Laflamme,Prospecting,Engaging,2017-08-27,26
ST-011128,UNSJB0L7,Vicki Laflamme,Engaging,Won,2017-08-28,1
ST-011129,TGSLH2ZD,Zane Levy,Prospecting,Engaging,2017-08-27,26
ST-011130,OLXEYM3P,Zane Levy,Prospecting,Engaging,2017-08-27,16
ST-011131,UJT04PL7,Zane Levy,Prospecting,Engaging,2017-08-27,6
ST-011132,UJT04PL7,Zane Levy,Engaging,Won,2017-11-29,94
ST-011133,DCIFTBM0,Boris Faz,Prospecting,Engaging,2017-08-28,11
ST-011134,DCIFTBM0,Boris Faz,Engaging,Won,2017-12-21,115
ST-011135,BTZ06Z6O,Boris Faz,Prospecting,Engaging,2017-08-28,22
ST-011136,BTZ06Z6O,Boris Faz,Engaging,Won,2017-09-05,8
ST-011137,S9CGS0IX,Corliss Cosme,Prospecting,Engaging,2017-08-28,9
ST-011138,S9CGS0IX,Corliss Cosme,Engaging,Lost,2017-11-07,71
ST-011139,ZTYHMEQY,Darcel Schlecht,Prospecting,Engaging,2017-08-28,9
ST-011140,ZTYHMEQY,Darcel Schlecht,Engaging,Won,2017-09-11,14
ST-011141,IOTAHMQX,Darcel Schlecht,Prospecting,Engaging,2017-08-28,6
ST-011142,IOTAHMQX,Darcel Schlecht,Engaging,Won,2017-09-07,10
ST-011143,3ORQ2R0R,Elease Gluck,Prospecting,Engaging,2017-08-28,30
ST-011144,01DZ14Y0,Gladys Colclough,Prospecting,Engaging,2017-08-28,15
ST-011145,01DZ14Y0,Gladys Colclough,Engaging,Lost,2017-11-25,89
ST-011146,1T91NEIV,Gladys Colclough,Prospecting,Engaging,2017-08-28,9
ST-011147,1T91NEIV,Gladys Colclough,Engaging,Won,2017-09-11,14
ST-011148,41B62CUB,Hayden Neloms,Prospecting,Engaging,2017-08-28,17
ST-011149,41B62CUB,Hayden Neloms,Engaging,Lost,2017-11-11,75
ST-011150,G0QOVMMS,Kami Bicknell,Prospecting,Engaging,2017-08-28,29
ST-011151,G0QOVMMS,Kami Bicknell,Engaging,Won,2017-12-28,122
ST-011152,FG79OR5X,Kami Bicknell,Prospecting,Engaging,2017-08-28,28
ST-011153,FG79OR5X,Kami Bicknell,Engaging,Won,2017-11-19,83
ST-011154,QY4ZMI2F,Lajuana Vencill,Prospecting,Engaging,2017-08-28,9
ST-011155,QY4ZMI2F,Lajuana Vencill,Engaging,Lost,2017-09-14,17
ST-011156,VY0QPLGN,Lajuana Vencill,Prospecting,Engaging,2017-08-28,25
ST-011157,VY0QPLGN,Lajuana Vencill,Engaging,Won,2017-11-12,76
ST-011158,XP1PQSPC,Markita Hansen,Prospecting,Engaging,2017-08-28,13
ST-011159,XP1PQSPC,Markita Hansen,Engaging,Won,2017-09-27,30
ST-011160,K3KT8S1F,Markita Hansen,Prospecting,Engaging,2017-08-28,6
ST-011161,K3KT8S1F,Markita Hansen,Engaging,Won,2017-11-07,71
ST-011162,5CIT07UC,Maureen Marcano,Prospecting,Engaging,2017-08-28,27
ST-011163,5CIT07UC,Maureen Marcano,Engaging,Won,2017-09-14,17
ST-011164,VIZ9ZLVT,Moses Frase,Prospecting,Engaging,2017-08-28,16
ST-011165,VIZ9ZLVT,Moses Frase,Engaging,Lost,2017-11-30,94
ST-011166,9ZY0QQ8Q,Moses Frase,Prospecting,Engaging,2017-08-28,4
ST-011167,9ZY0QQ8Q,Moses Frase,Engaging,Lost,2017-11-27,91
ST-011168,0WGCUB3L,Niesha Huffines,Prospecting,Engaging,2017-08-28,23
ST-011169,0WGCUB3L,Niesha Huffines,Engaging,Won,2017-09-13,16
ST-011170,QCN2DZQQ,Reed Clapper,Prospecting,Engaging,2017-08-28,29
ST-011171,QCN2DZQQ,Reed Clapper,Engaging,Won,2017-09-21,24
ST-011172,ZAY2J4I5,Vicki Laflamme,Prospecting,Engaging,2017-08-28,24
ST-011173,ZAY2J4I5,Vicki Laflamme,Engaging,Lost,2017-09-10,13
ST-011174,J25NMK6Q,Violet Mclelland,Prospecting,Engaging,2017-08-28,21
ST-011175,J25NMK6Q,Violet Mclelland,Engaging,Lost,2017-11-11,75
ST-011176,DZHIAZ5H,Anna Snelling,Prospecting,Engaging,2017-08-29,6
ST-011177,DZHIAZ5H,Anna Snelling,Engaging,Lost,2017-09-05,7
ST-011178,233HYDSP,Anna Snelling,Prospecting,Engaging,2017-08-29,27
ST-011179,233HYDSP,Anna Snelling,Engaging,Won,2017-12-03,96
ST-011180,7868JVH9,Cassey Cress,Prospecting,Engaging,2017-08-29,17
ST-011181,EXXFSC3O,Cassey Cress,Prospecting,Engaging,2017-08-29,17
ST-011182,EXXFSC3O,Cassey Cress,Engaging,Won,2017-11-15,78
ST-011183,U68B4UQU,Cecily Lampkin,Prospecting,Engaging,2017-08-29,24
ST-011184,U68B4UQU,Cecily Lampkin,Engaging,Won,2017-09-13,15
ST-011185,73EBDWP4,Cecily Lampkin,Prospecting,Engaging,2017-08-29,21
ST-011186,73EBDWP4,Cecily Lampkin,Engaging,Won,2017-09-30,32
ST-011187,FQQ3XQNG,Corliss Cosme,Prospecting,Engaging,2017-08-29,19
ST-011188,FQQ3XQNG,Corliss Cosme,Engaging,Won,2017-12-01,94
ST-011189,C4KZVTYR,Donn Cantrell,Prospecting,Engaging,2017-08-29,7
ST-011190,C4KZVTYR,Donn Cantrell,Engaging,Won,2017-11-11,74
ST-011191,HWXJWHGI,Donn Cantrell,Prospecting,Engaging,2017-08-29,18
ST-011192,HWXJWHGI,Donn Cantrell,Engaging,Won,2017-09-08,10
ST-011193,W36MU0PW,Donn Cantrell,Prospecting,Engaging,2017-08-29,3
ST-011194,W36MU0PW,Donn Cantrell,Engaging,Won,2017-09-09,11
ST-011195,OWEMO7RD,Elease Gluck,Prospecting,Engaging,2017-08-29,19
ST-011196,OWEMO7RD,Elease Gluck,Engaging,Lost,2017-11-25,88
ST-011197,9XU06EA8,Gladys Colclough,Prospecting,Engaging,2017-08-29,26
ST-011198,9XU06EA8,Gladys Colclough,Engaging,Lost,2017-11-01,64
ST-011199,DC2NI04U,Hayden Neloms,Prospecting,Engaging,2017-08-29,4
ST-011200,DC2NI04U,Hayden Neloms,Engaging,Won,2017-12-31,124
ST-011201,RYNZ2WOK,Markita Hansen,Prospecting,Engaging,2017-08-29,20
ST-011202,BO2XRLBS,Moses Frase,Prospecting,Engaging,2017-08-29,16
ST-011203,BO2XRLBS,Moses Frase,Engaging,Lost,2017-11-16,79
ST-011204,V9YY2XIE,Niesha Huffines,Prospecting,Engaging,2017-08-29,29
ST-011205,V9YY2XIE,Niesha Huffines,Engaging,Lost,2017-11-28,91
ST-011206,J3K9EXW0,Reed Clapper,Prospecting,Engaging,2017-08-29,21
ST-011207,J3K9EXW0,Reed Clapper,Engaging,Won,2017-12-25,118
ST-011208,N9KFQCOH,Rosie Papadopoulos,Prospecting,Engaging,2017-08-29,18
ST-011209,N9KFQCOH,Rosie Papadopoulos,Engaging,Won,2017-09-05,7
ST-011210,GSPDR7BH,Versie Hillebrand,Prospecting,Engaging,2017-08-29,19
ST-011211,GSPDR7BH,Versie Hillebrand,Engaging,Won,2017-11-02,65
ST-011212,MB0XTICR,Versie Hillebrand,Prospecting,Engaging,2017-08-29,27
ST-011213,MB0XTICR,Versie Hillebrand,Engaging,Won,2017-12-08,101
ST-011214,04SQ7RNY,Vicki Laflamme,Prospecting,Engaging,2017-08-29,8
ST-011215,04SQ7RNY,Vicki Laflamme,Engaging,Won,2017-12-19,112
ST-011216,PTZ9QLEF,Violet Mclelland,Prospecting,Engaging,2017-08-29,25
ST-011217,WIHGFD8B,Anna Snelling,Prospecting,Engaging,2017-08-30,21
ST-011218,WIHGFD8B,Anna Snelling,Engaging,Lost,2017-11-19,81
ST-011219,O3Q5B86F,Anna Snelling,Prospecting,Engaging,2017-08-30,8
ST-011220,O3Q5B86F,Anna Snelling,Engaging,Won,2017-12-26,118
ST-011221,PE3P7M7S,Anna Snelling,Prospecting,Engaging,2017-08-30,26
ST-011222,PE3P7M7S,Anna Snelling,Engaging,Won,2017-09-08,9
ST-011223,401BY1PW,Boris Faz,Prospecting,Engaging,2017-08-30,29
ST-011224,401BY1PW,Boris Faz,Engaging,Won,2017-12-21,113
ST-011225,9RQ8FZYQ,Boris Faz,Prospecting,Engaging,2017-08-30,7
ST-011226,9RQ8FZYQ,Boris Faz,Engaging,Won,2017-09-04,5
ST-011227,R65LGLJ0,Cassey Cress,Prospecting,Engaging,2017-08-30,6
ST-011228,G7NU2YCG,Cassey Cress,Prospecting,Engaging,2017-08-30,15
ST-011229,G7NU2YCG,Cassey Cress,Engaging,Won,2017-09-08,9
ST-011230,R9RWFEEJ,Corliss Cosme,Prospecting,Engaging,2017-08-30,24
ST-011231,R9RWFEEJ,Corliss Cosme,Engaging,Won,2017-11-23,85
ST-011232,WV2OG7C3,Daniell Hammack,Prospecting,Engaging,2017-08-30,22
ST-011233,WV2OG7C3,Daniell Hammack,Engaging,Lost,2017-11-18,80
ST-011234,LDIBOTNO,Daniell Hammack,Prospecting,Engaging,2017-08-30,22
ST-011235,LDIBOTNO,Daniell Hammack,Engaging,Won,2017-09-07,8
ST-011236,FC4ZD68R,Darcel Schlecht,Prospecting,Engaging,2017-08-30,13
ST-011237,FC4ZD68R,Darcel Schlecht,Engaging,Lost,2017-11-15,77
ST-011238,YH6ST9KT,Darcel Schlecht,Prospecting,Engaging,2017-08-30,19
ST-011239,YH6ST9KT,Darcel Schlecht,Engaging,Lost,2017-08-31,1
ST-011240,9S8E95EI,Darcel Schlecht,Prospecting,Engaging,2017-08-30,15
ST-011241,9S8E95EI,Darcel Schlecht,Engaging,Won,2017-09-18,19
ST-011242,RLHNEVYY,Darcel Schlecht,Prospecting,Engaging,2017-08-30,16
ST-011243,RLHNEVYY,Darcel Schlecht,Engaging,Won,2017-09-10,11
ST-011244,OFP1MLFY,Darcel Schlecht,Prospecting,Engaging,2017-08-30,22
ST-011245,OFP1MLFY,Darcel Schlecht,Engaging,Won,2017-12-09,101
ST-011246,CQELCLO0,Donn Cantrell,Prospecting,Engaging,2017-08-30,25
ST-011247,CQELCLO0,Donn Cantrell,Engaging,Won,2017-12-29,121
ST-011248,L351AATH,Gladys Colclough,Prospecting,Engaging,2017-08-30,27
ST-011249,L351AATH,Gladys Colclough,Engaging,Lost,2017-12-06,98
ST-011250,VBKF5FPB,Hayden Neloms,Prospecting,Engaging,2017-08-30,10
ST-011251,VBKF5FPB,Hayden Neloms,Engaging,Won,2017-09-06,7
ST-011252,68YAXBZN,James Ascencio,Prospecting,Engaging,2017-08-30,11
ST-011253,68YAXBZN,James Ascencio,Engaging,Lost,2017-11-04,66
ST-011254,EFB0NFP3,Jonathan Berthelot,Prospecting,Engaging,2017-08-30,15
ST-011255,EFB0NFP3,Jonathan Berthelot,Engaging,Won,2017-12-23,115
ST-011256,CB0NZYB2,Jonathan Berthelot,Prospecting,Engaging,2017-08-30,13
ST-011257,CB0NZYB2,Jonathan Berthelot,Engaging,Won,2017-09-08,9
ST-011258,QKUULSVC,Kary Hendrixson,Prospecting,Engaging,2017-08-30,12
ST-011259,QKUULSVC,Kary Hendrixson,Engaging,Lost,2017-11-16,78
ST-011260,8838GIT9,Kary Hendrixson,Prospecting,Engaging,2017-08-30,17
ST-011261,8838GIT9,Kary Hendrixson,Engaging,Lost,2017-11-05,67
ST-011262,5DOARVYO,Lajuana Vencill,Prospecting,Engaging,2017-08-30,28
ST-011263,5DOARVYO,Lajuana Vencill,Engaging,Lost,2017-09-10,11
ST-011264,XXD7OQOH,Markita Hansen,Prospecting,Engaging,2017-08-30,7
ST-011265,0N2VYY6Z,Markita Hansen,Prospecting,Engaging,2017-08-30,7
ST-011266,0N2VYY6Z,Markita Hansen,Engaging,Lost,2017-09-19,20
ST-011267,LWCKCV0M,Markita Hansen,Prospecting,Engaging,2017-08-30,16
ST-011268,LWCKCV0M,Markita Hansen,Engaging,Won,2017-09-15,16
ST-011269,L40FW06K,Marty Freudenburg,Prospecting,Engaging,2017-08-30,22
ST-011270,L40FW06K,Marty Freudenburg,Engaging,Won,2017-12-22,114
ST-011271,XXXM7BMA,Marty Freudenburg,Prospecting,Engaging,2017-08-30,25
ST-011272,XXXM7BMA,Marty Freudenburg,Engaging,Won,2017-11-14,76
ST-011273,F7S1OPQS,Maureen Marcano,Prospecting,Engaging,2017-08-30,26
ST-011274,F7S1OPQS,Maureen Marcano,Engaging,Won,2017-12-13,105
ST-011275,U5JFEXOI,Maureen Marcano,Prospecting,Engaging,2017-08-30,19
ST-011276,U5JFEXOI,Maureen Marcano,Engaging,Won,2017-12-08,100
ST-011277,HR3DH6DX,Niesha Huffines,Prospecting,Engaging,2017-08-30,12
ST-011278,HR3DH6DX,Niesha Huffines,Engaging,Lost,2017-11-20,82
ST-011279,LMU41E2W,Rosalina Dieter,Prospecting,Engaging,2017-08-30,29
ST-011280,9EICLJHY,Rosalina Dieter,Prospecting,Engaging,2017-08-30,25
ST-011281,9EICLJHY,Rosalina Dieter,Engaging,Won,2017-11-17,79
ST-011282,01FNZW2T,Rosie Papadopoulos,Prospecting,Engaging,2017-08-30,20
ST-011283,01FNZW2T,Rosie Papadopoulos,Engaging,Won,2017-12-08,100
ST-011284,3CS2IXT0,Versie Hillebrand,Prospecting,Engaging,2017-08-30,30
ST-011285,3CS2IXT0,Versie Hillebrand,Engaging,Won,2017-11-16,78
ST-011286,O9MHRAK6,Vicki Laflamme,Prospecting,Engaging,2017-08-30,13
ST-011287,O9MHRAK6,Vicki Laflamme,Engaging,Won,2017-12-14,106
ST-011288,1Y58TSUU,Violet Mclelland,Prospecting,Engaging,2017-08-30,25
ST-011289,KPW4J1CR,Zane Levy,Prospecting,Engaging,2017-08-30,26
ST-011290,KPW4J1CR,Zane Levy,Engaging,Won,2017-12-21,113
ST-011291,KAPPUUYY,Anna Snelling,Prospecting,Engaging,2017-08-31,20
ST-011292,KAPPUUYY,Anna Snelling,Engaging,Won,2017-11-24,85
ST-011293,WNTAT1OT,Boris Faz,Prospecting,Engaging,2017-08-31,23
ST-011294,WRLAVDPH,Cassey Cress,Prospecting,Engaging,2017-08-31,9
ST-011295,WRLAVDPH,Cassey Cress,Engaging,Won,2017-09-02,2
ST-011296,1W5FOS69,Cassey Cress,Prospecting,Engaging,2017-08-31,9
ST-011297,1W5FOS69,Cassey Cress,Engaging,Won,2017-11-30,91
ST-011298,GFBJXXI1,Cecily Lampkin,Prospecting,Engaging,2017-08-31,9
ST-011299,GFBJXXI1,Cecily Lampkin,Engaging,Lost,2017-09-13,13
ST-011300,2HYR0Q4Y,Corliss Cosme,Prospecting,Engaging,2017-08-31,22
ST-011301,2HYR0Q4Y,Corliss Cosme,Engaging,Lost,2017-11-13,74
ST-011302,XVM3UK16,Daniell Hammack,Prospecting,Engaging,2017-08-31,25
ST-011303,XVM3UK16,Daniell Hammack,Engaging,Lost,2017-11-06,67
ST-011304,CDAMI76Z,Darcel Schlecht,Prospecting,Engaging,2017-08-31,12
ST-011305,CDAMI76Z,Darcel Schlecht,Engaging,Won,2017-09-10,10
ST-011306,6M77EGH7,Donn Cantrell,Prospecting,Engaging,2017-08-31,24
ST-011307,6M77EGH7,Donn Cantrell,Engaging,Won,2017-11-26,87
ST-011308,9CLDDA0W,Hayden Neloms,Prospecting,Engaging,2017-08-31,14
ST-011309,9CLDDA0W,Hayden Neloms,Engaging,Lost,2017-11-18,79
ST-011310,8CQ2I2P2,Jonathan Berthelot,Prospecting,Engaging,2017-08-31,24
ST-011311,8CQ2I2P2,Jonathan Berthelot,Engaging,Lost,2017-11-18,79
ST-011312,GEFQNRF3,Jonathan Berthelot,Prospecting,Engaging,2017-08-31,7
ST-011313,GEFQNRF3,Jonathan Berthelot,Engaging,Won,2017-12-20,111
ST-011314,EDM7CEZ6,Kami Bicknell,Prospecting,Engaging,2017-08-31,25
ST-011315,XBPJ6M4K,Kary Hendrixson,Prospecting,Engaging,2017-08-31,23
ST-011316,XRZNF1LQ,Kary Hendrixson,Prospecting,Engaging,2017-08-31,8
ST-011317,PCQUKUM5,Marty Freudenburg,Prospecting,Engaging,2017-08-31,19
ST-011318,PCQUKUM5,Marty Freudenburg,Engaging,Won,2017-09-16,16
ST-011319,6CT660FF,Maureen Marcano,Prospecting,Engaging,2017-08-31,20
ST-011320,MZ987882,Moses Frase,Prospecting,Engaging,2017-08-31,25
ST-011321,MZ987882,Moses Frase,Engaging,Won,2017-12-17,108
ST-011322,02EC1993,Moses Frase,Prospecting,Engaging,2017-08-31,23
ST-011323,02EC1993,Moses Frase,Engaging,Won,2017-11-08,69
ST-011324,NUS67BOQ,Rosie Papadopoulos,Prospecting,Engaging,2017-08-31,13
ST-011325,UQCPNZO1,Versie Hillebrand,Prospecting,Engaging,2017-08-31,25
ST-011326,UQCPNZO1,Versie Hillebrand,Engaging,Won,2017-09-15,15
ST-011327,0NP0XPLQ,Versie Hillebrand,Prospecting,Engaging,2017-08-31,6
ST-011328,0NP0XPLQ,Versie Hillebrand,Engaging,Won,2017-09-03,3
ST-011329,S2WRH3QA,Versie Hillebrand,Prospecting,Engaging,2017-08-31,27
ST-011330,S2WRH3QA,Versie Hillebrand,Engaging,Won,2017-09-30,30
ST-011331,RTX8ZJXT,Vicki Laflamme,Prospecting,Engaging,2017-08-31,14
ST-011332,QJV1UWL5,Vicki Laflamme,Prospecting,Engaging,2017-08-31,20
ST-011333,QJV1UWL5,Vicki Laflamme,Engaging,Won,2017-12-20,111
ST-011334,GNAX12Z6,Vicki Laflamme,Prospecting,Engaging,2017-08-31,18
ST-011335,GNAX12Z6,Vicki Laflamme,Engaging,Won,2017-09-07,7
ST-011336,62NZ0THZ,Violet Mclelland,Prospecting,Engaging,2017-08-31,21
ST-011337,62NZ0THZ,Violet Mclelland,Engaging,Won,2017-09-22,22
ST-011338,6C6Z3HRA,Zane Levy,Prospecting,Engaging,2017-08-31,21
ST-011339,PSKWV2JJ,Zane Levy,Prospecting,Engaging,2017-08-31,24
ST-011340,PSKWV2JJ,Zane Levy,Engaging,Won,2017-11-19,80
ST-011341,05HLE3JL,Anna Snelling,Prospecting,Engaging,2017-09-01,25
ST-011342,05HLE3JL,Anna Snelling,Engaging,Won,2017-12-03,93
ST-011343,CAF97SA2,Anna Snelling,Prospecting,Engaging,2017-09-01,16
ST-011344,CAF97SA2,Anna Snelling,Engaging,Won,2017-11-13,73
ST-011345,AAFPTXEB,Anna Snelling,Prospecting,Engaging,2017-09-01,24
ST-011346,AAFPTXEB,Anna Snelling,Engaging,Won,2017-11-08,68
ST-011347,102XKYAC,Cassey Cress,Prospecting,Engaging,2017-09-01,26
ST-011348,D74OAJB4,Cecily Lampkin,Prospecting,Engaging,2017-09-01,29
ST-011349,D74OAJB4,Cecily Lampkin,Engaging,Lost,2017-12-01,91
ST-011350,A5SCVK7E,Corliss Cosme,Prospecting,Engaging,2017-09-01,20
ST-011351,CQDL6WZX,Darcel Schlecht,Prospecting,Engaging,2017-09-01,12
ST-011352,CQDL6WZX,Darcel Schlecht,Engaging,Lost,2017-09-17,16
ST-011353,VAV3N62C,Darcel Schlecht,Prospecting,Engaging,2017-09-01,30
ST-011354,VAV3N62C,Darcel Schlecht,Engaging,Won,2017-09-12,11
ST-011355,OK7R7I2A,Darcel Schlecht,Prospecting,Engaging,2017-09-01,16
ST-011356,OK7R7I2A,Darcel Schlecht,Engaging,Won,2017-12-04,94
ST-011357,ASZNII2J,Elease Gluck,Prospecting,Engaging,2017-09-01,28
ST-011358,IOMVIZR8,Gladys Colclough,Prospecting,Engaging,2017-09-01,3
ST-011359,IOMVIZR8,Gladys Colclough,Engaging,Won,2017-11-04,64
ST-011360,BTT2TM8O,Gladys Colclough,Prospecting,Engaging,2017-09-01,19
ST-011361,BTT2TM8O,Gladys Colclough,Engaging,Won,2017-11-06,66
ST-011362,KAGK2GQJ,James Ascencio,Prospecting,Engaging,2017-09-01,6
ST-011363,FYNL84HO,James Ascencio,Prospecting,Engaging,2017-09-01,3
ST-011364,FYNL84HO,James Ascencio,Engaging,Won,2017-11-13,73
ST-011365,ZBB9CDO4,Kami Bicknell,Prospecting,Engaging,2017-09-01,15
ST-011366,ZBB9CDO4,Kami Bicknell,Engaging,Won,2017-09-18,17
ST-011367,IV5UVG0R,Kami Bicknell,Prospecting,Engaging,2017-09-01,7
ST-011368,IV5UVG0R,Kami Bicknell,Engaging,Won,2017-09-17,16
ST-011369,TDHFX8SC,Kami Bicknell,Prospecting,Engaging,2017-09-01,4
ST-011370,TDHFX8SC,Kami Bicknell,Engaging,Won,2017-12-13,103
ST-011371,7OXU784Y,Kami Bicknell,Prospecting,Engaging,2017-09-01,24
ST-011372,7OXU784Y,Kami Bicknell,Engaging,Won,2017-11-25,85
ST-011373,MA6F51AR,Kary Hendrixson,Prospecting,Engaging,2017-09-01,4
ST-011374,MA6F51AR,Kary Hendrixson,Engaging,Won,2017-11-29,89
ST-011375,WDT43Q6O,Niesha Huffines,Prospecting,Engaging,2017-09-01,9
ST-011376,WDT43Q6O,Niesha Huffines,Engaging,Won,2017-09-14,13
ST-011377,XKYHE3OH,Rosie Papadopoulos,Prospecting,Engaging,2017-09-01,11
ST-011378,XKYHE3OH,Rosie Papadopoulos,Engaging,Won,2017-11-16,76
ST-011379,R65NL57V,Rosie Papadopoulos,Prospecting,Engaging,2017-09-01,27
ST-011380,R65NL57V,Rosie Papadopoulos,Engaging,Won,2017-11-05,65
ST-011381,AKBRVLRZ,Versie Hillebrand,Prospecting,Engaging,2017-09-01,28
ST-011382,AKBRVLRZ,Versie Hillebrand,Engaging,Won,2017-09-14,13
ST-011383,8FZ7CWPP,Versie Hillebrand,Prospecting,Engaging,2017-09-01,8
ST-011384,8FZ7CWPP,Versie Hillebrand,Engaging,Won,2017-09-11,10
ST-011385,EQPGDVWK,Zane Levy,Prospecting,Engaging,2017-09-01,12
ST-011386,EQPGDVWK,Zane Levy,Engaging,Won,2017-12-03,93
ST-011387,I819UEG6,Anna Snelling,Prospecting,Engaging,2017-09-02,24
ST-011388,I819UEG6,Anna Snelling,Engaging,Lost,2017-11-04,63
ST-011389,TXZTEEUJ,Darcel Schlecht,Prospecting,Engaging,2017-09-02,11
ST-011390,TXZTEEUJ,Darcel Schlecht,Engaging,Lost,2017-12-13,102
ST-011391,6OD1J7MW,Elease Gluck,Prospecting,Engaging,2017-09-02,7
ST-011392,XO8TRDKK,Garret Kinder,Prospecting,Engaging,2017-09-02,29
ST-011393,XO8TRDKK,Garret Kinder,Engaging,Won,2017-09-17,15
ST-011394,74YNCNQM,Gladys Colclough,Prospecting,Engaging,2017-09-02,4
ST-011395,74YNCNQM,Gladys Colclough,Engaging,Won,2017-12-04,93
ST-011396,I5QVV9C5,Hayden Neloms,Prospecting,Engaging,2017-09-02,25
ST-011397,I5QVV9C5,Hayden Neloms,Engaging,Lost,2017-12-20,109
ST-011398,SS0ZF7SG,Hayden Neloms,Prospecting,Engaging,2017-09-02,28
ST-011399,SS0ZF7SG,Hayden Neloms,Engaging,Won,2017-12-15,104
ST-011400,2GRNCODO,James Ascencio,Prospecting,Engaging,2017-09-02,12
ST-011401,2GRNCODO,James Ascencio,Engaging,Lost,2017-11-05,64
ST-011402,2UNAJCGN,James Ascencio,Prospecting,Engaging,2017-09-02,9
ST-011403,2UNAJCGN,James Ascencio,Engaging,Lost,2017-11-11,70
ST-011404,ZP5Q4YUJ,James Ascencio,Prospecting,Engaging,2017-09-02,27
ST-011405,ZP5Q4YUJ,James Ascencio,Engaging,Won,2017-11-24,83
ST-011406,7XL4JYSB,Kary Hendrixson,Prospecting,Engaging,2017-09-02,20
ST-011407,7XL4JYSB,Kary Hendrixson,Engaging,Lost,2017-11-24,83
ST-011408,HEZ8H6MK,Kary Hendrixson,Prospecting,Engaging,2017-09-02,4
ST-011409,HEZ8H6MK,Kary Hendrixson,Engaging,Won,2017-11-08,67
ST-011410,50AWO49B,Markita Hansen,Prospecting,Engaging,2017-09-02,14
ST-011411,50AWO49B,Markita Hansen,Engaging,Won,2017-12-27,116
ST-011412,CID4Y877,Marty Freudenburg,Prospecting,Engaging,2017-09-02,29
ST-011413,CID4Y877,Marty Freudenburg,Engaging,Lost,2017-12-13,102
ST-011414,T20CPZ52,Marty Freudenburg,Prospecting,Engaging,2017-09-02,17
ST-011415,T20CPZ52,Marty Freudenburg,Engaging,Lost,2017-11-29,88
ST-011416,HVF0VLJ3,Versie Hillebrand,Prospecting,Engaging,2017-09-02,6
ST-011417,HVF0VLJ3,Versie Hillebrand,Engaging,Lost,2017-11-11,70
ST-011418,A86ZEF94,Versie Hillebrand,Prospecting,Engaging,2017-09-02,22
ST-011419,A86ZEF94,Versie Hillebrand,Engaging,Lost,2017-11-30,89
ST-011420,8OMML4E8,Vicki Laflamme,Prospecting,Engaging,2017-09-02,30
ST-011421,8OMML4E8,Vicki Laflamme,Engaging,Won,2017-09-16,14
ST-011422,283Y9ULR,Vicki Laflamme,Prospecting,Engaging,2017-09-02,24
ST-011423,283Y9ULR,Vicki Laflamme,Engaging,Won,2017-09-23,21
ST-011424,J0G6ZLYZ,Zane Levy,Prospecting,Engaging,2017-09-02,26
ST-011425,C0LNV4PU,Zane Levy,Prospecting,Engaging,2017-09-02,20
ST-011426,C0LNV4PU,Zane Levy,Engaging,Won,2017-12-04,93
ST-011427,YB6UP71G,Anna Snelling,Prospecting,Engaging,2017-09-03,30
ST-011428,YB6UP71G,Anna Snelling,Engaging,Won,2017-09-06,3
ST-011429,A30VAQHM,Anna Snelling,Prospecting,Engaging,2017-09-03,10
ST-011430,A30VAQHM,Anna Snelling,Engaging,Won,2017-11-21,79
ST-011431,LOQ46F0T,Cassey Cress,Prospecting,Engaging,2017-09-03,26
ST-011432,ZH2TBHVZ,Donn Cantrell,Prospecting,Engaging,2017-09-03,23
ST-011433,ZH2TBHVZ,Donn Cantrell,Engaging,Won,2017-09-08,5
ST-011434,UKJO54QY,Donn Cantrell,Prospecting,Engaging,2017-09-03,20
ST-011435,UKJO54QY,Donn Cantrell,Engaging,Won,2017-09-13,10
ST-011436,9868N4GB,Donn Cantrell,Prospecting,Engaging,2017-09-03,15
ST-011437,9868N4GB,Donn Cantrell,Engaging,Won,2017-12-14,102
ST-011438,JKAYQ4HQ,Elease Gluck,Prospecting,Engaging,2017-09-03,10
ST-011439,L5UKY73S,Gladys Colclough,Prospecting,Engaging,2017-09-03,19
ST-011440,L5UKY73S,Gladys Colclough,Engaging,Lost,2017-11-04,62
ST-011441,7DDPLMQ5,Gladys Colclough,Prospecting,Engaging,2017-09-03,28
ST-011442,7DDPLMQ5,Gladys Colclough,Engaging,Won,2017-12-02,90
ST-011443,DZP41ANW,Hayden Neloms,Prospecting,Engaging,2017-09-03,28
ST-011444,GRYHHER0,Hayden Neloms,Prospecting,Engaging,2017-09-03,28
ST-011445,4KVZVHNN,James Ascencio,Prospecting,Engaging,2017-09-03,25
ST-011446,4KVZVHNN,James Ascencio,Engaging,Won,2017-09-14,11
ST-011447,ULWQ61OZ,James Ascencio,Prospecting,Engaging,2017-09-03,12
ST-011448,ULWQ61OZ,James Ascencio,Engaging,Won,2017-12-06,94
ST-011449,FKU9TS06,Jonathan Berthelot,Prospecting,Engaging,2017-09-03,25
ST-011450,FKU9TS06,Jonathan Berthelot,Engaging,Won,2017-09-16,13
ST-011451,H8XH5MFQ,Kary Hendrixson,Prospecting,Engaging,2017-09-03,24
ST-011452,OPFBXGFV,Markita Hansen,Prospecting,Engaging,2017-09-03,4
ST-011453,OPFBXGFV,Markita Hansen,Engaging,Won,2017-12-12,100
ST-011454,UCV49FYZ,Maureen Marcano,Prospecting,Engaging,2017-09-03,15
ST-011455,UCV49FYZ,Maureen Marcano,Engaging,Won,2017-09-09,6
ST-011456,F58R70DY,Reed Clapper,Prospecting,Engaging,2017-09-03,15
ST-011457,F58R70DY,Reed Clapper,Engaging,Won,2017-09-10,7
ST-011458,1H2PVLZ3,Rosalina Dieter,Prospecting,Engaging,2017-09-03,16
ST-011459,1H2PVLZ3,Rosalina Dieter,Engaging,Won,2017-11-10,68
ST-011460,YPM5PZMD,Vicki Laflamme,Prospecting,Engaging,2017-09-03,28
ST-011461,DV6WD759,Vicki Laflamme,Prospecting,Engaging,2017-09-03,24
ST-011462,DV6WD759,Vicki Laflamme,Engaging,Won,2017-09-14,11
ST-011463,OGHK250E,Violet Mclelland,Prospecting,Engaging,2017-09-03,13
ST-011464,SBC67V5T,Violet Mclelland,Prospecting,Engaging,2017-09-03,20
ST-011465,SBC67V5T,Violet Mclelland,Engaging,Won,2017-09-11,8
ST-011466,IDGLZJRX,Violet Mclelland,Prospecting,Engaging,2017-09-03,4
ST-011467,IDGLZJRX,Violet Mclelland,Engaging,Won,2017-11-09,67
ST-011468,VYG4BHEE,Zane Levy,Prospecting,Engaging,2017-09-03,3
ST-011469,VYG4BHEE,Zane Levy,Engaging,Lost,2017-11-01,59
ST-011470,YFTW9Z69,Anna Snelling,Prospecting,Engaging,2017-09-04,26
ST-011471,YFTW9Z69,Anna Snelling,Engaging,Lost,2017-11-12,69
ST-011472,92IDH7MB,Anna Snelling,Prospecting,Engaging,2017-09-04,11
ST-011473,92IDH7MB,Anna Snelling,Engaging,Won,2017-11-21,78
ST-011474,NR1JSUPQ,Boris Faz,Prospecting,Engaging,2017-09-04,9
ST-011475,NR1JSUPQ,Boris Faz,Engaging,Won,2017-11-11,68
ST-011476,ZNOARPNW,Boris Faz,Prospecting,Engaging,2017-09-04,22
ST-011477,ZNOARPNW,Boris Faz,Engaging,Won,2017-09-13,9
ST-011478,FNKZKHTJ,Cassey Cress,Prospecting,Engaging,2017-09-04,30
ST-011479,FNKZKHTJ,Cassey Cress,Engaging,Won,2017-09-06,2
ST-011480,KXR63BV7,Corliss Cosme,Prospecting,Engaging,2017-09-04,27
ST-011481,UAVOPRPV,Corliss Cosme,Prospecting,Engaging,2017-09-04,30
ST-011482,UAVOPRPV,Corliss Cosme,Engaging,Won,2017-12-26,113
ST-011483,VMUTS9GK,Daniell Hammack,Prospecting,Engaging,2017-09-04,30
ST-011484,VMUTS9GK,Daniell Hammack,Engaging,Won,2017-11-01,58
ST-011485,SZPU1DSR,Darcel Schlecht,Prospecting,Engaging,2017-09-04,17
ST-011486,SZPU1DSR,Darcel Schlecht,Engaging,Lost,2017-11-30,87
ST-011487,9EGLQG3N,Gladys Colclough,Prospecting,Engaging,2017-09-04,29
ST-011488,9EGLQG3N,Gladys Colclough,Engaging,Won,2017-12-14,101
ST-011489,BL23633Z,Gladys Colclough,Prospecting,Engaging,2017-09-04,10
ST-011490,BL23633Z,Gladys Colclough,Engaging,Won,2017-11-25,82
ST-011491,87G25M68,James Ascencio,Prospecting,Engaging,2017-09-04,23
ST-011492,87G25M68,James Ascencio,Engaging,Won,2017-12-28,115
ST-011493,8F3RA844,Jonathan Berthelot,Prospecting,Engaging,2017-09-04,25
ST-011494,8F3RA844,Jonathan Berthelot,Engaging,Lost,2017-11-19,76
ST-011495,VJ1FT11H,Kami Bicknell,Prospecting,Engaging,2017-09-04,25
ST-011496,VJ1FT11H,Kami Bicknell,Engaging,Lost,2017-11-18,75
ST-011497,TKI8MEZZ,Moses Frase,Prospecting,Engaging,2017-09-04,23
ST-011498,TKI8MEZZ,Moses Frase,Engaging,Won,2017-12-31,118
ST-011499,QSHP9AHU,Moses Frase,Prospecting,Engaging,2017-09-04,14
ST-011500,QSHP9AHU,Moses Frase,Engaging,Won,2017-12-13,100
ST-011501,MIDW7Q49,Niesha Huffines,Prospecting,Engaging,2017-09-04,27
ST-011502,MIDW7Q49,Niesha Huffines,Engaging,Won,2017-12-15,102
ST-011503,PW7QNSFG,Rosalina Dieter,Prospecting,Engaging,2017-09-04,21
ST-011504,PW7QNSFG,Rosalina Dieter,Engaging,Won,2017-11-06,63
ST-011505,WGYE40NI,Versie Hillebrand,Prospecting,Engaging,2017-09-04,20
ST-011506,WGYE40NI,Versie Hillebrand,Engaging,Won,2017-12-26,113
ST-011507,HLX6W646,Vicki Laflamme,Prospecting,Engaging,2017-09-04,26
ST-011508,HLX6W646,Vicki Laflamme,Engaging,Won,2017-11-19,76
ST-011509,6VMQQKLJ,Vicki Laflamme,Prospecting,Engaging,2017-09-04,22
ST-011510,6VMQQKLJ,Vicki Laflamme,Engaging,Won,2017-09-15,11
ST-011511,VKIR68JX,Violet Mclelland,Prospecting,Engaging,2017-09-04,9
ST-011512,FYS6IZO4,Violet Mclelland,Prospecting,Engaging,2017-09-04,27
ST-011513,FYS6IZO4,Violet Mclelland,Engaging,Won,2017-11-07,64
ST-011514,7OSD4T24,Violet Mclelland,Prospecting,Engaging,2017-09-04,26
ST-011515,7OSD4T24,Violet Mclelland,Engaging,Won,2017-12-08,95
ST-011516,W533W8G6,Zane Levy,Prospecting,Engaging,2017-09-04,9
ST-011517,RW3CJO8D,Zane Levy,Prospecting,Engaging,2017-09-04,12
ST-011518,5E274CQS,Boris Faz,Prospecting,Engaging,2017-09-05,17
ST-011519,H29A7E6X,Corliss Cosme,Prospecting,Engaging,2017-09-05,8
ST-011520,H29A7E6X,Corliss Cosme,Engaging,Won,2017-11-17,73
ST-011521,IDN254QN,Daniell Hammack,Prospecting,Engaging,2017-09-05,24
ST-011522,IDN254QN,Daniell Hammack,Engaging,Won,2017-11-20,76
ST-011523,W3U1N1RV,Darcel Schlecht,Prospecting,Engaging,2017-09-05,5
ST-011524,W3U1N1RV,Darcel Schlecht,Engaging,Lost,2017-11-24,80
ST-011525,5LPKNEEI,Darcel Schlecht,Prospecting,Engaging,2017-09-05,8
ST-011526,5LPKNEEI,Darcel Schlecht,Engaging,Lost,2017-09-13,8
ST-011527,073UCD9F,Gladys Colclough,Prospecting,Engaging,2017-09-05,8
ST-011528,073UCD9F,Gladys Colclough,Engaging,Lost,2017-12-10,96
ST-011529,7GDSUY9K,Hayden Neloms,Prospecting,Engaging,2017-09-05,26
ST-011530,H5J7C2FE,Kami Bicknell,Prospecting,Engaging,2017-09-05,19
ST-011531,DCZOTU5X,Kary Hendrixson,Prospecting,Engaging,2017-09-05,6
ST-011532,DCZOTU5X,Kary Hendrixson,Engaging,Lost,2017-11-13,69
ST-011533,KUJ5M6J3,Kary Hendrixson,Prospecting,Engaging,2017-09-05,15
ST-011534,KUJ5M6J3,Kary Hendrixson,Engaging,Won,2017-12-27,113
ST-011535,YGUOEIEG,Markita Hansen,Prospecting,Engaging,2017-09-05,4
ST-011536,YGUOEIEG,Markita Hansen,Engaging,Lost,2017-11-06,62
ST-011537,1UW6ILCH,Maureen Marcano,Prospecting,Engaging,2017-09-05,16
ST-011538,CRL6IB5Z,Niesha Huffines,Prospecting,Engaging,2017-09-05,11
ST-011539,CRL6IB5Z,Niesha Huffines,Engaging,Lost,2017-11-26,82
ST-011540,STVHD67J,Niesha Huffines,Prospecting,Engaging,2017-09-05,20
ST-011541,STVHD67J,Niesha Huffines,Engaging,Won,2017-09-16,11
ST-011542,I3TDKU30,Rosalina Dieter,Prospecting,Engaging,2017-09-05,11
ST-011543,I3TDKU30,Rosalina Dieter,Engaging,Lost,2017-09-14,9
ST-011544,YUVNXSSD,Versie Hillebrand,Prospecting,Engaging,2017-09-05,7
ST-011545,YUVNXSSD,Versie Hillebrand,Engaging,Lost,2017-09-15,10
ST-011546,AZJXZFMR,Versie Hillebrand,Prospecting,Engaging,2017-09-05,8
ST-011547,AZJXZFMR,Versie Hillebrand,Engaging,Lost,2017-11-26,82
ST-011548,2WPEOPIF,Vicki Laflamme,Prospecting,Engaging,2017-09-05,21
ST-011549,2WPEOPIF,Vicki Laflamme,Engaging,Won,2017-12-04,90
ST-011550,XMCRTC2K,Vicki Laflamme,Prospecting,Engaging,2017-09-05,30
ST-011551,XMCRTC2K,Vicki Laflamme,Engaging,Won,2017-11-07,63
ST-011552,ZDVZB8PX,Vicki Laflamme,Prospecting,Engaging,2017-09-05,11
ST-011553,ZDVZB8PX,Vicki Laflamme,Engaging,Won,2017-11-14,70
ST-011554,5JS6JI3P,Vicki Laflamme,Prospecting,Engaging,2017-09-05,3
ST-011555,5JS6JI3P,Vicki Laflamme,Engaging,Won,2017-11-21,77
ST-011556,X6NSKI7H,Cassey Cress,Prospecting,Engaging,2017-09-06,13
ST-011557,FH30JK3J,Cassey Cress,Prospecting,Engaging,2017-09-06,17
ST-011558,ZPXE49AP,Daniell Hammack,Prospecting,Engaging,2017-09-06,25
ST-011559,8DPUST4Y,Darcel Schlecht,Prospecting,Engaging,2017-09-06,7
ST-011560,8DPUST4Y,Darcel Schlecht,Engaging,Won,2017-11-19,74
ST-011561,L1QNLM08,Darcel Schlecht,Prospecting,Engaging,2017-09-06,4
ST-011562,L1QNLM08,Darcel Schlecht,Engaging,Won,2017-12-30,115
ST-011563,S4YQYJPM,Darcel Schlecht,Prospecting,Engaging,2017-09-06,7
ST-011564,S4YQYJPM,Darcel Schlecht,Engaging,Won,2017-09-13,7
ST-011565,6BQMENQR,Donn Cantrell,Prospecting,Engaging,2017-09-06,13
ST-011566,6BQMENQR,Donn Cantrell,Engaging,Lost,2017-11-03,58
ST-011567,XAS0EL71,Donn Cantrell,Prospecting,Engaging,2017-09-06,22
ST-011568,XAS0EL71,Donn Cantrell,Engaging,Won,2017-09-20,14
ST-011569,GQNM1QP8,Elease Gluck,Prospecting,Engaging,2017-09-06,4
ST-011570,GQNM1QP8,Elease Gluck,Engaging,Won,2017-11-29,84
ST-011571,9CK2HTJP,Garret Kinder,Prospecting,Engaging,2017-09-06,27
ST-011572,9CK2HTJP,Garret Kinder,Engaging,Lost,2017-12-04,89
ST-011573,J96E49Z1,Gladys Colclough,Prospecting,Engaging,2017-09-06,23
ST-011574,J96E49Z1,Gladys Colclough,Engaging,Won,2017-11-22,77
ST-011575,X96KGPI8,Jonathan Berthelot,Prospecting,Engaging,2017-09-06,22
ST-011576,X96KGPI8,Jonathan Berthelot,Engaging,Lost,2017-11-19,74
ST-011577,JJDL1F8R,Jonathan Berthelot,Prospecting,Engaging,2017-09-06,29
ST-011578,JJDL1F8R,Jonathan Berthelot,Engaging,Won,2017-11-07,62
ST-011579,U1XSUD1P,Kami Bicknell,Prospecting,Engaging,2017-09-06,24
ST-011580,0J24X1Y0,Kami Bicknell,Prospecting,Engaging,2017-09-06,12
ST-011581,0J24X1Y0,Kami Bicknell,Engaging,Won,2017-09-15,9
ST-011582,OM8LELJW,Kary Hendrixson,Prospecting,Engaging,2017-09-06,18
ST-011583,SEYFLN8Y,Markita Hansen,Prospecting,Engaging,2017-09-06,28
ST-011584,SEYFLN8Y,Markita Hansen,Engaging,Won,2017-12-09,94
ST-011585,EID3MR9L,Marty Freudenburg,Prospecting,Engaging,2017-09-06,21
ST-011586,EID3MR9L,Marty Freudenburg,Engaging,Won,2017-12-20,105
ST-011587,ID2VJE8V,Versie Hillebrand,Prospecting,Engaging,2017-09-06,20
ST-011588,ID2VJE8V,Versie Hillebrand,Engaging,Lost,2017-09-13,7
ST-011589,T3W0Z8KP,Versie Hillebrand,Prospecting,Engaging,2017-09-06,14
ST-011590,T3W0Z8KP,Versie Hillebrand,Engaging,Won,2017-09-12,6
ST-011591,2WZU46RL,Vicki Laflamme,Prospecting,Engaging,2017-09-06,5
ST-011592,2WZU46RL,Vicki Laflamme,Engaging,Won,2017-12-16,101
ST-011593,576N6HHJ,Vicki Laflamme,Prospecting,Engaging,2017-09-06,28
ST-011594,576N6HHJ,Vicki Laflamme,Engaging,Won,2017-09-15,9
ST-011595,WEES59KH,Violet Mclelland,Prospecting,Engaging,2017-09-06,25
ST-011596,WOS93VI5,Wilburn Farren,Prospecting,Engaging,2017-09-06,13
ST-011597,WOS93VI5,Wilburn Farren,Engaging,Won,2017-12-06,91
ST-011598,95YT659K,Zane Levy,Prospecting,Engaging,2017-09-06,19
ST-011599,RKI7OEP9,Anna Snelling,Prospecting,Engaging,2017-09-07,10
ST-011600,RKI7OEP9,Anna Snelling,Engaging,Lost,2017-11-18,72
ST-011601,D9CS7EIY,Anna Snelling,Prospecting,Engaging,2017-09-07,8
ST-011602,D9CS7EIY,Anna Snelling,Engaging,Won,2017-12-12,96
ST-011603,IOPIJ6C6,Boris Faz,Prospecting,Engaging,2017-09-07,19
ST-011604,J1VGTXQS,Boris Faz,Prospecting,Engaging,2017-09-07,5
ST-011605,J1VGTXQS,Boris Faz,Engaging,Won,2017-12-03,87
ST-011606,T87FD71P,Cassey Cress,Prospecting,Engaging,2017-09-07,28
ST-011607,T87FD71P,Cassey Cress,Engaging,Won,2017-11-18,72
ST-011608,P4PX93RN,Corliss Cosme,Prospecting,Engaging,2017-09-07,19
ST-011609,P4PX93RN,Corliss Cosme,Engaging,Lost,2017-11-18,72
ST-011610,RLJI4F93,Corliss Cosme,Prospecting,Engaging,2017-09-07,8
ST-011611,RLJI4F93,Corliss Cosme,Engaging,Won,2017-09-18,11
ST-011612,AE306TJU,Corliss Cosme,Prospecting,Engaging,2017-09-07,16
ST-011613,AE306TJU,Corliss Cosme,Engaging,Won,2017-09-17,10
ST-011614,D3BO9JDM,Darcel Schlecht,Prospecting,Engaging,2017-09-07,20
ST-011615,D3BO9JDM,Darcel Schlecht,Engaging,Won,2017-11-09,63
ST-011616,DPDUK8RG,Darcel Schlecht,Prospecting,Engaging,2017-09-07,20
ST-011617,DPDUK8RG,Darcel Schlecht,Engaging,Won,2017-09-12,5
ST-011618,AR35V2L2,Garret Kinder,Prospecting,Engaging,2017-09-07,15
ST-011619,AR35V2L2,Garret Kinder,Engaging,Won,2017-09-13,6
ST-011620,FAKATVRQ,Gladys Colclough,Prospecting,Engaging,2017-09-07,5
ST-011621,FAKATVRQ,Gladys Colclough,Engaging,Lost,2017-11-29,83
ST-011622,9SU2A73Y,Jonathan Berthelot,Prospecting,Engaging,2017-09-07,14
ST-011623,9SU2A73Y,Jonathan Berthelot,Engaging,Won,2017-09-18,11
ST-011624,98R4AZA8,Kary Hendrixson,Prospecting,Engaging,2017-09-07,10
ST-011625,98R4AZA8,Kary Hendrixson,Engaging,Won,2017-12-17,101
ST-011626,9FE75D1D,Markita Hansen,Prospecting,Engaging,2017-09-07,9
ST-011627,9FE75D1D,Markita Hansen,Engaging,Won,2017-11-16,70
ST-011628,S5NVSXEX,Moses Frase,Prospecting,Engaging,2017-09-07,24
ST-011629,S5NVSXEX,Moses Frase,Engaging,Won,2017-12-11,95
ST-011630,C6F5DTFR,Niesha Huffines,Prospecting,Engaging,2017-09-07,13
ST-011631,C6F5DTFR,Niesha Huffines,Engaging,Won,2017-12-19,103
ST-011632,R4X2MOO1,Reed Clapper,Prospecting,Engaging,2017-09-07,13
ST-011633,R4X2MOO1,Reed Clapper,Engaging,Lost,2017-11-27,81
ST-011634,QEZ2X87C,Rosalina Dieter,Prospecting,Engaging,2017-09-07,14
ST-011635,8FULX0EA,Versie Hillebrand,Prospecting,Engaging,2017-09-07,12
ST-011636,8FULX0EA,Versie Hillebrand,Engaging,Won,2017-11-02,56
ST-011637,WA5NRVIG,Versie Hillebrand,Prospecting,Engaging,2017-09-07,9
ST-011638,WA5NRVIG,Versie Hillebrand,Engaging,Won,2017-12-12,96
ST-011639,XO7D3NYR,Vicki Laflamme,Prospecting,Engaging,2017-09-07,27
ST-011640,XO7D3NYR,Vicki Laflamme,Engaging,Won,2017-11-03,57
ST-011641,ZN8LHN9B,Wilburn Farren,Prospecting,Engaging,2017-09-07,22
ST-011642,ZN8LHN9B,Wilburn Farren,Engaging,Lost,2017-11-17,71
ST-011643,S8FODURJ,Zane Levy,Prospecting,Engaging,2017-09-07,19
ST-011644,BFH34LVO,Zane Levy,Prospecting,Engaging,2017-09-07,18
ST-011645,BFH34LVO,Zane Levy,Engaging,Won,2017-11-26,80
ST-011646,QHVGK8DM,Zane Levy,Prospecting,Engaging,2017-09-07,20
ST-011647,QHVGK8DM,Zane Levy,Engaging,Won,2017-11-30,84
ST-011648,BALJ5E9J,Anna Snelling,Prospecting,Engaging,2017-09-08,29
ST-011649,BALJ5E9J,Anna Snelling,Engaging,Lost,2017-12-17,100
ST-011650,3Y6REURA,Anna Snelling,Prospecting,Engaging,2017-09-08,27
ST-011651,3Y6REURA,Anna Snelling,Engaging,Won,2017-09-24,16
ST-011652,3UI5JBOA,Boris Faz,Prospecting,Engaging,2017-09-08,23
ST-011653,3UI5JBOA,Boris Faz,Engaging,Lost,2017-11-19,72
ST-011654,8AKZH8QS,Boris Faz,Prospecting,Engaging,2017-09-08,3
ST-011655,8AKZH8QS,Boris Faz,Engaging,Won,2017-12-17,100
ST-011656,FAS1KT97,Boris Faz,Prospecting,Engaging,2017-09-08,6
ST-011657,FAS1KT97,Boris Faz,Engaging,Won,2017-09-14,6
ST-011658,RAPX57I3,Boris Faz,Prospecting,Engaging,2017-09-08,24
ST-011659,RAPX57I3,Boris Faz,Engaging,Won,2017-11-25,78
ST-011660,UZ4JMG8Z,Cassey Cress,Prospecting,Engaging,2017-09-08,14
ST-011661,UZ4JMG8Z,Cassey Cress,Engaging,Lost,2017-11-25,78
ST-011662,PV411N8I,Cecily Lampkin,Prospecting,Engaging,2017-09-08,17
ST-011663,PV411N8I,Cecily Lampkin,Engaging,Lost,2017-11-17,70
ST-011664,C58775JM,Corliss Cosme,Prospecting,Engaging,2017-09-08,10
ST-011665,C58775JM,Corliss Cosme,Engaging,Lost,2017-12-30,113
ST-011666,A2PIOJWL,Daniell Hammack,Prospecting,Engaging,2017-09-08,23
ST-011667,A2PIOJWL,Daniell Hammack,Engaging,Lost,2017-09-19,11
ST-011668,SSEOGPPI,Darcel Schlecht,Prospecting,Engaging,2017-09-08,22
ST-011669,SSEOGPPI,Darcel Schlecht,Engaging,Won,2017-09-10,2
ST-011670,5MFY1D4C,Donn Cantrell,Prospecting,Engaging,2017-09-08,22
ST-011671,5MFY1D4C,Donn Cantrell,Engaging,Lost,2017-09-18,10
ST-011672,PQLMEIG0,Donn Cantrell,Prospecting,Engaging,2017-09-08,10
ST-011673,PQLMEIG0,Donn Cantrell,Engaging,Lost,2017-09-22,14
ST-011674,6CV2KEKP,Donn Cantrell,Prospecting,Engaging,2017-09-08,4
ST-011675,6CV2KEKP,Donn Cantrell,Engaging,Lost,2017-09-16,8
ST-011676,FQD0IJBC,Elease Gluck,Prospecting,Engaging,2017-09-08,24
ST-011677,FQD0IJBC,Elease Gluck,Engaging,Lost,2017-11-25,78
ST-011678,EJGRLQP8,James Ascencio,Prospecting,Engaging,2017-09-08,13
ST-011679,8DDR4MUL,James Ascencio,Prospecting,Engaging,2017-09-08,15
ST-011680,E28C318S,James Ascencio,Prospecting,Engaging,2017-09-08,28
ST-011681,E28C318S,James Ascencio,Engaging,Won,2017-11-04,57
ST-011682,6BUW3ZVC,Jonathan Berthelot,Prospecting,Engaging,2017-09-08,6
ST-011683,6BUW3ZVC,Jonathan Berthelot,Engaging,Lost,2017-11-04,57
ST-011684,ZW5XV2QY,Kami Bicknell,Prospecting,Engaging,2017-09-08,15
ST-011685,ZW5XV2QY,Kami Bicknell,Engaging,Lost,2017-11-14,67
ST-011686,MOSX49BG,Kami Bicknell,Prospecting,Engaging,2017-09-08,11
ST-011687,MOSX49BG,Kami Bicknell,Engaging,Won,2017-11-24,77
ST-011688,BDEP8ZEH,Kary Hendrixson,Prospecting,Engaging,2017-09-08,20
ST-011689,BDEP8ZEH,Kary Hendrixson,Engaging,Lost,2017-12-21,104
ST-011690,WSKZBAYI,Kary Hendrixson,Prospecting,Engaging,2017-09-08,26
ST-011691,WSKZBAYI,Kary Hendrixson,Engaging,Won,2017-12-08,91
ST-011692,19H5KFIC,Marty Freudenburg,Prospecting,Engaging,2017-09-08,12
ST-011693,19H5KFIC,Marty Freudenburg,Engaging,Won,2017-12-03,86
ST-011694,H0RRUQZ6,Maureen Marcano,Prospecting,Engaging,2017-09-08,3
ST-011695,7PCCI1U2,Reed Clapper,Prospecting,Engaging,2017-09-08,19
ST-011696,7PCCI1U2,Reed Clapper,Engaging,Lost,2017-11-17,70
ST-011697,8XXD2LMP,Rosie Papadopoulos,Prospecting,Engaging,2017-09-08,29
ST-011698,8XXD2LMP,Rosie Papadopoulos,Engaging,Lost,2017-12-02,85
ST-011699,USNQY75J,Zane Levy,Prospecting,Engaging,2017-09-08,27
ST-011700,USNQY75J,Zane Levy,Engaging,Lost,2017-11-04,57
ST-011701,EI7DU48C,Zane Levy,Prospecting,Engaging,2017-09-08,14
ST-011702,EI7DU48C,Zane Levy,Engaging,Lost,2017-12-14,97
ST-011703,1A1BI5VB,Boris Faz,Prospecting,Engaging,2017-09-09,19
ST-011704,1A1BI5VB,Boris Faz,Engaging,Won,2017-09-22,13
ST-011705,UYJVA76O,Cassey Cress,Prospecting,Engaging,2017-09-09,28
ST-011706,UYJVA76O,Cassey Cress,Engaging,Lost,2017-11-21,73
ST-011707,DR2H05BG,Cecily Lampkin,Prospecting,Engaging,2017-09-09,19
ST-011708,DR2H05BG,Cecily Lampkin,Engaging,Won,2017-09-22,13
ST-011709,M765WQ4W,Corliss Cosme,Prospecting,Engaging,2017-09-09,17
ST-011710,M765WQ4W,Corliss Cosme,Engaging,Won,2017-09-13,4
ST-011711,2PXZ68OA,Darcel Schlecht,Prospecting,Engaging,2017-09-09,18
ST-011712,2PXZ68OA,Darcel Schlecht,Engaging,Won,2017-12-05,87
ST-011713,TDVM9PDL,Donn Cantrell,Prospecting,Engaging,2017-09-09,4
ST-011714,TDVM9PDL,Donn Cantrell,Engaging,Won,2017-12-26,108
ST-011715,LBYGH8WS,Garret Kinder,Prospecting,Engaging,2017-09-09,12
ST-011716,LBYGH8WS,Garret Kinder,Engaging,Lost,2017-09-27,18
ST-011717,NJC4XMEN,James Ascencio,Prospecting,Engaging,2017-09-09,23
ST-011718,OBCBK0XR,Kami Bicknell,Prospecting,Engaging,2017-09-09,9
ST-011719,OBCBK0XR,Kami Bicknell,Engaging,Lost,2017-11-30,82
ST-011720,IX8AYR6F,Kami Bicknell,Prospecting,Engaging,2017-09-09,13
ST-011721,IX8AYR6F,Kami Bicknell,Engaging,Won,2017-12-14,96
ST-011722,4LVXK5H1,Kami Bicknell,Prospecting,Engaging,2017-09-09,19
ST-011723,4LVXK5H1,Kami Bicknell,Engaging,Won,2017-09-25,16
ST-011724,O5CWW9P3,Lajuana Vencill,Prospecting,Engaging,2017-09-09,5
ST-011725,O5CWW9P3,Lajuana Vencill,Engaging,Lost,2017-11-21,73
ST-011726,IMLFM79C,Markita Hansen,Prospecting,Engaging,2017-09-09,6
ST-011727,DPXZ0ONG,Niesha Huffines,Prospecting,Engaging,2017-09-09,8
ST-011728,DPXZ0ONG,Niesha Huffines,Engaging,Lost,2017-11-15,67
ST-011729,2LOQKW1C,Niesha Huffines,Prospecting,Engaging,2017-09-09,27
ST-011730,2LOQKW1C,Niesha Huffines,Engaging,Won,2017-09-24,15
ST-011731,MA1LQG9S,Niesha Huffines,Prospecting,Engaging,2017-09-09,20
ST-011732,MA1LQG9S,Niesha Huffines,Engaging,Won,2017-11-27,79
ST-011733,YR4EFQ4C,Reed Clapper,Prospecting,Engaging,2017-09-09,20
ST-011734,YR4EFQ4C,Reed Clapper,Engaging,Won,2017-12-03,85
ST-011735,KB7DTUXO,Rosie Papadopoulos,Prospecting,Engaging,2017-09-09,3
ST-011736,KB7DTUXO,Rosie Papadopoulos,Engaging,Won,2017-11-08,60
ST-011737,JMQRT3TC,Versie Hillebrand,Prospecting,Engaging,2017-09-09,23
ST-011738,JMQRT3TC,Versie Hillebrand,Engaging,Won,2017-12-31,113
ST-011739,XETHS437,Versie Hillebrand,Prospecting,Engaging,2017-09-09,5
ST-011740,XETHS437,Versie Hillebrand,Engaging,Won,2017-12-07,89
ST-011741,6EYTZB6F,Versie Hillebrand,Prospecting,Engaging,2017-09-09,9
ST-011742,6EYTZB6F,Versie Hillebrand,Engaging,Won,2017-12-12,94
ST-011743,DXY9EZ55,Vicki Laflamme,Prospecting,Engaging,2017-09-09,24
ST-011744,DXY9EZ55,Vicki Laflamme,Engaging,Won,2017-12-12,94
ST-011745,ESZPH44N,Violet Mclelland,Prospecting,Engaging,2017-09-09,23
ST-011746,ESZPH44N,Violet Mclelland,Engaging,Lost,2017-12-19,101
ST-011747,ITDTMROU,Cassey Cress,Prospecting,Engaging,2017-09-10,27
ST-011748,ITDTMROU,Cassey Cress,Engaging,Won,2017-12-05,86
ST-011749,IFO74RWI,Cecily Lampkin,Prospecting,Engaging,2017-09-10,9
ST-011750,IFO74RWI,Cecily Lampkin,Engaging,Won,2017-11-29,80
ST-011751,4O6T16XI,Cecily Lampkin,Prospecting,Engaging,2017-09-10,30
ST-011752,4O6T16XI,Cecily Lampkin,Engaging,Won,2017-12-25,106
ST-011753,SUPA1RHK,Corliss Cosme,Prospecting,Engaging,2017-09-10,24
ST-011754,SUPA1RHK,Corliss Cosme,Engaging,Won,2017-09-15,5
ST-011755,MDHD11QD,Corliss Cosme,Prospecting,Engaging,2017-09-10,16
ST-011756,MDHD11QD,Corliss Cosme,Engaging,Won,2017-09-15,5
ST-011757,PERK5YXJ,Daniell Hammack,Prospecting,Engaging,2017-09-10,29
ST-011758,PERK5YXJ,Daniell Hammack,Engaging,Won,2017-12-13,94
ST-011759,MUUNQNG2,Darcel Schlecht,Prospecting,Engaging,2017-09-10,6
ST-011760,MUUNQNG2,Darcel Schlecht,Engaging,Won,2017-09-17,7
ST-011761,J1SCD7QL,Darcel Schlecht,Prospecting,Engaging,2017-09-10,9
ST-011762,J1SCD7QL,Darcel Schlecht,Engaging,Won,2017-11-06,57
ST-011763,9LILLW96,Garret Kinder,Prospecting,Engaging,2017-09-10,20
ST-011764,9LILLW96,Garret Kinder,Engaging,Lost,2017-11-01,52
ST-011765,R0DKB8FJ,Gladys Colclough,Prospecting,Engaging,2017-09-10,29
ST-011766,R0DKB8FJ,Gladys Colclough,Engaging,Lost,2017-12-07,88
ST-011767,S5R9O6TL,Gladys Colclough,Prospecting,Engaging,2017-09-10,25
ST-011768,S5R9O6TL,Gladys Colclough,Engaging,Won,2017-12-18,99
ST-011769,N78A330G,Gladys Colclough,Prospecting,Engaging,2017-09-10,26
ST-011770,N78A330G,Gladys Colclough,Engaging,Won,2017-11-08,59
ST-011771,ZGW9SCQ0,Hayden Neloms,Prospecting,Engaging,2017-09-10,27
ST-011772,ZHI12PI4,Hayden Neloms,Prospecting,Engaging,2017-09-10,16
ST-011773,ZHI12PI4,Hayden Neloms,Engaging,Won,2017-12-29,110
ST-011774,34XWXEQE,James Ascencio,Prospecting,Engaging,2017-09-10,23
ST-011775,38ZR3URJ,James Ascencio,Prospecting,Engaging,2017-09-10,29
ST-011776,38ZR3URJ,James Ascencio,Engaging,Won,2017-11-25,76
ST-011777,6DJ817MW,James Ascencio,Prospecting,Engaging,2017-09-10,5
ST-011778,6DJ817MW,James Ascencio,Engaging,Won,2017-11-16,67
ST-011779,9HCLI5PO,Jonathan Berthelot,Prospecting,Engaging,2017-09-10,26
ST-011780,9HCLI5PO,Jonathan Berthelot,Engaging,Lost,2017-11-17,68
ST-011781,PRY70ISY,Jonathan Berthelot,Prospecting,Engaging,2017-09-10,24
ST-011782,PRY70ISY,Jonathan Berthelot,Engaging,Lost,2017-12-04,85
ST-011783,8NG46N94,Kami Bicknell,Prospecting,Engaging,2017-09-10,7
ST-011784,CS2ZS0B4,Kami Bicknell,Prospecting,Engaging,2017-09-10,3
ST-011785,CS2ZS0B4,Kami Bicknell,Engaging,Lost,2017-09-27,17
ST-011786,R7LGVRHC,Kami Bicknell,Prospecting,Engaging,2017-09-10,17
ST-011787,R7LGVRHC,Kami Bicknell,Engaging,Won,2017-11-12,63
ST-011788,3KLVZN6M,Kary Hendrixson,Prospecting,Engaging,2017-09-10,25
ST-011789,3KLVZN6M,Kary Hendrixson,Engaging,Won,2017-12-05,86
ST-011790,WGSLK719,Kary Hendrixson,Prospecting,Engaging,2017-09-10,13
ST-011791,WGSLK719,Kary Hendrixson,Engaging,Won,2017-12-12,93
ST-011792,0MMDQ1OR,Lajuana Vencill,Prospecting,Engaging,2017-09-10,4
ST-011793,0MMDQ1OR,Lajuana Vencill,Engaging,Won,2017-11-12,63
ST-011794,SMQV0BRI,Maureen Marcano,Prospecting,Engaging,2017-09-10,5
ST-011795,SMQV0BRI,Maureen Marcano,Engaging,Won,2017-09-21,11
ST-011796,XT8HCGAD,Rosalina Dieter,Prospecting,Engaging,2017-09-10,5
ST-011797,WIQQUZRQ,Rosalina Dieter,Prospecting,Engaging,2017-09-10,4
ST-011798,X56STCJP,Versie Hillebrand,Prospecting,Engaging,2017-09-10,8
ST-011799,X56STCJP,Versie Hillebrand,Engaging,Lost,2017-09-30,20
ST-011800,K214R7RK,Versie Hillebrand,Prospecting,Engaging,2017-09-10,28
ST-011801,K214R7RK,Versie Hillebrand,Engaging,Lost,2017-11-24,75
ST-011802,NR9UD54C,Versie Hillebrand,Prospecting,Engaging,2017-09-10,11
ST-011803,NR9UD54C,Versie Hillebrand,Engaging,Won,2017-11-27,78
ST-011804,GTXI4PAR,Vicki Laflamme,Prospecting,Engaging,2017-09-10,20
ST-011805,GTXI4PAR,Vicki Laflamme,Engaging,Lost,2017-11-24,75
ST-011806,T94JAB4C,Vicki Laflamme,Prospecting,Engaging,2017-09-10,5
ST-011807,T94JAB4C,Vicki Laflamme,Engaging,Won,2017-11-22,73
ST-011808,8YOOE8I5,Violet Mclelland,Prospecting,Engaging,2017-09-10,21
ST-011809,8YOOE8I5,Violet Mclelland,Engaging,Lost,2017-11-24,75
ST-011810,8G2OTKLL,Violet Mclelland,Prospecting,Engaging,2017-09-10,29
ST-011811,8G2OTKLL,Violet Mclelland,Engaging,Won,2017-09-27,17
ST-011812,LOHJU3OB,Zane Levy,Prospecting,Engaging,2017-09-10,10
ST-011813,LW0Z6TMR,Anna Snelling,Prospecting,Engaging,2017-09-11,11
ST-011814,LW0Z6TMR,Anna Snelling,Engaging,Lost,2017-09-13,2
ST-011815,R3NAMX4P,Anna Snelling,Prospecting,Engaging,2017-09-11,16
ST-011816,R3NAMX4P,Anna Snelling,Engaging,Lost,2017-11-14,64
ST-011817,VYJ20GOM,Anna Snelling,Prospecting,Engaging,2017-09-11,15
ST-011818,VYJ20GOM,Anna Snelling,Engaging,Won,2017-11-17,67
ST-011819,GIWI7CWJ,Boris Faz,Prospecting,Engaging,2017-09-11,17
ST-011820,GIWI7CWJ,Boris Faz,Engaging,Won,2017-12-30,110
ST-011821,VTO3SNNX,Cassey Cress,Prospecting,Engaging,2017-09-11,23
ST-011822,VTO3SNNX,Cassey Cress,Engaging,Won,2017-09-21,10
ST-011823,OVPNOM6O,Cecily Lampkin,Prospecting,Engaging,2017-09-11,15
ST-011824,OVPNOM6O,Cecily Lampkin,Engaging,Won,2017-12-04,84
ST-011825,0558PJL2,Corliss Cosme,Prospecting,Engaging,2017-09-11,16
ST-011826,JB60NPU9,Corliss Cosme,Prospecting,Engaging,2017-09-11,13
ST-011827,6KM4E0V1,Darcel Schlecht,Prospecting,Engaging,2017-09-11,3
ST-011828,6KM4E0V1,Darcel Schlecht,Engaging,Lost,2017-11-19,69
ST-011829,QWIPE5FB,Darcel Schlecht,Prospecting,Engaging,2017-09-11,15
ST-011830,QWIPE5FB,Darcel Schlecht,Engaging,Lost,2017-11-14,64
ST-011831,BZPU6P5P,Garret Kinder,Prospecting,Engaging,2017-09-11,24
ST-011832,BZPU6P5P,Garret Kinder,Engaging,Lost,2017-12-23,103
ST-011833,ZCFAVNF3,Gladys Colclough,Prospecting,Engaging,2017-09-11,6
ST-011834,ZCFAVNF3,Gladys Colclough,Engaging,Won,2017-09-20,9
ST-011835,77IBMLTB,James Ascencio,Prospecting,Engaging,2017-09-11,20
ST-011836,RDMKSDT0,Kami Bicknell,Prospecting,Engaging,2017-09-11,3
ST-011837,RDMKSDT0,Kami Bicknell,Engaging,Won,2017-12-10,90
ST-011838,QPCY8RU0,Kary Hendrixson,Prospecting,Engaging,2017-09-11,23
ST-011839,QPCY8RU0,Kary Hendrixson,Engaging,Lost,2017-11-24,74
ST-011840,Y93GK95W,Markita Hansen,Prospecting,Engaging,2017-09-11,26
ST-011841,Y93GK95W,Markita Hansen,Engaging,Won,2017-09-21,10
ST-011842,ZPB5KNCD,Maureen Marcano,Prospecting,Engaging,2017-09-11,22
ST-011843,ZPB5KNCD,Maureen Marcano,Engaging,Lost,2017-09-28,17
ST-011844,ZDAJ4PFJ,Moses Frase,Prospecting,Engaging,2017-09-11,5
ST-011845,ZDAJ4PFJ,Moses Frase,Engaging,Won,2017-12-03,83
ST-011846,7VHJG9J1,Reed Clapper,Prospecting,Engaging,2017-09-11,27
ST-011847,7VHJG9J1,Reed Clapper,Engaging,Lost,2017-12-28,108
ST-011848,S2XTTF3B,Rosalina Dieter,Prospecting,Engaging,2017-09-11,26
ST-011849,8XY5IA68,Rosie Papadopoulos,Prospecting,Engaging,2017-09-11,21
ST-011850,EHPG1PNC,Violet Mclelland,Prospecting,Engaging,2017-09-11,4
ST-011851,EHPG1PNC,Violet Mclelland,Engaging,Won,2017-12-18,98
ST-011852,RKOQZJZR,Zane Levy,Prospecting,Engaging,2017-09-11,25
ST-011853,3CJMQNT0,Zane Levy,Prospecting,Engaging,2017-09-11,30
ST-011854,3CJMQNT0,Zane Levy,Engaging,Lost,2017-11-14,64
ST-011855,1MTLDVU8,Zane Levy,Prospecting,Engaging,2017-09-11,5
ST-011856,1MTLDVU8,Zane Levy,Engaging,Won,2017-09-19,8
ST-011857,4Z7LYTKN,Anna Snelling,Prospecting,Engaging,2017-09-12,14
ST-011858,4Z7LYTKN,Anna Snelling,Engaging,Lost,2017-12-06,85
ST-011859,MX0QEMEB,Anna Snelling,Prospecting,Engaging,2017-09-12,19
ST-011860,MX0QEMEB,Anna Snelling,Engaging,Lost,2017-11-27,76
ST-011861,Y25T06D2,Anna Snelling,Prospecting,Engaging,2017-09-12,6
ST-011862,Y25T06D2,Anna Snelling,Engaging,Won,2017-12-26,105
ST-011863,JY5LPMSJ,Boris Faz,Prospecting,Engaging,2017-09-12,12
ST-011864,JY5LPMSJ,Boris Faz,Engaging,Lost,2017-09-19,7
ST-011865,8V5OCDHN,Cassey Cress,Prospecting,Engaging,2017-09-12,28
ST-011866,YND6FAFG,Corliss Cosme,Prospecting,Engaging,2017-09-12,24
ST-011867,YND6FAFG,Corliss Cosme,Engaging,Lost,2017-12-01,80
ST-011868,D4PEXI47,Darcel Schlecht,Prospecting,Engaging,2017-09-12,12
ST-011869,D4PEXI47,Darcel Schlecht,Engaging,Lost,2017-11-15,64
ST-011870,WRSA8PVU,Darcel Schlecht,Prospecting,Engaging,2017-09-12,22
ST-011871,WRSA8PVU,Darcel Schlecht,Engaging,Won,2017-12-16,95
ST-011872,965CJ4YG,Darcel Schlecht,Prospecting,Engaging,2017-09-12,5
ST-011873,965CJ4YG,Darcel Schlecht,Engaging,Won,2017-12-03,82
ST-011874,ML5QMJPM,Garret Kinder,Prospecting,Engaging,2017-09-12,12
ST-011875,ML5QMJPM,Garret Kinder,Engaging,Won,2017-12-05,84
ST-011876,EWEW7ZMQ,Garret Kinder,Prospecting,Engaging,2017-09-12,27
ST-011877,EWEW7ZMQ,Garret Kinder,Engaging,Won,2017-11-16,65
ST-011878,JY8W2PKW,Gladys Colclough,Prospecting,Engaging,2017-09-12,17
ST-011879,JY8W2PKW,Gladys Colclough,Engaging,Lost,2017-12-15,94
ST-011880,JFBWABB1,Hayden Neloms,Prospecting,Engaging,2017-09-12,15
ST-011881,JFBWABB1,Hayden Neloms,Engaging,Won,2017-11-26,75
ST-011882,A0Z6FYRO,Jonathan Berthelot,Prospecting,Engaging,2017-09-12,15
ST-011883,A0Z6FYRO,Jonathan Berthelot,Engaging,Won,2017-09-19,7
ST-011884,51AC0Q99,Jonathan Berthelot,Prospecting,Engaging,2017-09-12,29
ST-011885,51AC0Q99,Jonathan Berthelot,Engaging,Won,2017-12-16,95
ST-011886,897MKBP9,Jonathan Berthelot,Prospecting,Engaging,2017-09-12,24
ST-011887,897MKBP9,Jonathan Berthelot,Engaging,Won,2017-12-18,97
ST-011888,Y5IRSKVA,Jonathan Berthelot,Prospecting,Engaging,2017-09-12,3
ST-011889,Y5IRSKVA,Jonathan Berthelot,Engaging,Won,2017-12-25,104
ST-011890,QS440NN9,Kary Hendrixson,Prospecting,Engaging,2017-09-12,18
ST-011891,QS440NN9,Kary Hendrixson,Engaging,Won,2017-11-30,79
ST-011892,JOKH5C6I,Kary Hendrixson,Prospecting,Engaging,2017-09-12,8
ST-011893,JOKH5C6I,Kary Hendrixson,Engaging,Won,2017-11-21,70
ST-011894,1MZ8GDLF,Marty Freudenburg,Prospecting,Engaging,2017-09-12,20
ST-011895,1MZ8GDLF,Marty Freudenburg,Engaging,Won,2017-09-21,9
ST-011896,64SDWSQH,Maureen Marcano,Prospecting,Engaging,2017-09-12,10
ST-011897,64SDWSQH,Maureen Marcano,Engaging,Won,2017-09-20,8
ST-011898,XS7CNY5H,Reed Clapper,Prospecting,Engaging,2017-09-12,7
ST-011899,XS7CNY5H,Reed Clapper,Engaging,Lost,2017-09-20,8
ST-011900,U0SS8E43,Reed Clapper,Prospecting,Engaging,2017-09-12,26
ST-011901,U0SS8E43,Reed Clapper,Engaging,Lost,2017-12-18,97
ST-011902,2MH79C2B,Versie Hillebrand,Prospecting,Engaging,2017-09-12,15
ST-011903,2MH79C2B,Versie Hillebrand,Engaging,Won,2017-09-26,14
ST-011904,3YZFYEMI,Versie Hillebrand,Prospecting,Engaging,2017-09-12,28
ST-011905,3YZFYEMI,Versie Hillebrand,Engaging,Won,2017-12-09,88
ST-011906,I35REHYN,Vicki Laflamme,Prospecting,Engaging,2017-09-12,28
ST-011907,Y3AAS62P,Vicki Laflamme,Prospecting,Engaging,2017-09-12,30
ST-011908,BPPV8ZSB,Vicki Laflamme,Prospecting,Engaging,2017-09-12,20
ST-011909,BPPV8ZSB,Vicki Laflamme,Engaging,Lost,2017-11-01,50
ST-011910,3NC5XSDF,Violet Mclelland,Prospecting,Engaging,2017-09-12,12
ST-011911,DRJG2FVR,Violet Mclelland,Prospecting,Engaging,2017-09-12,23
ST-011912,DRJG2FVR,Violet Mclelland,Engaging,Lost,2017-09-15,3
ST-011913,SWXO4J19,Zane Levy,Prospecting,Engaging,2017-09-12,7
ST-011914,SWXO4J19,Zane Levy,Engaging,Won,2017-11-20,69
ST-011915,07DPEL0B,Anna Snelling,Prospecting,Engaging,2017-09-13,12
ST-011916,07DPEL0B,Anna Snelling,Engaging,Won,2017-11-25,73
ST-011917,5X3TSUA9,Cassey Cress,Prospecting,Engaging,2017-09-13,24
ST-011918,7GDRCAJR,Cassey Cress,Prospecting,Engaging,2017-09-13,28
ST-011919,7GDRCAJR,Cassey Cress,Engaging,Won,2017-09-24,11
ST-011920,EJ8YBRD3,Corliss Cosme,Prospecting,Engaging,2017-09-13,30
ST-011921,EJ8YBRD3,Corliss Cosme,Engaging,Lost,2017-11-03,51
ST-011922,G7HADWB0,Corliss Cosme,Prospecting,Engaging,2017-09-13,26
ST-011923,G7HADWB0,Corliss Cosme,Engaging,Won,2017-09-18,5
ST-011924,9DY57A6F,Daniell Hammack,Prospecting,Engaging,2017-09-13,23
ST-011925,M3IFAMV2,Donn Cantrell,Prospecting,Engaging,2017-09-13,14
ST-011926,M3IFAMV2,Donn Cantrell,Engaging,Lost,2017-11-29,77
ST-011927,65AT4VFM,Elease Gluck,Prospecting,Engaging,2017-09-13,3
ST-011928,65AT4VFM,Elease Gluck,Engaging,Lost,2017-09-19,6
ST-011929,H6SE0L31,Gladys Colclough,Prospecting,Engaging,2017-09-13,20
ST-011930,H6SE0L31,Gladys Colclough,Engaging,Won,2017-09-29,16
ST-011931,ZQC7YA4X,Kami Bicknell,Prospecting,Engaging,2017-09-13,30
ST-011932,ZQC7YA4X,Kami Bicknell,Engaging,Lost,2017-11-17,65
ST-011933,J9V49YC3,Kary Hendrixson,Prospecting,Engaging,2017-09-13,20
ST-011934,J9V49YC3,Kary Hendrixson,Engaging,Won,2017-12-12,90
ST-011935,H3ZS0FBT,Marty Freudenburg,Prospecting,Engaging,2017-09-13,7
ST-011936,H3ZS0FBT,Marty Freudenburg,Engaging,Won,2017-11-21,69
ST-011937,GIIHTQGY,Maureen Marcano,Prospecting,Engaging,2017-09-13,6
ST-011938,GIIHTQGY,Maureen Marcano,Engaging,Won,2017-11-16,64
ST-011939,0LTBCZHI,Niesha Huffines,Prospecting,Engaging,2017-09-13,4
ST-011940,0LTBCZHI,Niesha Huffines,Engaging,Won,2017-11-30,78
ST-011941,8U0BUWUQ,Reed Clapper,Prospecting,Engaging,2017-09-13,3
ST-011942,8U0BUWUQ,Reed Clapper,Engaging,Won,2017-12-14,92
ST-011943,ROD5WJDM,Reed Clapper,Prospecting,Engaging,2017-09-13,21
ST-011944,ROD5WJDM,Reed Clapper,Engaging,Won,2017-12-14,92
ST-011945,86GSJWQW,Rosalina Dieter,Prospecting,Engaging,2017-09-13,22
ST-011946,86GSJWQW,Rosalina Dieter,Engaging,Won,2017-11-30,78
ST-011947,EQ0PLA0O,Vicki Laflamme,Prospecting,Engaging,2017-09-13,15
ST-011948,B7BT5DB8,Vicki Laflamme,Prospecting,Engaging,2017-09-13,20
ST-011949,B7BT5DB8,Vicki Laflamme,Engaging,Won,2017-11-29,77
ST-011950,NJTWATVH,Zane Levy,Prospecting,Engaging,2017-09-13,20
ST-011951,NJTWATVH,Zane Levy,Engaging,Won,2017-09-21,8
ST-011952,ZLIQCT7V,Zane Levy,Prospecting,Engaging,2017-09-13,5
ST-011953,ZLIQCT7V,Zane Levy,Engaging,Won,2017-12-06,84
ST-011954,0U0GUDIX,Anna Snelling,Prospecting,Engaging,2017-09-14,12
ST-011955,0U0GUDIX,Anna Snelling,Engaging,Won,2017-09-18,4
ST-011956,MN4ZHCUZ,Cassey Cress,Prospecting,Engaging,2017-09-14,9
ST-011957,MN4ZHCUZ,Cassey Cress,Engaging,Won,2017-11-23,70
ST-011958,06H63NKF,Darcel Schlecht,Prospecting,Engaging,2017-09-14,26
ST-011959,06H63NKF,Darcel Schlecht,Engaging,Lost,2017-11-20,67
ST-011960,GBRQN296,Donn Cantrell,Prospecting,Engaging,2017-09-14,26
ST-011961,GBRQN296,Donn Cantrell,Engaging,Won,2017-12-17,94
ST-011962,RBHXB5V5,Hayden Neloms,Prospecting,Engaging,2017-09-14,26
ST-011963,RBHXB5V5,Hayden Neloms,Engaging,Lost,2017-11-27,74
ST-011964,59O0CDJE,James Ascencio,Prospecting,Engaging,2017-09-14,14
ST-011965,59O0CDJE,James Ascencio,Engaging,Won,2017-12-20,97
ST-011966,RU9Y6GR1,James Ascencio,Prospecting,Engaging,2017-09-14,9
ST-011967,RU9Y6GR1,James Ascencio,Engaging,Won,2017-12-10,87
ST-011968,GIZAD3ZN,James Ascencio,Prospecting,Engaging,2017-09-14,16
ST-011969,GIZAD3ZN,James Ascencio,Engaging,Won,2017-12-07,84
ST-011970,6CXJOT2A,Kami Bicknell,Prospecting,Engaging,2017-09-14,23
ST-011971,6CXJOT2A,Kami Bicknell,Engaging,Won,2017-09-16,2
ST-011972,Y9NTV3K5,Kami Bicknell,Prospecting,Engaging,2017-09-14,30
ST-011973,Y9NTV3K5,Kami Bicknell,Engaging,Won,2017-09-23,9
ST-011974,GPVQIS5U,Kary Hendrixson,Prospecting,Engaging,2017-09-14,19
ST-011975,GPVQIS5U,Kary Hendrixson,Engaging,Lost,2017-09-30,16
ST-011976,LI9RCAQ6,Kary Hendrixson,Prospecting,Engaging,2017-09-14,7
ST-011977,LI9RCAQ6,Kary Hendrixson,Engaging,Won,2017-11-01,48
ST-011978,DT8SWPLT,Lajuana Vencill,Prospecting,Engaging,2017-09-14,8
ST-011979,DT8SWPLT,Lajuana Vencill,Engaging,Won,2017-12-12,89
ST-011980,URRBXP0V,Lajuana Vencill,Prospecting,Engaging,2017-09-14,8
ST-011981,URRBXP0V,Lajuana Vencill,Engaging,Won,2017-11-08,55
ST-011982,CNAQ6R7T,Marty Freudenburg,Prospecting,Engaging,2017-09-14,10
ST-011983,CNAQ6R7T,Marty Freudenburg,Engaging,Won,2017-12-14,91
ST-011984,VRWH3YJV,Maureen Marcano,Prospecting,Engaging,2017-09-14,22
ST-011985,FBYWCLLS,Reed Clapper,Prospecting,Engaging,2017-09-14,29
ST-011986,FBYWCLLS,Reed Clapper,Engaging,Lost,2017-09-28,14
ST-011987,ZJAIST7C,Rosie Papadopoulos,Prospecting,Engaging,2017-09-14,11
ST-011988,ZJAIST7C,Rosie Papadopoulos,Engaging,Won,2017-12-31,108
ST-011989,8EQRW9H5,Versie Hillebrand,Prospecting,Engaging,2017-09-14,9
ST-011990,8EQRW9H5,Versie Hillebrand,Engaging,Lost,2017-11-29,76
ST-011991,F0KWRLK1,Vicki Laflamme,Prospecting,Engaging,2017-09-14,6
ST-011992,F0KWRLK1,Vicki Laflamme,Engaging,Won,2017-11-15,62
ST-011993,JBECEURV,Zane Levy,Prospecting,Engaging,2017-09-14,8
ST-011994,HHP6R0IX,Zane Levy,Prospecting,Engaging,2017-09-14,24
ST-011995,HHP6R0IX,Zane Levy,Engaging,Won,2017-11-05,52
ST-011996,XMRZQ8PR,Zane Levy,Prospecting,Engaging,2017-09-14,28
ST-011997,XMRZQ8PR,Zane Levy,Engaging,Won,2017-09-25,11
ST-011998,ER0U0TOC,Corliss Cosme,Prospecting,Engaging,2017-09-15,21
ST-011999,77JIGDNZ,Daniell Hammack,Prospecting,Engaging,2017-09-15,30
ST-012000,77JIGDNZ,Daniell Hammack,Engaging,Lost,2017-12-07,83
ST-012001,DK6L8Y0Y,Daniell Hammack,Prospecting,Engaging,2017-09-15,4
ST-012002,DK6L8Y0Y,Daniell Hammack,Engaging,Won,2017-09-29,14
ST-012003,KA6SVT1C,Darcel Schlecht,Prospecting,Engaging,2017-09-15,30
ST-012004,KA6SVT1C,Darcel Schlecht,Engaging,Lost,2017-11-16,62
ST-012005,8ARRIREI,Darcel Schlecht,Prospecting,Engaging,2017-09-15,27
ST-012006,8ARRIREI,Darcel Schlecht,Engaging,Won,2017-12-09,85
ST-012007,W3LRLMKP,Gladys Colclough,Prospecting,Engaging,2017-09-15,20
ST-012008,W3LRLMKP,Gladys Colclough,Engaging,Won,2017-12-19,95
ST-012009,HQKUH8XA,Markita Hansen,Prospecting,Engaging,2017-09-15,17
ST-012010,HQKUH8XA,Markita Hansen,Engaging,Lost,2017-12-27,103
ST-012011,6R6T68GL,Markita Hansen,Prospecting,Engaging,2017-09-15,23
ST-012012,6R6T68GL,Markita Hansen,Engaging,Won,2017-12-09,85
ST-012013,PGT70Q4T,Markita Hansen,Prospecting,Engaging,2017-09-15,20
ST-012014,PGT70Q4T,Markita Hansen,Engaging,Won,2017-12-01,77
ST-012015,24K085JJ,Maureen Marcano,Prospecting,Engaging,2017-09-15,5
ST-012016,EMORZ8R8,Maureen Marcano,Prospecting,Engaging,2017-09-15,12
ST-012017,EMORZ8R8,Maureen Marcano,Engaging,Won,2017-09-30,15
ST-012018,V6RULHFZ,Vicki Laflamme,Prospecting,Engaging,2017-09-15,24
ST-012019,V6RULHFZ,Vicki Laflamme,Engaging,Lost,2017-12-30,106
ST-012020,NBBIFIKB,Wilburn Farren,Prospecting,Engaging,2017-09-15,5
ST-012021,GRYWAPXY,Zane Levy,Prospecting,Engaging,2017-09-15,11
ST-012022,GRYWAPXY,Zane Levy,Engaging,Won,2017-11-07,53
ST-012023,ZIEI8JM3,Anna Snelling,Prospecting,Engaging,2017-09-16,6
ST-012024,ZIEI8JM3,Anna Snelling,Engaging,Won,2017-12-07,82
ST-012025,QDYFLOZW,Anna Snelling,Prospecting,Engaging,2017-09-16,9
ST-012026,QDYFLOZW,Anna Snelling,Engaging,Won,2017-09-23,7
ST-012027,55YURJ2E,Anna Snelling,Prospecting,Engaging,2017-09-16,26
ST-012028,55YURJ2E,Anna Snelling,Engaging,Won,2017-12-30,105
ST-012029,R6Q5JOLX,Cassey Cress,Prospecting,Engaging,2017-09-16,21
ST-012030,1PORK6E3,Cassey Cress,Prospecting,Engaging,2017-09-16,18
ST-012031,1PORK6E3,Cassey Cress,Engaging,Won,2017-09-27,11
ST-012032,ENDKZ399,Corliss Cosme,Prospecting,Engaging,2017-09-16,13
ST-012033,ENDKZ399,Corliss Cosme,Engaging,Won,2017-09-24,8
ST-012034,VSNI41WQ,Daniell Hammack,Prospecting,Engaging,2017-09-16,14
ST-012035,VSNI41WQ,Daniell Hammack,Engaging,Lost,2017-11-30,75
ST-012036,87KZX1UX,Darcel Schlecht,Prospecting,Engaging,2017-09-16,7
ST-012037,87KZX1UX,Darcel Schlecht,Engaging,Won,2017-11-25,70
ST-012038,PLRBC69J,Darcel Schlecht,Prospecting,Engaging,2017-09-16,24
ST-012039,PLRBC69J,Darcel Schlecht,Engaging,Won,2017-09-26,10
ST-012040,RZB6Q4FX,Donn Cantrell,Prospecting,Engaging,2017-09-16,23
ST-012041,RZB6Q4FX,Donn Cantrell,Engaging,Won,2017-09-21,5
ST-012042,ASK5U1TD,Donn Cantrell,Prospecting,Engaging,2017-09-16,10
ST-012043,ASK5U1TD,Donn Cantrell,Engaging,Won,2017-11-22,67
ST-012044,T49Q4GWU,Donn Cantrell,Prospecting,Engaging,2017-09-16,6
ST-012045,T49Q4GWU,Donn Cantrell,Engaging,Won,2017-12-25,100
ST-012046,JJ17IHID,Garret Kinder,Prospecting,Engaging,2017-09-16,12
ST-012047,JJ17IHID,Garret Kinder,Engaging,Won,2017-11-24,69
ST-012048,311WKUHC,James Ascencio,Prospecting,Engaging,2017-09-16,22
ST-012049,311WKUHC,James Ascencio,Engaging,Lost,2017-11-13,58
ST-012050,JG1CD65M,James Ascencio,Prospecting,Engaging,2017-09-16,5
ST-012051,JG1CD65M,James Ascencio,Engaging,Won,2017-09-18,2
ST-012052,YIK15TLW,James Ascencio,Prospecting,Engaging,2017-09-16,9
ST-012053,YIK15TLW,James Ascencio,Engaging,Won,2017-11-10,55
ST-012054,RYJPSM6D,Jonathan Berthelot,Prospecting,Engaging,2017-09-16,13
ST-012055,RYJPSM6D,Jonathan Berthelot,Engaging,Lost,2017-11-19,64
ST-012056,ZQK0JTVN,Jonathan Berthelot,Prospecting,Engaging,2017-09-16,18
ST-012057,ZQK0JTVN,Jonathan Berthelot,Engaging,Lost,2017-11-26,71
ST-012058,FB7OTAMV,Jonathan Berthelot,Prospecting,Engaging,2017-09-16,17
ST-012059,FB7OTAMV,Jonathan Berthelot,Engaging,Lost,2017-12-22,97
ST-012060,JZD1QDWA,Lajuana Vencill,Prospecting,Engaging,2017-09-16,13
ST-012061,JZD1QDWA,Lajuana Vencill,Engaging,Lost,2017-12-06,81
ST-012062,LOSUVU4T,Markita Hansen,Prospecting,Engaging,2017-09-16,22
ST-012063,LOSUVU4T,Markita Hansen,Engaging,Lost,2017-12-09,84
ST-012064,85LVQ6PB,Markita Hansen,Prospecting,Engaging,2017-09-16,24
ST-012065,85LVQ6PB,Markita Hansen,Engaging,Won,2017-12-15,90
ST-012066,02ILGBRB,Moses Frase,Prospecting,Engaging,2017-09-16,12
ST-012067,02ILGBRB,Moses Frase,Engaging,Lost,2017-11-21,66
ST-012068,ZFIT4XWO,Moses Frase,Prospecting,Engaging,2017-09-16,25
ST-012069,ZFIT4XWO,Moses Frase,Engaging,Won,2017-12-05,80
ST-012070,XH69FGJJ,Niesha Huffines,Prospecting,Engaging,2017-09-16,21
ST-012071,XH69FGJJ,Niesha Huffines,Engaging,Won,2017-11-19,64
ST-012072,JU2PPGP6,Reed Clapper,Prospecting,Engaging,2017-09-16,7
ST-012073,JU2PPGP6,Reed Clapper,Engaging,Lost,2017-09-26,10
ST-012074,S8Y9AAWC,Rosalina Dieter,Prospecting,Engaging,2017-09-16,21
ST-012075,S8Y9AAWC,Rosalina Dieter,Engaging,Won,2017-12-08,83
ST-012076,I2DLJ6C3,Rosie Papadopoulos,Prospecting,Engaging,2017-09-16,21
ST-012077,I2DLJ6C3,Rosie Papadopoulos,Engaging,Won,2017-11-27,72
ST-012078,DY8DMZZ9,Vicki Laflamme,Prospecting,Engaging,2017-09-16,14
ST-012079,VEZ8OX88,Vicki Laflamme,Prospecting,Engaging,2017-09-16,28
ST-012080,VEZ8OX88,Vicki Laflamme,Engaging,Lost,2017-11-19,64
ST-012081,M3QL68T6,Vicki Laflamme,Prospecting,Engaging,2017-09-16,13
ST-012082,M3QL68T6,Vicki Laflamme,Engaging,Won,2017-12-04,79
ST-012083,Q3K6K5V9,Vicki Laflamme,Prospecting,Engaging,2017-09-16,16
ST-012084,Q3K6K5V9,Vicki Laflamme,Engaging,Won,2017-12-26,101
ST-012085,PEGFPDVU,Violet Mclelland,Prospecting,Engaging,2017-09-16,8
ST-012086,PEGFPDVU,Violet Mclelland,Engaging,Won,2017-09-30,14
ST-012087,NFT2Z7MM,Zane Levy,Prospecting,Engaging,2017-09-16,3
ST-012088,NFT2Z7MM,Zane Levy,Engaging,Lost,2017-11-18,63
ST-012089,YC2GBK89,Zane Levy,Prospecting,Engaging,2017-09-16,13
ST-012090,YC2GBK89,Zane Levy,Engaging,Lost,2017-11-12,57
ST-012091,U008ILBM,Zane Levy,Prospecting,Engaging,2017-09-16,10
ST-012092,U008ILBM,Zane Levy,Engaging,Lost,2017-11-26,71
ST-012093,VA0I9SDD,Zane Levy,Prospecting,Engaging,2017-09-16,28
ST-012094,VA0I9SDD,Zane Levy,Engaging,Won,2017-09-27,11
ST-012095,KQ83VL8T,Boris Faz,Prospecting,Engaging,2017-09-17,10
ST-012096,41HHBQRT,Cassey Cress,Prospecting,Engaging,2017-09-17,25
ST-012097,41HHBQRT,Cassey Cress,Engaging,Lost,2017-12-13,87
ST-012098,T6BHNN1O,Cecily Lampkin,Prospecting,Engaging,2017-09-17,26
ST-012099,T6BHNN1O,Cecily Lampkin,Engaging,Lost,2017-11-13,57
ST-012100,S8DOH11H,Corliss Cosme,Prospecting,Engaging,2017-09-17,23
ST-012101,S8DOH11H,Corliss Cosme,Engaging,Lost,2017-11-14,58
ST-012102,F8F6MA24,Corliss Cosme,Prospecting,Engaging,2017-09-17,16
ST-012103,F8F6MA24,Corliss Cosme,Engaging,Won,2017-12-19,93
ST-012104,ZXXWIGFR,Darcel Schlecht,Prospecting,Engaging,2017-09-17,11
ST-012105,ZXXWIGFR,Darcel Schlecht,Engaging,Lost,2017-12-02,76
ST-012106,L7CFCOR6,Darcel Schlecht,Prospecting,Engaging,2017-09-17,29
ST-012107,L7CFCOR6,Darcel Schlecht,Engaging,Won,2017-11-28,72
ST-012108,AAUTJ747,Darcel Schlecht,Prospecting,Engaging,2017-09-17,14
ST-012109,AAUTJ747,Darcel Schlecht,Engaging,Won,2017-12-11,85
ST-012110,X7VUR49L,Donn Cantrell,Prospecting,Engaging,2017-09-17,7
ST-012111,X7VUR49L,Donn Cantrell,Engaging,Won,2017-09-26,9
ST-012112,U7L0IZLB,James Ascencio,Prospecting,Engaging,2017-09-17,24
ST-012113,U7L0IZLB,James Ascencio,Engaging,Lost,2017-11-26,70
ST-012114,PAQ6EKHB,Kami Bicknell,Prospecting,Engaging,2017-09-17,26
ST-012115,THNEGVH2,Kary Hendrixson,Prospecting,Engaging,2017-09-17,13
ST-012116,THNEGVH2,Kary Hendrixson,Engaging,Won,2017-11-14,58
ST-012117,D1ANNMSO,Lajuana Vencill,Prospecting,Engaging,2017-09-17,18
ST-012118,D1ANNMSO,Lajuana Vencill,Engaging,Won,2017-11-19,63
ST-012119,LMVQ6B9P,Lajuana Vencill,Prospecting,Engaging,2017-09-17,17
ST-012120,LMVQ6B9P,Lajuana Vencill,Engaging,Won,2017-11-18,62
ST-012121,OQBVGILR,Markita Hansen,Prospecting,Engaging,2017-09-17,17
ST-012122,OQBVGILR,Markita Hansen,Engaging,Won,2017-12-16,90
ST-012123,8LA72RM8,Maureen Marcano,Prospecting,Engaging,2017-09-17,14
ST-012124,7IZQJIPA,Maureen Marcano,Prospecting,Engaging,2017-09-17,27
ST-012125,7IZQJIPA,Maureen Marcano,Engaging,Won,2017-12-27,101
ST-012126,7AH7F190,Reed Clapper,Prospecting,Engaging,2017-09-17,12
ST-012127,7AH7F190,Reed Clapper,Engaging,Lost,2017-11-27,71
ST-012128,ME0LMBYL,Reed Clapper,Prospecting,Engaging,2017-09-17,18
ST-012129,ME0LMBYL,Reed Clapper,Engaging,Lost,2017-12-21,95
ST-012130,KODTODAA,Reed Clapper,Prospecting,Engaging,2017-09-17,20
ST-012131,KODTODAA,Reed Clapper,Engaging,Lost,2017-11-12,56
ST-012132,RENW2N0H,Reed Clapper,Prospecting,Engaging,2017-09-17,6
ST-012133,RENW2N0H,Reed Clapper,Engaging,Won,2017-11-19,63
ST-012134,9F407X6U,Rosalina Dieter,Prospecting,Engaging,2017-09-17,8
ST-012135,9F407X6U,Rosalina Dieter,Engaging,Won,2017-12-02,76
ST-012136,S0MZHYQC,Zane Levy,Prospecting,Engaging,2017-09-17,23
ST-012137,S0MZHYQC,Zane Levy,Engaging,Won,2017-09-27,10
ST-012138,HP9TUR60,Daniell Hammack,Prospecting,Engaging,2017-09-18,22
ST-012139,HP9TUR60,Daniell Hammack,Engaging,Won,2017-12-24,97
ST-012140,P4PKECH7,Darcel Schlecht,Prospecting,Engaging,2017-09-18,5
ST-012141,P4PKECH7,Darcel Schlecht,Engaging,Lost,2017-09-24,6
ST-012142,USL5PZ4O,Darcel Schlecht,Prospecting,Engaging,2017-09-18,29
ST-012143,USL5PZ4O,Darcel Schlecht,Engaging,Won,2017-12-06,79
ST-012144,3DM5SSI5,Darcel Schlecht,Prospecting,Engaging,2017-09-18,11
ST-012145,3DM5SSI5,Darcel Schlecht,Engaging,Won,2017-11-05,48
ST-012146,D40ALWGC,Donn Cantrell,Prospecting,Engaging,2017-09-18,30
ST-012147,D40ALWGC,Donn Cantrell,Engaging,Lost,2017-09-28,10
ST-012148,524QUXI2,Donn Cantrell,Prospecting,Engaging,2017-09-18,29
ST-012149,524QUXI2,Donn Cantrell,Engaging,Lost,2017-11-26,69
ST-012150,8W35TVOQ,Hayden Neloms,Prospecting,Engaging,2017-09-18,7
ST-012151,8W35TVOQ,Hayden Neloms,Engaging,Won,2017-12-02,75
ST-012152,UU7N7LZK,James Ascencio,Prospecting,Engaging,2017-09-18,20
ST-012153,3D6LLPA1,Jonathan Berthelot,Prospecting,Engaging,2017-09-18,9
ST-012154,3D6LLPA1,Jonathan Berthelot,Engaging,Lost,2017-12-05,78
ST-012155,58QZ1YGK,Jonathan Berthelot,Prospecting,Engaging,2017-09-18,11
ST-012156,58QZ1YGK,Jonathan Berthelot,Engaging,Won,2017-09-27,9
ST-012157,OU42AWAE,Kami Bicknell,Prospecting,Engaging,2017-09-18,26
ST-012158,OU42AWAE,Kami Bicknell,Engaging,Won,2017-11-22,65
ST-012159,ZBDT3T2H,Kary Hendrixson,Prospecting,Engaging,2017-09-18,23
ST-012160,OJOJPNL6,Kary Hendrixson,Prospecting,Engaging,2017-09-18,5
ST-012161,OJOJPNL6,Kary Hendrixson,Engaging,Lost,2017-11-21,64
ST-012162,MENKE9IV,Kary Hendrixson,Prospecting,Engaging,2017-09-18,26
ST-012163,MENKE9IV,Kary Hendrixson,Engaging,Won,2017-11-30,73
ST-012164,PXSDIDXO,Lajuana Vencill,Prospecting,Engaging,2017-09-18,5
ST-012165,PXSDIDXO,Lajuana Vencill,Engaging,Lost,2017-11-11,54
ST-012166,5PIJNVMB,Lajuana Vencill,Prospecting,Engaging,2017-09-18,3
ST-012167,5PIJNVMB,Lajuana Vencill,Engaging,Won,2017-11-17,60
ST-012168,WSO3NMK5,Maureen Marcano,Prospecting,Engaging,2017-09-18,30
ST-012169,ZLFKHXXI,Moses Frase,Prospecting,Engaging,2017-09-18,19
ST-012170,ZLFKHXXI,Moses Frase,Engaging,Won,2017-12-25,98
ST-012171,WIDRX5N6,Niesha Huffines,Prospecting,Engaging,2017-09-18,23
ST-012172,WIDRX5N6,Niesha Huffines,Engaging,Won,2017-12-23,96
ST-012173,HJLKGIH4,Reed Clapper,Prospecting,Engaging,2017-09-18,3
ST-012174,HJLKGIH4,Reed Clapper,Engaging,Lost,2017-12-04,77
ST-012175,DF6A63B7,Reed Clapper,Prospecting,Engaging,2017-09-18,29
ST-012176,DF6A63B7,Reed Clapper,Engaging,Lost,2017-12-20,93
ST-012177,T2EM55FZ,Rosie Papadopoulos,Prospecting,Engaging,2017-09-18,21
ST-012178,T2EM55FZ,Rosie Papadopoulos,Engaging,Won,2017-11-15,58
ST-012179,KDQL1O1A,Vicki Laflamme,Prospecting,Engaging,2017-09-18,21
ST-012180,KDQL1O1A,Vicki Laflamme,Engaging,Lost,2017-11-05,48
ST-012181,01XZ9CRY,Zane Levy,Prospecting,Engaging,2017-09-18,15
ST-012182,HJY0TQ7X,Zane Levy,Prospecting,Engaging,2017-09-18,27
ST-012183,75HKH8PS,Anna Snelling,Prospecting,Engaging,2017-09-19,21
ST-012184,75HKH8PS,Anna Snelling,Engaging,Lost,2017-09-30,11
ST-012185,NK2CHYT1,Cecily Lampkin,Prospecting,Engaging,2017-09-19,9
ST-012186,NK2CHYT1,Cecily Lampkin,Engaging,Lost,2017-11-08,50
ST-012187,A7OVC1WK,Corliss Cosme,Prospecting,Engaging,2017-09-19,4
ST-012188,0WGAPLOI,Darcel Schlecht,Prospecting,Engaging,2017-09-19,20
ST-012189,0WGAPLOI,Darcel Schlecht,Engaging,Won,2017-12-07,79
ST-012190,GXPA5D3A,Darcel Schlecht,Prospecting,Engaging,2017-09-19,11
ST-012191,GXPA5D3A,Darcel Schlecht,Engaging,Won,2017-09-29,10
ST-012192,8598PVIX,Elease Gluck,Prospecting,Engaging,2017-09-19,20
ST-012193,8598PVIX,Elease Gluck,Engaging,Won,2017-11-11,53
ST-012194,VKM2BCMV,Jonathan Berthelot,Prospecting,Engaging,2017-09-19,20
ST-012195,VKM2BCMV,Jonathan Berthelot,Engaging,Won,2017-09-25,6
ST-012196,9N7LHW38,Kami Bicknell,Prospecting,Engaging,2017-09-19,18
ST-012197,9N7LHW38,Kami Bicknell,Engaging,Lost,2017-09-29,10
ST-012198,BKMYW792,Kami Bicknell,Prospecting,Engaging,2017-09-19,23
ST-012199,BKMYW792,Kami Bicknell,Engaging,Lost,2017-11-27,69
ST-012200,3IBBBGM4,Kary Hendrixson,Prospecting,Engaging,2017-09-19,27
ST-012201,3IBBBGM4,Kary Hendrixson,Engaging,Won,2017-11-18,60
ST-012202,T32P6LSX,Lajuana Vencill,Prospecting,Engaging,2017-09-19,7
ST-012203,T32P6LSX,Lajuana Vencill,Engaging,Won,2017-12-16,88
ST-012204,B944EMXZ,Marty Freudenburg,Prospecting,Engaging,2017-09-19,14
ST-012205,B944EMXZ,Marty Freudenburg,Engaging,Lost,2017-11-23,65
ST-012206,DOY7VMYB,Marty Freudenburg,Prospecting,Engaging,2017-09-19,15
ST-012207,DOY7VMYB,Marty Freudenburg,Engaging,Lost,2017-11-10,52
ST-012208,QXWLE549,Marty Freudenburg,Prospecting,Engaging,2017-09-19,10
ST-012209,QXWLE549,Marty Freudenburg,Engaging,Won,2017-11-17,59
ST-012210,V1SX6HOD,Maureen Marcano,Prospecting,Engaging,2017-09-19,27
ST-012211,R0R0V2O5,Maureen Marcano,Prospecting,Engaging,2017-09-19,21
ST-012212,R0R0V2O5,Maureen Marcano,Engaging,Won,2017-12-09,81
ST-012213,D3O1PCMO,Niesha Huffines,Prospecting,Engaging,2017-09-19,26
ST-012214,D3O1PCMO,Niesha Huffines,Engaging,Won,2017-12-04,76
ST-012215,G53492IF,Reed Clapper,Prospecting,Engaging,2017-09-19,30
ST-012216,G53492IF,Reed Clapper,Engaging,Won,2017-09-24,5
ST-012217,WVKBXWA9,Rosie Papadopoulos,Prospecting,Engaging,2017-09-19,12
ST-012218,KUH39HQ7,Versie Hillebrand,Prospecting,Engaging,2017-09-19,7
ST-012219,KUH39HQ7,Versie Hillebrand,Engaging,Lost,2017-09-22,3
ST-012220,RW6QS352,Versie Hillebrand,Prospecting,Engaging,2017-09-19,17
ST-012221,RW6QS352,Versie Hillebrand,Engaging,Won,2017-12-31,103
ST-012222,1374WYJG,Violet Mclelland,Prospecting,Engaging,2017-09-19,19
ST-012223,1374WYJG,Violet Mclelland,Engaging,Won,2017-12-31,103
ST-012224,1T8R8X79,Zane Levy,Prospecting,Engaging,2017-09-19,19
ST-012225,1T8R8X79,Zane Levy,Engaging,Won,2017-11-19,61
ST-012226,PSMWYTMB,Boris Faz,Prospecting,Engaging,2017-09-20,5
ST-012227,0ZXS3AIR,Boris Faz,Prospecting,Engaging,2017-09-20,15
ST-012228,0ZXS3AIR,Boris Faz,Engaging,Won,2017-12-26,97
ST-012229,SBTVPORC,Corliss Cosme,Prospecting,Engaging,2017-09-20,14
ST-012230,SBTVPORC,Corliss Cosme,Engaging,Won,2017-09-29,9
ST-012231,XZKZYO55,Daniell Hammack,Prospecting,Engaging,2017-09-20,19
ST-012232,XZKZYO55,Daniell Hammack,Engaging,Won,2017-12-16,87
ST-012233,AMCOSQZC,Darcel Schlecht,Prospecting,Engaging,2017-09-20,3
ST-012234,AMCOSQZC,Darcel Schlecht,Engaging,Won,2017-12-18,89
ST-012235,6C2CJX31,Donn Cantrell,Prospecting,Engaging,2017-09-20,24
ST-012236,6C2CJX31,Donn Cantrell,Engaging,Lost,2017-12-23,94
ST-012237,NRK892VX,Elease Gluck,Prospecting,Engaging,2017-09-20,10
ST-012238,5F1RM2YM,Elease Gluck,Prospecting,Engaging,2017-09-20,30
ST-012239,VQQR3OUI,Elease Gluck,Prospecting,Engaging,2017-09-20,28
ST-012240,VQQR3OUI,Elease Gluck,Engaging,Won,2017-12-31,102
ST-012241,UWYFOEMO,Hayden Neloms,Prospecting,Engaging,2017-09-20,22
ST-012242,UWYFOEMO,Hayden Neloms,Engaging,Won,2017-09-26,6
ST-012243,ZXNHUYCM,James Ascencio,Prospecting,Engaging,2017-09-20,24
ST-012244,ZXNHUYCM,James Ascencio,Engaging,Lost,2017-10-01,11
ST-012245,KHG4UMKP,James Ascencio,Prospecting,Engaging,2017-09-20,8
ST-012246,KHG4UMKP,James Ascencio,Engaging,Won,2017-11-24,65
ST-012247,5R7N3RKQ,Jonathan Berthelot,Prospecting,Engaging,2017-09-20,27
ST-012248,5R7N3RKQ,Jonathan Berthelot,Engaging,Won,2017-09-30,10
ST-012249,197EQMY8,Kami Bicknell,Prospecting,Engaging,2017-09-20,19
ST-012250,TEM0I59X,Kami Bicknell,Prospecting,Engaging,2017-09-20,7
ST-012251,TEM0I59X,Kami Bicknell,Engaging,Won,2017-12-09,80
ST-012252,1WPZ1MCO,Markita Hansen,Prospecting,Engaging,2017-09-20,17
ST-012253,1WPZ1MCO,Markita Hansen,Engaging,Won,2017-09-29,9
ST-012254,1AQKM7VU,Markita Hansen,Prospecting,Engaging,2017-09-20,8
ST-012255,1AQKM7VU,Markita Hansen,Engaging,Won,2017-11-24,65
ST-012256,VTVYSUZG,Moses Frase,Prospecting,Engaging,2017-09-20,8
ST-012257,VTVYSUZG,Moses Frase,Engaging,Won,2017-12-28,99
ST-012258,61IKUAZI,Rosalina Dieter,Prospecting,Engaging,2017-09-20,21
ST-012259,6ZSAKAHX,Rosalina Dieter,Prospecting,Engaging,2017-09-20,21
ST-012260,6ZSAKAHX,Rosalina Dieter,Engaging,Won,2017-12-22,93
ST-012261,D9MZMDOL,Vicki Laflamme,Prospecting,Engaging,2017-09-20,24
ST-012262,2FM8HJDM,Vicki Laflamme,Prospecting,Engaging,2017-09-20,30
ST-012263,7TIWLFZD,Vicki Laflamme,Prospecting,Engaging,2017-09-20,7
ST-012264,7TIWLFZD,Vicki Laflamme,Engaging,Won,2017-10-01,11
ST-012265,HXRF96S3,Vicki Laflamme,Prospecting,Engaging,2017-09-20,26
ST-012266,HXRF96S3,Vicki Laflamme,Engaging,Won,2017-12-15,86
ST-012267,WTEAOER0,Violet Mclelland,Prospecting,Engaging,2017-09-20,26
ST-012268,WTEAOER0,Violet Mclelland,Engaging,Won,2017-12-14,85
ST-012269,T8LSQO2S,Wilburn Farren,Prospecting,Engaging,2017-09-20,18
ST-012270,T8LSQO2S,Wilburn Farren,Engaging,Lost,2017-11-24,65
ST-012271,4R4QF0ZU,Zane Levy,Prospecting,Engaging,2017-09-20,14
ST-012272,ABMOVF1A,Anna Snelling,Prospecting,Engaging,2017-09-21,4
ST-012273,ABMOVF1A,Anna Snelling,Engaging,Won,2017-09-30,9
ST-012274,Q2GK9IT2,Boris Faz,Prospecting,Engaging,2017-09-21,10
ST-012275,Q2GK9IT2,Boris Faz,Engaging,Lost,2017-12-02,72
ST-012276,J0WKJLR6,Cassey Cress,Prospecting,Engaging,2017-09-21,27
ST-012277,J0WKJLR6,Cassey Cress,Engaging,Won,2017-11-21,61
ST-012278,B1D3HP8V,Corliss Cosme,Prospecting,Engaging,2017-09-21,18
ST-012279,B1D3HP8V,Corliss Cosme,Engaging,Lost,2017-11-22,62
ST-012280,QHP95ULI,Corliss Cosme,Prospecting,Engaging,2017-09-21,10
ST-012281,QHP95ULI,Corliss Cosme,Engaging,Lost,2017-09-25,4
ST-012282,OAMR9KPA,Corliss Cosme,Prospecting,Engaging,2017-09-21,5
ST-012283,OAMR9KPA,Corliss Cosme,Engaging,Won,2017-12-21,91
ST-012284,IDKBZCAF,Daniell Hammack,Prospecting,Engaging,2017-09-21,11
ST-012285,0GRGY09E,Darcel Schlecht,Prospecting,Engaging,2017-09-21,14
ST-012286,0GRGY09E,Darcel Schlecht,Engaging,Lost,2017-11-25,65
ST-012287,MP9PICCD,Darcel Schlecht,Prospecting,Engaging,2017-09-21,10
ST-012288,MP9PICCD,Darcel Schlecht,Engaging,Won,2017-12-30,100
ST-012289,F34QYKQJ,Donn Cantrell,Prospecting,Engaging,2017-09-21,4
ST-012290,F34QYKQJ,Donn Cantrell,Engaging,Lost,2017-11-30,70
ST-012291,DHJ8KOUV,Gladys Colclough,Prospecting,Engaging,2017-09-21,24
ST-012292,DHJ8KOUV,Gladys Colclough,Engaging,Won,2017-12-05,75
ST-012293,JYNYK957,James Ascencio,Prospecting,Engaging,2017-09-21,9
ST-012294,JYNYK957,James Ascencio,Engaging,Won,2017-12-02,72
ST-012295,NOLWR5EX,Kami Bicknell,Prospecting,Engaging,2017-09-21,19
ST-012296,NOLWR5EX,Kami Bicknell,Engaging,Lost,2017-10-02,11
ST-012297,BUHR2X8U,Kary Hendrixson,Prospecting,Engaging,2017-09-21,28
ST-012298,BUHR2X8U,Kary Hendrixson,Engaging,Won,2017-12-30,100
ST-012299,4OPFJFRO,Kary Hendrixson,Prospecting,Engaging,2017-09-21,14
ST-012300,4OPFJFRO,Kary Hendrixson,Engaging,Won,2017-11-14,54
ST-012301,MLV2QDU6,Lajuana Vencill,Prospecting,Engaging,2017-09-21,15
ST-012302,MLV2QDU6,Lajuana Vencill,Engaging,Won,2017-11-26,66
ST-012303,V7T9ZP6C,Markita Hansen,Prospecting,Engaging,2017-09-21,18
ST-012304,V7T9ZP6C,Markita Hansen,Engaging,Won,2017-10-01,10
ST-012305,WYS1XI44,Marty Freudenburg,Prospecting,Engaging,2017-09-21,17
ST-012306,WYS1XI44,Marty Freudenburg,Engaging,Won,2017-09-27,6
ST-012307,C3HN12Z8,Maureen Marcano,Prospecting,Engaging,2017-09-21,4
ST-012308,C3HN12Z8,Maureen Marcano,Engaging,Lost,2017-10-03,12
ST-012309,YCQXHVMZ,Reed Clapper,Prospecting,Engaging,2017-09-21,4
ST-012310,YCQXHVMZ,Reed Clapper,Engaging,Won,2017-12-22,92
ST-012311,4PLSG7A3,Versie Hillebrand,Prospecting,Engaging,2017-09-21,23
ST-012312,4PLSG7A3,Versie Hillebrand,Engaging,Won,2017-12-12,82
ST-012313,ZD772DU8,Vicki Laflamme,Prospecting,Engaging,2017-09-21,13
ST-012314,ZD772DU8,Vicki Laflamme,Engaging,Lost,2017-12-03,73
ST-012315,2KVQ5Z4M,Wilburn Farren,Prospecting,Engaging,2017-09-21,6
ST-012316,2KVQ5Z4M,Wilburn Farren,Engaging,Lost,2017-11-29,69
ST-012317,U6LLSWEN,Cassey Cress,Prospecting,Engaging,2017-09-22,25
ST-012318,U6LLSWEN,Cassey Cress,Engaging,Lost,2017-11-27,66
ST-012319,RVQTWBKE,Cassey Cress,Prospecting,Engaging,2017-09-22,19
ST-012320,RVQTWBKE,Cassey Cress,Engaging,Lost,2017-11-24,63
ST-012321,BWPBMVQH,Corliss Cosme,Prospecting,Engaging,2017-09-22,23
ST-012322,BWPBMVQH,Corliss Cosme,Engaging,Lost,2017-11-29,68
ST-012323,LFI3BGEE,Daniell Hammack,Prospecting,Engaging,2017-09-22,29
ST-012324,YPSXMDRH,Daniell Hammack,Prospecting,Engaging,2017-09-22,11
ST-012325,YPSXMDRH,Daniell Hammack,Engaging,Won,2017-12-23,92
ST-012326,Q46QSEGT,Darcel Schlecht,Prospecting,Engaging,2017-09-22,29
ST-012327,Q46QSEGT,Darcel Schlecht,Engaging,Lost,2017-10-03,11
ST-012328,DT0ZJ9Z2,Darcel Schlecht,Prospecting,Engaging,2017-09-22,26
ST-012329,DT0ZJ9Z2,Darcel Schlecht,Engaging,Won,2017-12-24,93
ST-012330,55ZNV61S,Donn Cantrell,Prospecting,Engaging,2017-09-22,11
ST-012331,55ZNV61S,Donn Cantrell,Engaging,Lost,2017-10-04,12
ST-012332,6PQS93V2,Donn Cantrell,Prospecting,Engaging,2017-09-22,21
ST-012333,6PQS93V2,Donn Cantrell,Engaging,Won,2017-10-04,12
ST-012334,1LHU0876,Elease Gluck,Prospecting,Engaging,2017-09-22,20
ST-012335,V929BUUS,Gladys Colclough,Prospecting,Engaging,2017-09-22,21
ST-012336,V929BUUS,Gladys Colclough,Engaging,Lost,2017-12-21,90
ST-012337,LDYYOH6W,Gladys Colclough,Prospecting,Engaging,2017-09-22,8
ST-012338,LDYYOH6W,Gladys Colclough,Engaging,Won,2017-11-24,63
ST-012339,4MFY8UXP,Gladys Colclough,Prospecting,Engaging,2017-09-22,15
ST-012340,4MFY8UXP,Gladys Colclough,Engaging,Won,2017-12-14,83
ST-012341,EBJMZ5VE,James Ascencio,Prospecting,Engaging,2017-09-22,23
ST-012342,EBJMZ5VE,James Ascencio,Engaging,Won,2017-10-02,10
ST-012343,CMXOTVL7,Jonathan Berthelot,Prospecting,Engaging,2017-09-22,15
ST-012344,CMXOTVL7,Jonathan Berthelot,Engaging,Won,2017-10-02,10
ST-012345,9XF2B7RS,Kami Bicknell,Prospecting,Engaging,2017-09-22,14
ST-012346,9XF2B7RS,Kami Bicknell,Engaging,Won,2017-09-28,6
ST-012347,WHV85GOQ,Kary Hendrixson,Prospecting,Engaging,2017-09-22,21
ST-012348,WHV85GOQ,Kary Hendrixson,Engaging,Lost,2017-11-28,67
ST-012349,MXJAH0R5,Maureen Marcano,Prospecting,Engaging,2017-09-22,23
ST-012350,MXJAH0R5,Maureen Marcano,Engaging,Lost,2017-11-28,67
ST-012351,OXW7DBDT,Rosalina Dieter,Prospecting,Engaging,2017-09-22,29
ST-012352,OXW7DBDT,Rosalina Dieter,Engaging,Lost,2017-11-02,41
ST-012353,W5EGDYPK,Rosalina Dieter,Prospecting,Engaging,2017-09-22,5
ST-012354,W5EGDYPK,Rosalina Dieter,Engaging,Won,2017-10-01,9
ST-012355,C13104YM,Versie Hillebrand,Prospecting,Engaging,2017-09-22,19
ST-012356,C13104YM,Versie Hillebrand,Engaging,Lost,2017-12-16,85
ST-012357,1GA3AFTX,Versie Hillebrand,Prospecting,Engaging,2017-09-22,11
ST-012358,1GA3AFTX,Versie Hillebrand,Engaging,Lost,2017-12-12,81
ST-012359,389D515R,Versie Hillebrand,Prospecting,Engaging,2017-09-22,15
ST-012360,389D515R,Versie Hillebrand,Engaging,Won,2017-10-01,9
ST-012361,2751GWVC,Vicki Laflamme,Prospecting,Engaging,2017-09-22,10
ST-012362,2751GWVC,Vicki Laflamme,Engaging,Won,2017-11-18,57
ST-012363,0UFUDIYT,Vicki Laflamme,Prospecting,Engaging,2017-09-22,19
ST-012364,0UFUDIYT,Vicki Laflamme,Engaging,Won,2017-11-22,61
ST-012365,Y3QBGJLM,Vicki Laflamme,Prospecting,Engaging,2017-09-22,15
ST-012366,Y3QBGJLM,Vicki Laflamme,Engaging,Won,2017-12-30,99
ST-012367,O7U4I96P,Vicki Laflamme,Prospecting,Engaging,2017-09-22,14
ST-012368,O7U4I96P,Vicki Laflamme,Engaging,Won,2017-09-29,7
ST-012369,Q0R3ZBNT,Wilburn Farren,Prospecting,Engaging,2017-09-22,29
ST-012370,Q0R3ZBNT,Wilburn Farren,Engaging,Won,2017-11-08,47
ST-012371,FGUWP1NF,Boris Faz,Prospecting,Engaging,2017-09-23,30
ST-012372,FGUWP1NF,Boris Faz,Engaging,Lost,2017-10-05,12
ST-012373,DH8R6PK5,Darcel Schlecht,Prospecting,Engaging,2017-09-23,14
ST-012374,DH8R6PK5,Darcel Schlecht,Engaging,Lost,2017-12-12,80
ST-012375,ZKFWTRRT,Darcel Schlecht,Prospecting,Engaging,2017-09-23,18
ST-012376,ZKFWTRRT,Darcel Schlecht,Engaging,Won,2017-09-30,7
ST-012377,941SDVVZ,Darcel Schlecht,Prospecting,Engaging,2017-09-23,28
ST-012378,941SDVVZ,Darcel Schlecht,Engaging,Won,2017-10-02,9
ST-012379,ODINSHYF,Gladys Colclough,Prospecting,Engaging,2017-09-23,18
ST-012380,ODINSHYF,Gladys Colclough,Engaging,Lost,2017-10-01,8
ST-012381,0TICPBMF,Gladys Colclough,Prospecting,Engaging,2017-09-23,22
ST-012382,0TICPBMF,Gladys Colclough,Engaging,Won,2017-09-27,4
ST-012383,WANX7LM0,Gladys Colclough,Prospecting,Engaging,2017-09-23,3
ST-012384,WANX7LM0,Gladys Colclough,Engaging,Won,2017-12-29,97
ST-012385,9F2MDA5R,Hayden Neloms,Prospecting,Engaging,2017-09-23,19
ST-012386,9F2MDA5R,Hayden Neloms,Engaging,Won,2017-09-25,2
ST-012387,JUKJ3RAB,Jonathan Berthelot,Prospecting,Engaging,2017-09-23,7
ST-012388,JUKJ3RAB,Jonathan Berthelot,Engaging,Lost,2017-10-05,12
ST-012389,YD3D41E0,Jonathan Berthelot,Prospecting,Engaging,2017-09-23,17
ST-012390,YD3D41E0,Jonathan Berthelot,Engaging,Won,2017-10-02,9
ST-012391,K2NPVZL8,Kami Bicknell,Prospecting,Engaging,2017-09-23,8
ST-012392,7FLPKZN7,Kami Bicknell,Prospecting,Engaging,2017-09-23,10
ST-012393,RX8711KI,Kami Bicknell,Prospecting,Engaging,2017-09-23,5
ST-012394,RX8711KI,Kami Bicknell,Engaging,Won,2017-12-24,92
ST-012395,F3BJAMUL,Kami Bicknell,Prospecting,Engaging,2017-09-23,19
ST-012396,F3BJAMUL,Kami Bicknell,Engaging,Won,2017-11-19,57
ST-012397,HZS2YVRN,Kary Hendrixson,Prospecting,Engaging,2017-09-23,23
ST-012398,HZS2YVRN,Kary Hendrixson,Engaging,Won,2017-10-01,8
ST-012399,W3B077GY,Lajuana Vencill,Prospecting,Engaging,2017-09-23,11
ST-012400,W3B077GY,Lajuana Vencill,Engaging,Lost,2017-11-07,45
ST-012401,MGR0TSPK,Lajuana Vencill,Prospecting,Engaging,2017-09-23,9
ST-012402,MGR0TSPK,Lajuana Vencill,Engaging,Won,2017-11-27,65
ST-012403,TEF07JM6,Markita Hansen,Prospecting,Engaging,2017-09-23,7
ST-012404,TEF07JM6,Markita Hansen,Engaging,Lost,2017-10-02,9
ST-012405,N8SVXI48,Maureen Marcano,Prospecting,Engaging,2017-09-23,8
ST-012406,N8SVXI48,Maureen Marcano,Engaging,Lost,2017-11-14,52
ST-012407,VG1WQW88,Maureen Marcano,Prospecting,Engaging,2017-09-23,8
ST-012408,VG1WQW88,Maureen Marcano,Engaging,Lost,2017-11-06,44
ST-012409,MEKVHSCB,Moses Frase,Prospecting,Engaging,2017-09-23,14
ST-012410,MEKVHSCB,Moses Frase,Engaging,Lost,2017-11-27,65
ST-012411,PBJ62FC3,Rosie Papadopoulos,Prospecting,Engaging,2017-09-23,22
ST-012412,PBJ62FC3,Rosie Papadopoulos,Engaging,Lost,2017-10-05,12
ST-012413,3Q15OHQB,Vicki Laflamme,Prospecting,Engaging,2017-09-23,25
ST-012414,O04P1WN6,Vicki Laflamme,Prospecting,Engaging,2017-09-23,29
ST-012415,O04P1WN6,Vicki Laflamme,Engaging,Won,2017-12-17,85
ST-012416,600FP406,Violet Mclelland,Prospecting,Engaging,2017-09-23,6
ST-012417,600FP406,Violet Mclelland,Engaging,Won,2017-10-02,9
ST-012418,2EFTTOAV,Zane Levy,Prospecting,Engaging,2017-09-23,24
ST-012419,2EFTTOAV,Zane Levy,Engaging,Won,2017-10-01,8
ST-012420,DDXFIBEY,Anna Snelling,Prospecting,Engaging,2017-09-24,10
ST-012421,DDXFIBEY,Anna Snelling,Engaging,Lost,2017-11-23,60
ST-012422,5BRWXIU3,Anna Snelling,Prospecting,Engaging,2017-09-24,16
ST-012423,5BRWXIU3,Anna Snelling,Engaging,Lost,2017-11-27,64
ST-012424,WN9ZY701,Boris Faz,Prospecting,Engaging,2017-09-24,28
ST-012425,WN9ZY701,Boris Faz,Engaging,Lost,2017-12-14,81
ST-012426,DA8D04ED,Cecily Lampkin,Prospecting,Engaging,2017-09-24,13
ST-012427,DA8D04ED,Cecily Lampkin,Engaging,Lost,2017-10-04,10
ST-012428,WLQC2XK4,Cecily Lampkin,Prospecting,Engaging,2017-09-24,26
ST-012429,WLQC2XK4,Cecily Lampkin,Engaging,Won,2017-10-02,8
ST-012430,A4CVM3PM,Corliss Cosme,Prospecting,Engaging,2017-09-24,6
ST-012431,A4CVM3PM,Corliss Cosme,Engaging,Won,2017-12-27,94
ST-012432,CNLE5EJ2,Daniell Hammack,Prospecting,Engaging,2017-09-24,18
ST-012433,CNLE5EJ2,Daniell Hammack,Engaging,Won,2017-10-05,11
ST-012434,D3HUUVPL,Daniell Hammack,Prospecting,Engaging,2017-09-24,24
ST-012435,D3HUUVPL,Daniell Hammack,Engaging,Won,2017-12-04,71
ST-012436,2UNDAQZ2,Darcel Schlecht,Prospecting,Engaging,2017-09-24,18
ST-012437,2UNDAQZ2,Darcel Schlecht,Engaging,Lost,2017-10-04,10
ST-012438,R2E45IQ8,Darcel Schlecht,Prospecting,Engaging,2017-09-24,18
ST-012439,R2E45IQ8,Darcel Schlecht,Engaging,Won,2017-10-03,9
ST-012440,UX0H8B3W,Donn Cantrell,Prospecting,Engaging,2017-09-24,9
ST-012441,UX0H8B3W,Donn Cantrell,Engaging,Lost,2017-11-16,53
ST-012442,VM0A3057,James Ascencio,Prospecting,Engaging,2017-09-24,21
ST-012443,VM0A3057,James Ascencio,Engaging,Won,2017-10-03,9
ST-012444,DX9CCI9C,Kary Hendrixson,Prospecting,Engaging,2017-09-24,8
ST-012445,DX9CCI9C,Kary Hendrixson,Engaging,Lost,2017-12-19,86
ST-012446,8SE1W979,Lajuana Vencill,Prospecting,Engaging,2017-09-24,23
ST-012447,8SE1W979,Lajuana Vencill,Engaging,Lost,2017-10-02,8
ST-012448,L6AOARQ9,Lajuana Vencill,Prospecting,Engaging,2017-09-24,29
ST-012449,L6AOARQ9,Lajuana Vencill,Engaging,Won,2017-12-21,88
ST-012450,I83GQQHA,Markita Hansen,Prospecting,Engaging,2017-09-24,16
ST-012451,I83GQQHA,Markita Hansen,Engaging,Lost,2017-10-05,11
ST-012452,10984DDU,Moses Frase,Prospecting,Engaging,2017-09-24,3
ST-012453,10984DDU,Moses Frase,Engaging,Won,2017-12-28,95
ST-012454,JQVW0KJV,Versie Hillebrand,Prospecting,Engaging,2017-09-24,10
ST-012455,JQVW0KJV,Versie Hillebrand,Engaging,Lost,2017-11-09,46
ST-012456,UWZHNMR4,Vicki Laflamme,Prospecting,Engaging,2017-09-24,4
ST-012457,UWZHNMR4,Vicki Laflamme,Engaging,Won,2017-11-26,63
ST-012458,TRET6F45,Vicki Laflamme,Prospecting,Engaging,2017-09-24,7
ST-012459,TRET6F45,Vicki Laflamme,Engaging,Won,2017-12-26,93
ST-012460,8DDC9RLE,Vicki Laflamme,Prospecting,Engaging,2017-09-24,21
ST-012461,8DDC9RLE,Vicki Laflamme,Engaging,Won,2017-12-15,82
ST-012462,TFGYLK6C,Anna Snelling,Prospecting,Engaging,2017-09-25,21
ST-012463,TFGYLK6C,Anna Snelling,Engaging,Lost,2017-10-04,9
ST-012464,4YXXI2OI,Anna Snelling,Prospecting,Engaging,2017-09-25,8
ST-012465,4YXXI2OI,Anna Snelling,Engaging,Won,2017-12-18,84
ST-012466,3C7A75LH,Cassey Cress,Prospecting,Engaging,2017-09-25,7
ST-012467,3C7A75LH,Cassey Cress,Engaging,Won,2017-09-27,2
ST-012468,02LUGFJS,Cassey Cress,Prospecting,Engaging,2017-09-25,23
ST-012469,02LUGFJS,Cassey Cress,Engaging,Won,2017-09-28,3
ST-012470,KPF0GREK,Cassey Cress,Prospecting,Engaging,2017-09-25,19
ST-012471,KPF0GREK,Cassey Cress,Engaging,Won,2017-12-09,75
ST-012472,HEG2JK9Y,Daniell Hammack,Prospecting,Engaging,2017-09-25,4
ST-012473,HEG2JK9Y,Daniell Hammack,Engaging,Lost,2017-10-03,8
ST-012474,1ZCAL93A,Darcel Schlecht,Prospecting,Engaging,2017-09-25,21
ST-012475,1ZCAL93A,Darcel Schlecht,Engaging,Lost,2017-10-04,9
ST-012476,5NW6HK74,Elease Gluck,Prospecting,Engaging,2017-09-25,7
ST-012477,5NW6HK74,Elease Gluck,Engaging,Lost,2017-10-04,9
ST-012478,EJVD09HQ,James Ascencio,Prospecting,Engaging,2017-09-25,4
ST-012479,7WFASDCZ,Jonathan Berthelot,Prospecting,Engaging,2017-09-25,8
ST-012480,7WFASDCZ,Jonathan Berthelot,Engaging,Lost,2017-10-03,8
ST-012481,7XNX75LI,Jonathan Berthelot,Prospecting,Engaging,2017-09-25,11
ST-012482,7XNX75LI,Jonathan Berthelot,Engaging,Lost,2017-12-08,74
ST-012483,RAUWH0GP,Kami Bicknell,Prospecting,Engaging,2017-09-25,8
ST-012484,RAUWH0GP,Kami Bicknell,Engaging,Won,2017-11-27,63
ST-012485,I86I0TJG,Kary Hendrixson,Prospecting,Engaging,2017-09-25,19
ST-012486,I86I0TJG,Kary Hendrixson,Engaging,Won,2017-11-13,49
ST-012487,TFW3KAYZ,Kary Hendrixson,Prospecting,Engaging,2017-09-25,15
ST-012488,TFW3KAYZ,Kary Hendrixson,Engaging,Won,2017-11-12,48
ST-012489,9NH8ACMQ,Marty Freudenburg,Prospecting,Engaging,2017-09-25,22
ST-012490,9NH8ACMQ,Marty Freudenburg,Engaging,Lost,2017-10-04,9
ST-012491,86KARIC1,Maureen Marcano,Prospecting,Engaging,2017-09-25,21
ST-012492,86KARIC1,Maureen Marcano,Engaging,Lost,2017-10-03,8
ST-012493,N2SLAOZR,Moses Frase,Prospecting,Engaging,2017-09-25,23
ST-012494,N2SLAOZR,Moses Frase,Engaging,Lost,2017-10-04,9
ST-012495,02TUKBP3,Moses Frase,Prospecting,Engaging,2017-09-25,3
ST-012496,02TUKBP3,Moses Frase,Engaging,Lost,2017-11-30,66
ST-012497,KU0YOR3J,Niesha Huffines,Prospecting,Engaging,2017-09-25,26
ST-012498,KU0YOR3J,Niesha Huffines,Engaging,Won,2017-10-04,9
ST-012499,BRGJCWO1,Niesha Huffines,Prospecting,Engaging,2017-09-25,26
ST-012500,BRGJCWO1,Niesha Huffines,Engaging,Won,2017-11-28,64
ST-012501,IEIZU3TY,Reed Clapper,Prospecting,Engaging,2017-09-25,24
ST-012502,IEIZU3TY,Reed Clapper,Engaging,Lost,2017-12-24,90
ST-012503,P8QXRXMR,Rosalina Dieter,Prospecting,Engaging,2017-09-25,29
ST-012504,35KZ6QTP,Rosalina Dieter,Prospecting,Engaging,2017-09-25,12
ST-012505,35KZ6QTP,Rosalina Dieter,Engaging,Lost,2017-10-03,8
ST-012506,V5ZP09PO,Versie Hillebrand,Prospecting,Engaging,2017-09-25,5
ST-012507,V5ZP09PO,Versie Hillebrand,Engaging,Lost,2017-10-03,8
ST-012508,VKB9RFJT,Versie Hillebrand,Prospecting,Engaging,2017-09-25,9
ST-012509,VKB9RFJT,Versie Hillebrand,Engaging,Won,2017-11-20,56
ST-012510,Y9HHGGOQ,Versie Hillebrand,Prospecting,Engaging,2017-09-25,17
ST-012511,Y9HHGGOQ,Versie Hillebrand,Engaging,Won,2017-10-04,9
ST-012512,H3AEZ2BZ,Vicki Laflamme,Prospecting,Engaging,2017-09-25,22
ST-012513,H3AEZ2BZ,Vicki Laflamme,Engaging,Lost,2017-10-05,10
ST-012514,LUXAXNBV,Wilburn Farren,Prospecting,Engaging,2017-09-25,18
ST-012515,LUXAXNBV,Wilburn Farren,Engaging,Won,2017-12-09,75
ST-012516,0XBMBVFP,Zane Levy,Prospecting,Engaging,2017-09-25,30
ST-012517,0XBMBVFP,Zane Levy,Engaging,Won,2017-10-04,9
ST-012518,8KIMVD15,Anna Snelling,Prospecting,Engaging,2017-09-26,18
ST-012519,8KIMVD15,Anna Snelling,Engaging,Lost,2017-10-06,10
ST-012520,Q06QD8ZW,Anna Snelling,Prospecting,Engaging,2017-09-26,8
ST-012521,Q06QD8ZW,Anna Snelling,Engaging,Won,2017-11-03,38
ST-012522,0SD3OBQI,Boris Faz,Prospecting,Engaging,2017-09-26,10
ST-012523,0SD3OBQI,Boris Faz,Engaging,Lost,2017-11-06,41
ST-012524,YKZFQT7K,Cassey Cress,Prospecting,Engaging,2017-09-26,29
ST-012525,YKZFQT7K,Cassey Cress,Engaging,Lost,2017-10-05,9
ST-012526,I25J5M7W,Cassey Cress,Prospecting,Engaging,2017-09-26,16
ST-012527,I25J5M7W,Cassey Cress,Engaging,Lost,2017-09-28,2
ST-012528,B2Z4BB5U,Cecily Lampkin,Prospecting,Engaging,2017-09-26,22
ST-012529,B2Z4BB5U,Cecily Lampkin,Engaging,Lost,2017-10-06,10
ST-012530,87ZXBDQS,Cecily Lampkin,Prospecting,Engaging,2017-09-26,7
ST-012531,87ZXBDQS,Cecily Lampkin,Engaging,Lost,2017-10-07,11
ST-012532,3LYVAV6P,Cecily Lampkin,Prospecting,Engaging,2017-09-26,28
ST-012533,3LYVAV6P,Cecily Lampkin,Engaging,Won,2017-10-03,7
ST-012534,G7QIQDSA,Corliss Cosme,Prospecting,Engaging,2017-09-26,21
ST-012535,7I2O2ZCR,Corliss Cosme,Prospecting,Engaging,2017-09-26,29
ST-012536,7I2O2ZCR,Corliss Cosme,Engaging,Lost,2017-11-19,54
ST-012537,SUX7JFN7,Daniell Hammack,Prospecting,Engaging,2017-09-26,27
ST-012538,SUX7JFN7,Daniell Hammack,Engaging,Lost,2017-11-19,54
ST-012539,5DL7R4C3,Darcel Schlecht,Prospecting,Engaging,2017-09-26,8
ST-012540,5DL7R4C3,Darcel Schlecht,Engaging,Lost,2017-10-03,7
ST-012541,61ON3Y6O,Darcel Schlecht,Prospecting,Engaging,2017-09-26,22
ST-012542,61ON3Y6O,Darcel Schlecht,Engaging,Lost,2017-10-02,6
ST-012543,HOEKIDDI,Donn Cantrell,Prospecting,Engaging,2017-09-26,24
ST-012544,HOEKIDDI,Donn Cantrell,Engaging,Lost,2017-11-13,48
ST-012545,10YLM9VF,Elease Gluck,Prospecting,Engaging,2017-09-26,19
ST-012546,10YLM9VF,Elease Gluck,Engaging,Lost,2017-10-09,13
ST-012547,LN0DF2XI,Elease Gluck,Prospecting,Engaging,2017-09-26,11
ST-012548,LN0DF2XI,Elease Gluck,Engaging,Won,2017-11-27,62
ST-012549,ZNE0DAIF,Hayden Neloms,Prospecting,Engaging,2017-09-26,8
ST-012550,ZNE0DAIF,Hayden Neloms,Engaging,Lost,2017-11-24,59
ST-012551,DTCHPCBB,Hayden Neloms,Prospecting,Engaging,2017-09-26,26
ST-012552,DTCHPCBB,Hayden Neloms,Engaging,Won,2017-12-14,79
ST-012553,YID2GAED,James Ascencio,Prospecting,Engaging,2017-09-26,24
ST-012554,YID2GAED,James Ascencio,Engaging,Lost,2017-10-04,8
ST-012555,QFKL9UK2,Kary Hendrixson,Prospecting,Engaging,2017-09-26,13
ST-012556,QFKL9UK2,Kary Hendrixson,Engaging,Won,2017-10-05,9
ST-012557,MC3OSDV0,Kary Hendrixson,Prospecting,Engaging,2017-09-26,17
ST-012558,MC3OSDV0,Kary Hendrixson,Engaging,Won,2017-10-02,6
ST-012559,C7DOYN5Y,Lajuana Vencill,Prospecting,Engaging,2017-09-26,22
ST-012560,C7DOYN5Y,Lajuana Vencill,Engaging,Won,2017-12-25,90
ST-012561,JXUSPNPV,Markita Hansen,Prospecting,Engaging,2017-09-26,21
ST-012562,K79T6VNV,Markita Hansen,Prospecting,Engaging,2017-09-26,5
ST-012563,K79T6VNV,Markita Hansen,Engaging,Lost,2017-10-03,7
ST-012564,DX8R6PA4,Marty Freudenburg,Prospecting,Engaging,2017-09-26,10
ST-012565,DX8R6PA4,Marty Freudenburg,Engaging,Lost,2017-10-03,7
ST-012566,FZDD9758,Marty Freudenburg,Prospecting,Engaging,2017-09-26,15
ST-012567,FZDD9758,Marty Freudenburg,Engaging,Lost,2017-10-07,11
ST-012568,0SIFT5DE,Marty Freudenburg,Prospecting,Engaging,2017-09-26,15
ST-012569,0SIFT5DE,Marty Freudenburg,Engaging,Lost,2017-10-04,8
ST-012570,MZSCFJZS,Marty Freudenburg,Prospecting,Engaging,2017-09-26,7
ST-012571,MZSCFJZS,Marty Freudenburg,Engaging,Won,2017-10-07,11
ST-012572,D6X5T9D4,Maureen Marcano,Prospecting,Engaging,2017-09-26,6
ST-012573,D6X5T9D4,Maureen Marcano,Engaging,Lost,2017-10-05,9
ST-012574,69Z30MBF,Moses Frase,Prospecting,Engaging,2017-09-26,3
ST-012575,69Z30MBF,Moses Frase,Engaging,Won,2017-11-15,50
ST-012576,SH0BSL0Z,Moses Frase,Prospecting,Engaging,2017-09-26,9
ST-012577,SH0BSL0Z,Moses Frase,Engaging,Won,2017-12-24,89
ST-012578,Q5E0NILP,Reed Clapper,Prospecting,Engaging,2017-09-26,19
ST-012579,Q5E0NILP,Reed Clapper,Engaging,Won,2017-10-03,7
ST-012580,RFTDQJ0U,Rosie Papadopoulos,Prospecting,Engaging,2017-09-26,30
ST-012581,RFTDQJ0U,Rosie Papadopoulos,Engaging,Won,2017-10-01,5
ST-012582,76NU9866,Rosie Papadopoulos,Prospecting,Engaging,2017-09-26,19
ST-012583,76NU9866,Rosie Papadopoulos,Engaging,Won,2017-12-02,67
ST-012584,13O8NTOT,Violet Mclelland,Prospecting,Engaging,2017-09-26,24
ST-012585,13O8NTOT,Violet Mclelland,Engaging,Won,2017-11-30,65
ST-012586,AS3IYIRO,Anna Snelling,Prospecting,Engaging,2017-09-27,16
ST-012587,AS3IYIRO,Anna Snelling,Engaging,Won,2017-12-26,90
ST-012588,L1WPBDZG,Boris Faz,Prospecting,Engaging,2017-09-27,29
ST-012589,L1WPBDZG,Boris Faz,Engaging,Won,2017-12-12,76
ST-012590,QK98E62R,Cassey Cress,Prospecting,Engaging,2017-09-27,7
ST-012591,QK98E62R,Cassey Cress,Engaging,Won,2017-12-29,93
ST-012592,F9THW1PW,Corliss Cosme,Prospecting,Engaging,2017-09-27,22
ST-012593,F9THW1PW,Corliss Cosme,Engaging,Won,2017-10-05,8
ST-012594,LQJISQSD,Corliss Cosme,Prospecting,Engaging,2017-09-27,6
ST-012595,LQJISQSD,Corliss Cosme,Engaging,Won,2017-10-05,8
ST-012596,84SZ58S9,Daniell Hammack,Prospecting,Engaging,2017-09-27,8
ST-012597,84SZ58S9,Daniell Hammack,Engaging,Won,2017-10-04,7
ST-012598,Q5I9JWH7,Darcel Schlecht,Prospecting,Engaging,2017-09-27,18
ST-012599,Q5I9JWH7,Darcel Schlecht,Engaging,Lost,2017-10-02,5
ST-012600,6BSKCQCX,Darcel Schlecht,Prospecting,Engaging,2017-09-27,22
ST-012601,6BSKCQCX,Darcel Schlecht,Engaging,Won,2017-12-25,89
ST-012602,UKQD4DPD,Darcel Schlecht,Prospecting,Engaging,2017-09-27,22
ST-012603,UKQD4DPD,Darcel Schlecht,Engaging,Won,2017-11-13,47
ST-012604,SI874ZK5,Donn Cantrell,Prospecting,Engaging,2017-09-27,4
ST-012605,SI874ZK5,Donn Cantrell,Engaging,Lost,2017-10-06,9
ST-012606,6XP6FVMN,Elease Gluck,Prospecting,Engaging,2017-09-27,28
ST-012607,6XP6FVMN,Elease Gluck,Engaging,Won,2017-12-18,82
ST-012608,NDMEB0VG,Garret Kinder,Prospecting,Engaging,2017-09-27,20
ST-012609,NDMEB0VG,Garret Kinder,Engaging,Lost,2017-10-05,8
ST-012610,IGFQGZDK,Gladys Colclough,Prospecting,Engaging,2017-09-27,19
ST-012611,IGFQGZDK,Gladys Colclough,Engaging,Won,2017-12-08,72
ST-012612,Y2DLFFN6,Gladys Colclough,Prospecting,Engaging,2017-09-27,27
ST-012613,Y2DLFFN6,Gladys Colclough,Engaging,Won,2017-09-30,3
ST-012614,I6UCM2J9,Gladys Colclough,Prospecting,Engaging,2017-09-27,6
ST-012615,I6UCM2J9,Gladys Colclough,Engaging,Won,2017-10-05,8
ST-012616,PT0I4XSM,Hayden Neloms,Prospecting,Engaging,2017-09-27,5
ST-012617,PT0I4XSM,Hayden Neloms,Engaging,Won,2017-10-07,10
ST-012618,X718EF6Y,Hayden Neloms,Prospecting,Engaging,2017-09-27,18
ST-012619,X718EF6Y,Hayden Neloms,Engaging,Won,2017-10-04,7
ST-012620,FSYTM6YE,James Ascencio,Prospecting,Engaging,2017-09-27,24
ST-012621,VUAFV8SS,James Ascencio,Prospecting,Engaging,2017-09-27,7
ST-012622,VUAFV8SS,James Ascencio,Engaging,Won,2017-12-07,71
ST-012623,SXPV3WCV,Jonathan Berthelot,Prospecting,Engaging,2017-09-27,22
ST-012624,SXPV3WCV,Jonathan Berthelot,Engaging,Won,2017-12-22,86
ST-012625,9PH1EWCH,Kami Bicknell,Prospecting,Engaging,2017-09-27,20
ST-012626,9PH1EWCH,Kami Bicknell,Engaging,Lost,2017-12-03,67
ST-012627,THPCTGNI,Lajuana Vencill,Prospecting,Engaging,2017-09-27,29
ST-012628,THPCTGNI,Lajuana Vencill,Engaging,Lost,2017-10-02,5
ST-012629,XR4PPDOB,Lajuana Vencill,Prospecting,Engaging,2017-09-27,3
ST-012630,XR4PPDOB,Lajuana Vencill,Engaging,Won,2017-12-18,82
ST-012631,EK06CNRW,Lajuana Vencill,Prospecting,Engaging,2017-09-27,27
ST-012632,EK06CNRW,Lajuana Vencill,Engaging,Won,2017-10-06,9
ST-012633,Q25T8PKX,Markita Hansen,Prospecting,Engaging,2017-09-27,24
ST-012634,Q25T8PKX,Markita Hansen,Engaging,Lost,2017-10-01,4
ST-012635,V86S5LWV,Marty Freudenburg,Prospecting,Engaging,2017-09-27,23
ST-012636,V86S5LWV,Marty Freudenburg,Engaging,Lost,2017-10-02,5
ST-012637,K8Y7CK9T,Marty Freudenburg,Prospecting,Engaging,2017-09-27,16
ST-012638,K8Y7CK9T,Marty Freudenburg,Engaging,Won,2017-10-05,8
ST-012639,1LY8CAXD,Rosalina Dieter,Prospecting,Engaging,2017-09-27,19
ST-012640,ADS3CQ4B,Rosalina Dieter,Prospecting,Engaging,2017-09-27,16
ST-012641,ADS3CQ4B,Rosalina Dieter,Engaging,Won,2017-11-27,61
ST-012642,9UBU6UW4,Versie Hillebrand,Prospecting,Engaging,2017-09-27,14
ST-012643,9UBU6UW4,Versie Hillebrand,Engaging,Won,2017-09-29,2
ST-012644,ZP9HW0LH,Vicki Laflamme,Prospecting,Engaging,2017-09-27,30
ST-012645,ZP9HW0LH,Vicki Laflamme,Engaging,Won,2017-10-03,6
ST-012646,WV41OJHX,Wilburn Farren,Prospecting,Engaging,2017-09-27,4
ST-012647,WV41OJHX,Wilburn Farren,Engaging,Won,2017-10-03,6
ST-012648,FTUJY4FP,Cassey Cress,Prospecting,Engaging,2017-09-28,25
ST-012649,FTUJY4FP,Cassey Cress,Engaging,Lost,2017-10-07,9
ST-012650,ORBIW519,Donn Cantrell,Prospecting,Engaging,2017-09-28,19
ST-012651,ORBIW519,Donn Cantrell,Engaging,Lost,2017-12-19,82
ST-012652,369V78M2,Donn Cantrell,Prospecting,Engaging,2017-09-28,16
ST-012653,369V78M2,Donn Cantrell,Engaging,Won,2017-10-07,9
ST-012654,792JYPG1,Donn Cantrell,Prospecting,Engaging,2017-09-28,10
ST-012655,792JYPG1,Donn Cantrell,Engaging,Won,2017-10-08,10
ST-012656,Y6Q7Z0SO,Elease Gluck,Prospecting,Engaging,2017-09-28,28
ST-012657,Y6Q7Z0SO,Elease Gluck,Engaging,Won,2017-10-08,10
ST-012658,9IM813OI,Gladys Colclough,Prospecting,Engaging,2017-09-28,18
ST-012659,9IM813OI,Gladys Colclough,Engaging,Lost,2017-11-11,44
ST-012660,GXY3QZ2V,Lajuana Vencill,Prospecting,Engaging,2017-09-28,28
ST-012661,GXY3QZ2V,Lajuana Vencill,Engaging,Won,2017-10-06,8
ST-012662,SMP2K39G,Markita Hansen,Prospecting,Engaging,2017-09-28,27
ST-012663,IVX52FRZ,Marty Freudenburg,Prospecting,Engaging,2017-09-28,15
ST-012664,IVX52FRZ,Marty Freudenburg,Engaging,Lost,2017-11-03,36
ST-012665,2CN1G52G,Marty Freudenburg,Prospecting,Engaging,2017-09-28,14
ST-012666,2CN1G52G,Marty Freudenburg,Engaging,Lost,2017-10-03,5
ST-012667,OR0PEAIV,Marty Freudenburg,Prospecting,Engaging,2017-09-28,21
ST-012668,OR0PEAIV,Marty Freudenburg,Engaging,Won,2017-11-30,63
ST-012669,EGOU8GB1,Maureen Marcano,Prospecting,Engaging,2017-09-28,28
ST-012670,EGOU8GB1,Maureen Marcano,Engaging,Won,2017-12-09,72
ST-012671,IIKN6Q8E,Rosalina Dieter,Prospecting,Engaging,2017-09-28,26
ST-012672,IIKN6Q8E,Rosalina Dieter,Engaging,Won,2017-12-04,67
ST-012673,VTX8GPN8,Versie Hillebrand,Prospecting,Engaging,2017-09-28,27
ST-012674,VTX8GPN8,Versie Hillebrand,Engaging,Won,2017-10-05,7
ST-012675,DVGY4X7E,Vicki Laflamme,Prospecting,Engaging,2017-09-28,29
ST-012676,DVGY4X7E,Vicki Laflamme,Engaging,Won,2017-12-23,86
ST-012677,W9LAIASV,Vicki Laflamme,Prospecting,Engaging,2017-09-28,25
ST-012678,W9LAIASV,Vicki Laflamme,Engaging,Won,2017-12-30,93
ST-012679,9JTFD4FZ,Wilburn Farren,Prospecting,Engaging,2017-09-28,21
ST-012680,1JFYPP8R,Zane Levy,Prospecting,Engaging,2017-09-28,6
ST-012681,1JFYPP8R,Zane Levy,Engaging,Won,2017-10-05,7
ST-012682,C51GWGUE,Daniell Hammack,Prospecting,Engaging,2017-09-29,16
ST-012683,A62JDGQK,Daniell Hammack,Prospecting,Engaging,2017-09-29,7
ST-012684,A62JDGQK,Daniell Hammack,Engaging,Won,2017-10-05,6
ST-012685,K25Z2KKH,Darcel Schlecht,Prospecting,Engaging,2017-09-29,11
ST-012686,K25Z2KKH,Darcel Schlecht,Engaging,Lost,2017-10-05,6
ST-012687,U3F5X6BB,Donn Cantrell,Prospecting,Engaging,2017-09-29,18
ST-012688,U3F5X6BB,Donn Cantrell,Engaging,Lost,2017-12-07,69
ST-012689,VJD27D8U,Elease Gluck,Prospecting,Engaging,2017-09-29,27
ST-012690,VJD27D8U,Elease Gluck,Engaging,Won,2017-10-01,2
ST-012691,9TMPRT6R,Garret Kinder,Prospecting,Engaging,2017-09-29,10
ST-012692,9TMPRT6R,Garret Kinder,Engaging,Lost,2017-10-03,4
ST-012693,CE81S7UN,Garret Kinder,Prospecting,Engaging,2017-09-29,30
ST-012694,CE81S7UN,Garret Kinder,Engaging,Lost,2017-10-08,9
ST-012695,LEPH90QI,Gladys Colclough,Prospecting,Engaging,2017-09-29,5
ST-012696,LEPH90QI,Gladys Colclough,Engaging,Won,2017-10-09,10
ST-012697,X1QNN2DG,James Ascencio,Prospecting,Engaging,2017-09-29,12
ST-012698,X1QNN2DG,James Ascencio,Engaging,Lost,2017-10-08,9
ST-012699,J8G6HTCM,James Ascencio,Prospecting,Engaging,2017-09-29,22
ST-012700,J8G6HTCM,James Ascencio,Engaging,Lost,2017-10-11,12
ST-012701,94P229FH,Lajuana Vencill,Prospecting,Engaging,2017-09-29,20
ST-012702,94P229FH,Lajuana Vencill,Engaging,Won,2017-12-30,92
ST-012703,Q6F9JWTY,Lajuana Vencill,Prospecting,Engaging,2017-09-29,16
ST-012704,Q6F9JWTY,Lajuana Vencill,Engaging,Won,2017-12-10,72
ST-012705,75JW1GRR,Markita Hansen,Prospecting,Engaging,2017-09-29,11
ST-012706,75JW1GRR,Markita Hansen,Engaging,Lost,2017-10-09,10
ST-012707,P7X2J5DO,Markita Hansen,Prospecting,Engaging,2017-09-29,9
ST-012708,P7X2J5DO,Markita Hansen,Engaging,Lost,2017-10-06,7
ST-012709,LKBDKJLM,Markita Hansen,Prospecting,Engaging,2017-09-29,3
ST-012710,LKBDKJLM,Markita Hansen,Engaging,Lost,2017-11-27,59
ST-012711,9OT0018Y,Markita Hansen,Prospecting,Engaging,2017-09-29,25
ST-012712,9OT0018Y,Markita Hansen,Engaging,Lost,2017-10-10,11
ST-012713,I6RH33SU,Marty Freudenburg,Prospecting,Engaging,2017-09-29,26
ST-012714,I6RH33SU,Marty Freudenburg,Engaging,Won,2017-10-05,6
ST-012715,STCU1IXE,Niesha Huffines,Prospecting,Engaging,2017-09-29,28
ST-012716,STCU1IXE,Niesha Huffines,Engaging,Won,2017-12-30,92
ST-012717,E3CR358L,Niesha Huffines,Prospecting,Engaging,2017-09-29,3
ST-012718,E3CR358L,Niesha Huffines,Engaging,Won,2017-12-21,83
ST-012719,BTOD096J,Reed Clapper,Prospecting,Engaging,2017-09-29,21
ST-012720,BTOD096J,Reed Clapper,Engaging,Lost,2017-10-06,7
ST-012721,1B2WYHTY,Rosalina Dieter,Prospecting,Engaging,2017-09-29,19
ST-012722,1B2WYHTY,Rosalina Dieter,Engaging,Won,2017-11-30,62
ST-012723,NS6JLCZ2,Rosie Papadopoulos,Prospecting,Engaging,2017-09-29,6
ST-012724,LB5622YN,Versie Hillebrand,Prospecting,Engaging,2017-09-29,19
ST-012725,LB5622YN,Versie Hillebrand,Engaging,Lost,2017-10-08,9
ST-012726,HIX9V4W1,Versie Hillebrand,Prospecting,Engaging,2017-09-29,3
ST-012727,HIX9V4W1,Versie Hillebrand,Engaging,Lost,2017-10-03,4
ST-012728,LZ3B174J,Vicki Laflamme,Prospecting,Engaging,2017-09-29,15
ST-012729,XQ6FMG3L,Vicki Laflamme,Prospecting,Engaging,2017-09-29,23
ST-012730,XQ6FMG3L,Vicki Laflamme,Engaging,Lost,2017-10-06,7
ST-012731,W40IER4O,Vicki Laflamme,Prospecting,Engaging,2017-09-29,9
ST-012732,W40IER4O,Vicki Laflamme,Engaging,Won,2017-12-08,70
ST-012733,88PIK8A6,Violet Mclelland,Prospecting,Engaging,2017-09-29,25
ST-012734,88PIK8A6,Violet Mclelland,Engaging,Lost,2017-10-08,9
ST-012735,6K31TYOR,Zane Levy,Prospecting,Engaging,2017-09-29,28
ST-012736,6K31TYOR,Zane Levy,Engaging,Won,2017-10-05,6
ST-012737,H29XGJ5H,Anna Snelling,Prospecting,Engaging,2017-09-30,13
ST-012738,H29XGJ5H,Anna Snelling,Engaging,Lost,2017-12-04,65
ST-012739,FSBZ3KOY,Anna Snelling,Prospecting,Engaging,2017-09-30,16
ST-012740,FSBZ3KOY,Anna Snelling,Engaging,Lost,2017-10-01,1
ST-012741,T4SSD24J,Boris Faz,Prospecting,Engaging,2017-09-30,14
ST-012742,T4SSD24J,Boris Faz,Engaging,Won,2017-12-05,66
ST-012743,ZDB6D35R,Cassey Cress,Prospecting,Engaging,2017-09-30,6
ST-012744,ZDB6D35R,Cassey Cress,Engaging,Won,2017-12-19,80
ST-012745,8RVTZBQO,Cecily Lampkin,Prospecting,Engaging,2017-09-30,7
ST-012746,8RVTZBQO,Cecily Lampkin,Engaging,Won,2017-10-10,10
ST-012747,CMM4A6NJ,Darcel Schlecht,Prospecting,Engaging,2017-09-30,16
ST-012748,CMM4A6NJ,Darcel Schlecht,Engaging,Lost,2017-10-06,6
ST-012749,7PMUB7T4,Darcel Schlecht,Prospecting,Engaging,2017-09-30,23
ST-012750,7PMUB7T4,Darcel Schlecht,Engaging,Lost,2017-10-12,12
ST-012751,KTHAX2XV,Darcel Schlecht,Prospecting,Engaging,2017-09-30,21
ST-012752,KTHAX2XV,Darcel Schlecht,Engaging,Lost,2017-10-05,5
ST-012753,IHOTG9ZQ,Darcel Schlecht,Prospecting,Engaging,2017-09-30,11
ST-012754,IHOTG9ZQ,Darcel Schlecht,Engaging,Won,2017-10-09,9
ST-012755,O2BF1KAT,Garret Kinder,Prospecting,Engaging,2017-09-30,11
ST-012756,O2BF1KAT,Garret Kinder,Engaging,Lost,2017-12-19,80
ST-012757,12HOWQMI,Garret Kinder,Prospecting,Engaging,2017-09-30,30
ST-012758,12HOWQMI,Garret Kinder,Engaging,Won,2017-10-07,7
ST-012759,CXY4CXX1,Gladys Colclough,Prospecting,Engaging,2017-09-30,20
ST-012760,CXY4CXX1,Gladys Colclough,Engaging,Lost,2017-10-07,7
ST-012761,IIOVCSHC,Hayden Neloms,Prospecting,Engaging,2017-09-30,16
ST-012762,IIOVCSHC,Hayden Neloms,Engaging,Won,2017-12-10,71
ST-012763,NX28C8EI,James Ascencio,Prospecting,Engaging,2017-09-30,21
ST-012764,WV2YBM8V,Kary Hendrixson,Prospecting,Engaging,2017-09-30,14
ST-012765,3E09X4S2,Kary Hendrixson,Prospecting,Engaging,2017-09-30,22
ST-012766,3E09X4S2,Kary Hendrixson,Engaging,Lost,2017-10-08,8
ST-012767,6BATTRKM,Lajuana Vencill,Prospecting,Engaging,2017-09-30,11
ST-012768,6BATTRKM,Lajuana Vencill,Engaging,Lost,2017-10-07,7
ST-012769,GCWTH2MD,Lajuana Vencill,Prospecting,Engaging,2017-09-30,24
ST-012770,GCWTH2MD,Lajuana Vencill,Engaging,Lost,2017-12-20,81
ST-012771,C563WHG1,Lajuana Vencill,Prospecting,Engaging,2017-09-30,15
ST-012772,C563WHG1,Lajuana Vencill,Engaging,Won,2017-10-11,11
ST-012773,D9WBSJRC,Marty Freudenburg,Prospecting,Engaging,2017-09-30,27
ST-012774,D9WBSJRC,Marty Freudenburg,Engaging,Won,2017-10-09,9
ST-012775,NMLTE4CS,Maureen Marcano,Prospecting,Engaging,2017-09-30,9
ST-012776,X8P0Q1EU,Maureen Marcano,Prospecting,Engaging,2017-09-30,16
ST-012777,X8P0Q1EU,Maureen Marcano,Engaging,Won,2017-12-06,67
ST-012778,PBGB323I,Moses Frase,Prospecting,Engaging,2017-09-30,20
ST-012779,PBGB323I,Moses Frase,Engaging,Won,2017-10-07,7
ST-012780,V5THS9V8,Niesha Huffines,Prospecting,Engaging,2017-09-30,28
ST-012781,V5THS9V8,Niesha Huffines,Engaging,Won,2017-11-27,58
ST-012782,579RHB6S,Versie Hillebrand,Prospecting,Engaging,2017-09-30,20
ST-012783,579RHB6S,Versie Hillebrand,Engaging,Won,2017-10-08,8
ST-012784,4SOUOUKH,Vicki Laflamme,Prospecting,Engaging,2017-09-30,18
ST-012785,9HWUTUXQ,Vicki Laflamme,Prospecting,Engaging,2017-09-30,8
ST-012786,9HWUTUXQ,Vicki Laflamme,Engaging,Lost,2017-10-09,9
ST-012787,T58F1T8V,Violet Mclelland,Prospecting,Engaging,2017-09-30,14
ST-012788,T58F1T8V,Violet Mclelland,Engaging,Lost,2017-10-08,8
ST-012789,U3UT9B1U,Violet Mclelland,Prospecting,Engaging,2017-09-30,20
ST-012790,U3UT9B1U,Violet Mclelland,Engaging,Won,2017-12-24,85
ST-012791,HY7D36UC,Violet Mclelland,Prospecting,Engaging,2017-09-30,20
ST-012792,HY7D36UC,Violet Mclelland,Engaging,Won,2017-12-22,83
ST-012793,9YVTJF6C,Zane Levy,Prospecting,Engaging,2017-09-30,18
ST-012794,9YVTJF6C,Zane Levy,Engaging,Won,2017-10-08,8
ST-012795,JGZVNKMT,Zane Levy,Prospecting,Engaging,2017-09-30,11
ST-012796,JGZVNKMT,Zane Levy,Engaging,Won,2017-12-10,71
ST-012797,5B3BKUMD,Anna Snelling,Prospecting,Engaging,2017-10-01,12
ST-012798,5B3BKUMD,Anna Snelling,Engaging,Lost,2017-10-11,10
ST-012799,MGHWZSN2,Boris Faz,Prospecting,Engaging,2017-10-01,21
ST-012800,MGHWZSN2,Boris Faz,Engaging,Lost,2017-10-06,5
ST-012801,EM1BA4EK,Cassey Cress,Prospecting,Engaging,2017-10-01,14
ST-012802,GWOOPZE8,Cassey Cress,Prospecting,Engaging,2017-10-01,27
ST-012803,84N2YHUB,Cassey Cress,Prospecting,Engaging,2017-10-01,25
ST-012804,84N2YHUB,Cassey Cress,Engaging,Lost,2017-12-01,61
ST-012805,IFVL4WL5,Cecily Lampkin,Prospecting,Engaging,2017-10-01,15
ST-012806,IFVL4WL5,Cecily Lampkin,Engaging,Won,2017-12-10,70
ST-012807,8EPT4HEV,Corliss Cosme,Prospecting,Engaging,2017-10-01,26
ST-012808,8EPT4HEV,Corliss Cosme,Engaging,Lost,2017-10-07,6
ST-012809,HZNNKQ0T,Corliss Cosme,Prospecting,Engaging,2017-10-01,7
ST-012810,HZNNKQ0T,Corliss Cosme,Engaging,Won,2017-10-03,2
ST-012811,Z6ETLZQU,Corliss Cosme,Prospecting,Engaging,2017-10-01,30
ST-012812,Z6ETLZQU,Corliss Cosme,Engaging,Won,2017-12-18,78
ST-012813,GXIVJQPG,Daniell Hammack,Prospecting,Engaging,2017-10-01,30
ST-012814,7MSQSYWR,Daniell Hammack,Prospecting,Engaging,2017-10-01,24
ST-012815,7MSQSYWR,Daniell Hammack,Engaging,Lost,2017-10-10,9
ST-012816,5VJIXV02,Daniell Hammack,Prospecting,Engaging,2017-10-01,6
ST-012817,5VJIXV02,Daniell Hammack,Engaging,Lost,2017-12-01,61
ST-012818,G23RCHB6,Darcel Schlecht,Prospecting,Engaging,2017-10-01,26
ST-012819,G23RCHB6,Darcel Schlecht,Engaging,Lost,2017-10-08,7
ST-012820,RMFG5C6C,Darcel Schlecht,Prospecting,Engaging,2017-10-01,10
ST-012821,RMFG5C6C,Darcel Schlecht,Engaging,Won,2017-10-09,8
ST-012822,U2JOATN3,Darcel Schlecht,Prospecting,Engaging,2017-10-01,17
ST-012823,U2JOATN3,Darcel Schlecht,Engaging,Won,2017-12-06,66
ST-012824,JGZ3F67I,Donn Cantrell,Prospecting,Engaging,2017-10-01,28
ST-012825,JGZ3F67I,Donn Cantrell,Engaging,Lost,2017-10-07,6
ST-012826,FHCSKQ4K,Donn Cantrell,Prospecting,Engaging,2017-10-01,25
ST-012827,FHCSKQ4K,Donn Cantrell,Engaging,Won,2017-12-30,90
ST-012828,TU58PHME,Garret Kinder,Prospecting,Engaging,2017-10-01,8
ST-012829,TU58PHME,Garret Kinder,Engaging,Lost,2017-11-17,47
ST-012830,9ZVX7NVU,Hayden Neloms,Prospecting,Engaging,2017-10-01,6
ST-012831,9ZVX7NVU,Hayden Neloms,Engaging,Lost,2017-10-08,7
ST-012832,I4OJHXIN,Hayden Neloms,Prospecting,Engaging,2017-10-01,9
ST-012833,I4OJHXIN,Hayden Neloms,Engaging,Won,2017-10-05,4
ST-012834,NE300YJ0,Jonathan Berthelot,Prospecting,Engaging,2017-10-01,19
ST-012835,NE300YJ0,Jonathan Berthelot,Engaging,Won,2017-11-24,54
ST-012836,TYLSS719,Kami Bicknell,Prospecting,Engaging,2017-10-01,15
ST-012837,TYLSS719,Kami Bicknell,Engaging,Lost,2017-12-03,63
ST-012838,M3SQPUB1,Kami Bicknell,Prospecting,Engaging,2017-10-01,28
ST-012839,M3SQPUB1,Kami Bicknell,Engaging,Won,2017-10-13,12
ST-012840,MG1YUTUE,Markita Hansen,Prospecting,Engaging,2017-10-01,13
ST-012841,PEIZDYXE,Markita Hansen,Prospecting,Engaging,2017-10-01,28
ST-012842,PEIZDYXE,Markita Hansen,Engaging,Lost,2017-10-02,1
ST-012843,HGG0EZ00,Markita Hansen,Prospecting,Engaging,2017-10-01,20
ST-012844,HGG0EZ00,Markita Hansen,Engaging,Lost,2017-10-05,4
ST-012845,XRRMX8K6,Marty Freudenburg,Prospecting,Engaging,2017-10-01,22
ST-012846,XRRMX8K6,Marty Freudenburg,Engaging,Lost,2017-10-12,11
ST-012847,BJLJV8XE,Marty Freudenburg,Prospecting,Engaging,2017-10-01,25
ST-012848,BJLJV8XE,Marty Freudenburg,Engaging,Won,2017-12-15,75
ST-012849,AQH7ORZZ,Reed Clapper,Prospecting,Engaging,2017-10-01,24
ST-012850,AQH7ORZZ,Reed Clapper,Engaging,Won,2017-12-18,78
ST-012851,GLG1IOHT,Rosalina Dieter,Prospecting,Engaging,2017-10-01,25
ST-012852,GLG1IOHT,Rosalina Dieter,Engaging,Won,2017-10-08,7
ST-012853,89MUGU6K,Rosie Papadopoulos,Prospecting,Engaging,2017-10-01,4
ST-012854,89MUGU6K,Rosie Papadopoulos,Engaging,Won,2017-11-30,60
ST-012855,F5OETS8V,Vicki Laflamme,Prospecting,Engaging,2017-10-01,8
ST-012856,F5OETS8V,Vicki Laflamme,Engaging,Won,2017-12-18,78
ST-012857,CU7KT53A,Vicki Laflamme,Prospecting,Engaging,2017-10-01,15
ST-012858,CU7KT53A,Vicki Laflamme,Engaging,Won,2017-12-16,76
ST-012859,QNB3SCN9,Wilburn Farren,Prospecting,Engaging,2017-10-01,23
ST-012860,0BYU67KG,Wilburn Farren,Prospecting,Engaging,2017-10-01,3
ST-012861,0BYU67KG,Wilburn Farren,Engaging,Lost,2017-12-13,73
ST-012862,SLXPTSGS,Wilburn Farren,Prospecting,Engaging,2017-10-01,28
ST-012863,SLXPTSGS,Wilburn Farren,Engaging,Won,2017-10-11,10
ST-012864,FZGGKS2D,Zane Levy,Prospecting,Engaging,2017-10-01,5
ST-012865,FZGGKS2D,Zane Levy,Engaging,Won,2017-12-23,83
ST-012866,6HDTZCCM,Anna Snelling,Prospecting,Engaging,2017-10-02,29
ST-012867,6HDTZCCM,Anna Snelling,Engaging,Lost,2017-10-14,12
ST-012868,XUEHL04Z,Boris Faz,Prospecting,Engaging,2017-10-02,7
ST-012869,XUEHL04Z,Boris Faz,Engaging,Lost,2017-10-04,2
ST-012870,CTZ5I5R5,Cassey Cress,Prospecting,Engaging,2017-10-02,18
ST-012871,CTZ5I5R5,Cassey Cress,Engaging,Won,2017-12-05,64
ST-012872,988QUSNK,Cecily Lampkin,Prospecting,Engaging,2017-10-02,22
ST-012873,988QUSNK,Cecily Lampkin,Engaging,Lost,2017-10-03,1
ST-012874,2P0VIX4N,Cecily Lampkin,Prospecting,Engaging,2017-10-02,16
ST-012875,2P0VIX4N,Cecily Lampkin,Engaging,Lost,2017-12-20,79
ST-012876,TAPH7KQO,Cecily Lampkin,Prospecting,Engaging,2017-10-02,5
ST-012877,TAPH7KQO,Cecily Lampkin,Engaging,Won,2017-12-07,66
ST-012878,TWGFQS8L,Darcel Schlecht,Prospecting,Engaging,2017-10-02,5
ST-012879,TWGFQS8L,Darcel Schlecht,Engaging,Lost,2017-10-12,10
ST-012880,MRPSU52W,Darcel Schlecht,Prospecting,Engaging,2017-10-02,11
ST-012881,MRPSU52W,Darcel Schlecht,Engaging,Lost,2017-10-09,7
ST-012882,UKXRWZ3P,Darcel Schlecht,Prospecting,Engaging,2017-10-02,10
ST-012883,UKXRWZ3P,Darcel Schlecht,Engaging,Won,2017-10-04,2
ST-012884,C5XXGXUE,Darcel Schlecht,Prospecting,Engaging,2017-10-02,14
ST-012885,C5XXGXUE,Darcel Schlecht,Engaging,Won,2017-10-09,7
ST-012886,2IYQ5ALK,Jonathan Berthelot,Prospecting,Engaging,2017-10-02,5
ST-012887,2IYQ5ALK,Jonathan Berthelot,Engaging,Lost,2017-10-07,5
ST-012888,K4GL9NDX,Jonathan Berthelot,Prospecting,Engaging,2017-10-02,22
ST-012889,K4GL9NDX,Jonathan Berthelot,Engaging,Lost,2017-12-17,76
ST-012890,OFKWBRP7,Jonathan Berthelot,Prospecting,Engaging,2017-10-02,4
ST-012891,OFKWBRP7,Jonathan Berthelot,Engaging,Lost,2017-10-10,8
ST-012892,1AGL4X1J,Jonathan Berthelot,Prospecting,Engaging,2017-10-02,26
ST-012893,1AGL4X1J,Jonathan Berthelot,Engaging,Lost,2017-12-18,77
ST-012894,TSU40NIZ,Kami Bicknell,Prospecting,Engaging,2017-10-02,15
ST-012895,TSU40NIZ,Kami Bicknell,Engaging,Lost,2017-10-04,2
ST-012896,VSN0PA06,Kami Bicknell,Prospecting,Engaging,2017-10-02,15
ST-012897,VSN0PA06,Kami Bicknell,Engaging,Won,2017-10-03,1
ST-012898,FQODPHUL,Kary Hendrixson,Prospecting,Engaging,2017-10-02,22
ST-012899,FQODPHUL,Kary Hendrixson,Engaging,Won,2017-11-04,33
ST-012900,KRUY5G5I,Lajuana Vencill,Prospecting,Engaging,2017-10-02,23
ST-012901,KRUY5G5I,Lajuana Vencill,Engaging,Lost,2017-10-13,11
ST-012902,SCYV3JPO,Lajuana Vencill,Prospecting,Engaging,2017-10-02,19
ST-012903,SCYV3JPO,Lajuana Vencill,Engaging,Won,2017-10-12,10
ST-012904,T91ZAQRH,Lajuana Vencill,Prospecting,Engaging,2017-10-02,12
ST-012905,T91ZAQRH,Lajuana Vencill,Engaging,Won,2017-12-18,77
ST-012906,R293SULP,Marty Freudenburg,Prospecting,Engaging,2017-10-02,25
ST-012907,R293SULP,Marty Freudenburg,Engaging,Lost,2017-10-04,2
ST-012908,UDKH3AM0,Marty Freudenburg,Prospecting,Engaging,2017-10-02,22
ST-012909,UDKH3AM0,Marty Freudenburg,Engaging,Won,2017-10-09,7
ST-012910,I4T9W7NQ,Maureen Marcano,Prospecting,Engaging,2017-10-02,4
ST-012911,I4T9W7NQ,Maureen Marcano,Engaging,Lost,2017-12-15,74
ST-012912,H4ZSZQ9V,Reed Clapper,Prospecting,Engaging,2017-10-02,27
ST-012913,H4ZSZQ9V,Reed Clapper,Engaging,Won,2017-10-10,8
ST-012914,2GQAAHG6,Reed Clapper,Prospecting,Engaging,2017-10-02,29
ST-012915,2GQAAHG6,Reed Clapper,Engaging,Won,2017-10-12,10
ST-012916,7OGPA4I3,Reed Clapper,Prospecting,Engaging,2017-10-02,8
ST-012917,7OGPA4I3,Reed Clapper,Engaging,Won,2017-10-12,10
ST-012918,54XJLU62,Rosie Papadopoulos,Prospecting,Engaging,2017-10-02,23
ST-012919,54XJLU62,Rosie Papadopoulos,Engaging,Lost,2017-10-12,10
ST-012920,XSSK506P,Versie Hillebrand,Prospecting,Engaging,2017-10-02,18
ST-012921,XSSK506P,Versie Hillebrand,Engaging,Lost,2017-10-04,2
ST-012922,AJKE7ACY,Violet Mclelland,Prospecting,Engaging,2017-10-02,17
ST-012923,AJKE7ACY,Violet Mclelland,Engaging,Won,2017-10-11,9
ST-012924,JPPLGVUS,Violet Mclelland,Prospecting,Engaging,2017-10-02,3
ST-012925,JPPLGVUS,Violet Mclelland,Engaging,Won,2017-12-31,90
ST-012926,O7B3XCKF,Zane Levy,Prospecting,Engaging,2017-10-02,9
ST-012927,O7B3XCKF,Zane Levy,Engaging,Lost,2017-10-03,1
ST-012928,5A7S6Z6P,Zane Levy,Prospecting,Engaging,2017-10-02,30
ST-012929,5A7S6Z6P,Zane Levy,Engaging,Lost,2017-10-11,9
ST-012930,OOB372R5,Zane Levy,Prospecting,Engaging,2017-10-02,24
ST-012931,OOB372R5,Zane Levy,Engaging,Won,2017-10-12,10
ST-012932,L67B6CU2,Anna Snelling,Prospecting,Engaging,2017-10-03,28
ST-012933,L67B6CU2,Anna Snelling,Engaging,Lost,2017-10-09,6
ST-012934,6V0QV9CU,Cecily Lampkin,Prospecting,Engaging,2017-10-03,19
ST-012935,6V0QV9CU,Cecily Lampkin,Engaging,Won,2017-10-10,7
ST-012936,0MXZ36G7,Corliss Cosme,Prospecting,Engaging,2017-10-03,12
ST-012937,0MXZ36G7,Corliss Cosme,Engaging,Won,2017-10-04,1
ST-012938,LMCHDMJX,Daniell Hammack,Prospecting,Engaging,2017-10-03,9
ST-012939,LMCHDMJX,Daniell Hammack,Engaging,Won,2017-10-08,5
ST-012940,4HBU57OV,Darcel Schlecht,Prospecting,Engaging,2017-10-03,4
ST-012941,4HBU57OV,Darcel Schlecht,Engaging,Won,2017-10-10,7
ST-012942,AOIM2Y7M,Donn Cantrell,Prospecting,Engaging,2017-10-03,28
ST-012943,AOIM2Y7M,Donn Cantrell,Engaging,Won,2017-10-05,2
ST-012944,5KC100IN,Elease Gluck,Prospecting,Engaging,2017-10-03,22
ST-012945,5KC100IN,Elease Gluck,Engaging,Lost,2017-10-13,10
ST-012946,OOFWSKFF,Gladys Colclough,Prospecting,Engaging,2017-10-03,19
ST-012947,OOFWSKFF,Gladys Colclough,Engaging,Lost,2017-10-04,1
ST-012948,LV7HHGM4,Gladys Colclough,Prospecting,Engaging,2017-10-03,19
ST-012949,LV7HHGM4,Gladys Colclough,Engaging,Lost,2017-10-05,2
ST-012950,HBZEI375,Gladys Colclough,Prospecting,Engaging,2017-10-03,25
ST-012951,HBZEI375,Gladys Colclough,Engaging,Lost,2017-10-10,7
ST-012952,GRQZZNQB,Gladys Colclough,Prospecting,Engaging,2017-10-03,10
ST-012953,GRQZZNQB,Gladys Colclough,Engaging,Won,2017-11-08,36
ST-012954,1D8XLZQ8,Hayden Neloms,Prospecting,Engaging,2017-10-03,22
ST-012955,1D8XLZQ8,Hayden Neloms,Engaging,Won,2017-11-21,49
ST-012956,CAX04DY1,Jonathan Berthelot,Prospecting,Engaging,2017-10-03,8
ST-012957,CAX04DY1,Jonathan Berthelot,Engaging,Lost,2017-11-16,44
ST-012958,ZVEH26GP,Kami Bicknell,Prospecting,Engaging,2017-10-03,24
ST-012959,ZVEH26GP,Kami Bicknell,Engaging,Won,2017-10-08,5
ST-012960,G7QR0SCP,Kami Bicknell,Prospecting,Engaging,2017-10-03,4
ST-012961,G7QR0SCP,Kami Bicknell,Engaging,Won,2017-10-15,12
ST-012962,MYD4PBM9,Kary Hendrixson,Prospecting,Engaging,2017-10-03,14
ST-012963,DUOS7AO8,Marty Freudenburg,Prospecting,Engaging,2017-10-03,10
ST-012964,DUOS7AO8,Marty Freudenburg,Engaging,Lost,2017-11-24,52
ST-012965,CCCQGBSY,Reed Clapper,Prospecting,Engaging,2017-10-03,23
ST-012966,CCCQGBSY,Reed Clapper,Engaging,Won,2017-12-09,67
ST-012967,C5Z2806X,Reed Clapper,Prospecting,Engaging,2017-10-03,3
ST-012968,C5Z2806X,Reed Clapper,Engaging,Won,2017-12-28,86
ST-012969,2CY7OS6A,Rosalina Dieter,Prospecting,Engaging,2017-10-03,8
ST-012970,2CY7OS6A,Rosalina Dieter,Engaging,Lost,2017-10-06,3
ST-012971,FZKX09GE,Versie Hillebrand,Prospecting,Engaging,2017-10-03,5
ST-012972,FZKX09GE,Versie Hillebrand,Engaging,Won,2017-10-09,6
ST-012973,E2CJIO85,Vicki Laflamme,Prospecting,Engaging,2017-10-03,11
ST-012974,R2PBFVU7,Vicki Laflamme,Prospecting,Engaging,2017-10-03,27
ST-012975,R2PBFVU7,Vicki Laflamme,Engaging,Lost,2017-10-08,5
ST-012976,D4SJ5G2G,Violet Mclelland,Prospecting,Engaging,2017-10-03,15
ST-012977,D4SJ5G2G,Violet Mclelland,Engaging,Lost,2017-12-23,81
ST-012978,N2ESTUQT,Wilburn Farren,Prospecting,Engaging,2017-10-03,14
ST-012979,N2ESTUQT,Wilburn Farren,Engaging,Won,2017-10-10,7
ST-012980,3QSM7X3W,Zane Levy,Prospecting,Engaging,2017-10-03,24
ST-012981,3QSM7X3W,Zane Levy,Engaging,Won,2017-11-06,34
ST-012982,UG4BHJRQ,Zane Levy,Prospecting,Engaging,2017-10-03,15
ST-012983,UG4BHJRQ,Zane Levy,Engaging,Won,2017-10-11,8
ST-012984,NMF60XWK,Anna Snelling,Prospecting,Engaging,2017-10-04,15
ST-012985,NMF60XWK,Anna Snelling,Engaging,Lost,2017-10-13,9
ST-012986,L6WEVHEN,Anna Snelling,Prospecting,Engaging,2017-10-04,21
ST-012987,L6WEVHEN,Anna Snelling,Engaging,Won,2017-12-16,73
ST-012988,EP5QRHID,Boris Faz,Prospecting,Engaging,2017-10-04,9
ST-012989,EYWXCFXJ,Boris Faz,Prospecting,Engaging,2017-10-04,19
ST-012990,EYWXCFXJ,Boris Faz,Engaging,Lost,2017-11-01,28
ST-012991,QC9B7V93,Boris Faz,Prospecting,Engaging,2017-10-04,3
ST-012992,QC9B7V93,Boris Faz,Engaging,Lost,2017-10-11,7
ST-012993,CPVW06O2,Boris Faz,Prospecting,Engaging,2017-10-04,26
ST-012994,CPVW06O2,Boris Faz,Engaging,Won,2017-10-11,7
ST-012995,2KNVLXA4,Cassey Cress,Prospecting,Engaging,2017-10-04,25
ST-012996,2KNVLXA4,Cassey Cress,Engaging,Won,2017-10-14,10
ST-012997,5WAKI1NB,Corliss Cosme,Prospecting,Engaging,2017-10-04,5
ST-012998,LDJ6VTNW,Daniell Hammack,Prospecting,Engaging,2017-10-04,5
ST-012999,YI8JSLKX,Daniell Hammack,Prospecting,Engaging,2017-10-04,20
ST-013000,YI8JSLKX,Daniell Hammack,Engaging,Lost,2017-10-15,11
ST-013001,E4O6XJ9E,Darcel Schlecht,Prospecting,Engaging,2017-10-04,12
ST-013002,E4O6XJ9E,Darcel Schlecht,Engaging,Lost,2017-10-12,8
ST-013003,L7TT9ZL4,Darcel Schlecht,Prospecting,Engaging,2017-10-04,26
ST-013004,L7TT9ZL4,Darcel Schlecht,Engaging,Won,2017-12-21,78
ST-013005,JD6WHH6G,Darcel Schlecht,Prospecting,Engaging,2017-10-04,29
ST-013006,JD6WHH6G,Darcel Schlecht,Engaging,Won,2017-10-10,6
ST-013007,93OFIHMF,James Ascencio,Prospecting,Engaging,2017-10-04,20
ST-013008,93OFIHMF,James Ascencio,Engaging,Won,2017-12-05,62
ST-013009,9E7VMZ1J,Jonathan Berthelot,Prospecting,Engaging,2017-10-04,21
ST-013010,9E7VMZ1J,Jonathan Berthelot,Engaging,Lost,2017-12-23,80
ST-013011,BUNGSHKB,Jonathan Berthelot,Prospecting,Engaging,2017-10-04,14
ST-013012,BUNGSHKB,Jonathan Berthelot,Engaging,Lost,2017-10-15,11
ST-013013,MK2YTCZN,Jonathan Berthelot,Prospecting,Engaging,2017-10-04,14
ST-013014,MK2YTCZN,Jonathan Berthelot,Engaging,Won,2017-10-06,2
ST-013015,MZTB3C70,Kary Hendrixson,Prospecting,Engaging,2017-10-04,29
ST-013016,MZTB3C70,Kary Hendrixson,Engaging,Lost,2017-11-17,44
ST-013017,LHG76MIU,Markita Hansen,Prospecting,Engaging,2017-10-04,11
ST-013018,LHG76MIU,Markita Hansen,Engaging,Won,2017-12-03,60
ST-013019,SGAJAIP9,Maureen Marcano,Prospecting,Engaging,2017-10-04,10
ST-013020,SGAJAIP9,Maureen Marcano,Engaging,Won,2017-12-20,77
ST-013021,UZ9SEIZ9,Vicki Laflamme,Prospecting,Engaging,2017-10-04,22
ST-013022,UZ9SEIZ9,Vicki Laflamme,Engaging,Lost,2017-10-13,9
ST-013023,KDY5FEUO,Vicki Laflamme,Prospecting,Engaging,2017-10-04,9
ST-013024,KDY5FEUO,Vicki Laflamme,Engaging,Won,2017-12-20,77
ST-013025,1L68AC0E,Wilburn Farren,Prospecting,Engaging,2017-10-04,17
ST-013026,ZRMZJVWK,Zane Levy,Prospecting,Engaging,2017-10-04,15
ST-013027,ZRMZJVWK,Zane Levy,Engaging,Won,2017-12-28,85
ST-013028,JAG873Y3,Anna Snelling,Prospecting,Engaging,2017-10-05,21
ST-013029,JAG873Y3,Anna Snelling,Engaging,Lost,2017-10-12,7
ST-013030,WQTR95J3,Cecily Lampkin,Prospecting,Engaging,2017-10-05,3
ST-013031,WQTR95J3,Cecily Lampkin,Engaging,Won,2017-10-11,6
ST-013032,1FHY3UGF,Corliss Cosme,Prospecting,Engaging,2017-10-05,11
ST-013033,1FHY3UGF,Corliss Cosme,Engaging,Lost,2017-10-13,8
ST-013034,B9KFRY53,Darcel Schlecht,Prospecting,Engaging,2017-10-05,8
ST-013035,B9KFRY53,Darcel Schlecht,Engaging,Won,2017-10-10,5
ST-013036,ZRCY8P4P,Darcel Schlecht,Prospecting,Engaging,2017-10-05,16
ST-013037,ZRCY8P4P,Darcel Schlecht,Engaging,Won,2017-12-14,70
ST-013038,M3RME16Q,Darcel Schlecht,Prospecting,Engaging,2017-10-05,19
ST-013039,M3RME16Q,Darcel Schlecht,Engaging,Won,2017-10-14,9
ST-013040,YPRHMUIB,Darcel Schlecht,Prospecting,Engaging,2017-10-05,6
ST-013041,YPRHMUIB,Darcel Schlecht,Engaging,Won,2017-12-22,78
ST-013042,HM4ZINFJ,Donn Cantrell,Prospecting,Engaging,2017-10-05,20
ST-013043,HM4ZINFJ,Donn Cantrell,Engaging,Lost,2017-10-10,5
ST-013044,06C1N1F7,Elease Gluck,Prospecting,Engaging,2017-10-05,5
ST-013045,6WIQG92N,Elease Gluck,Prospecting,Engaging,2017-10-05,19
ST-013046,6WIQG92N,Elease Gluck,Engaging,Lost,2017-10-18,13
ST-013047,3JMB4J8E,Garret Kinder,Prospecting,Engaging,2017-10-05,12
ST-013048,3JMB4J8E,Garret Kinder,Engaging,Won,2017-10-07,2
ST-013049,FTZ4VYH4,Hayden Neloms,Prospecting,Engaging,2017-10-05,13
ST-013050,FTZ4VYH4,Hayden Neloms,Engaging,Lost,2017-12-13,69
ST-013051,GEJKKFOL,James Ascencio,Prospecting,Engaging,2017-10-05,6
ST-013052,GEJKKFOL,James Ascencio,Engaging,Lost,2017-10-10,5
ST-013053,UYWQ5N0R,James Ascencio,Prospecting,Engaging,2017-10-05,28
ST-013054,UYWQ5N0R,James Ascencio,Engaging,Lost,2017-11-23,49
ST-013055,NDAFT4KV,James Ascencio,Prospecting,Engaging,2017-10-05,19
ST-013056,NDAFT4KV,James Ascencio,Engaging,Won,2017-10-18,13
ST-013057,BO1GBSM0,James Ascencio,Prospecting,Engaging,2017-10-05,11
ST-013058,BO1GBSM0,James Ascencio,Engaging,Won,2017-10-11,6
ST-013059,FSVEMKSG,Jonathan Berthelot,Prospecting,Engaging,2017-10-05,20
ST-013060,FSVEMKSG,Jonathan Berthelot,Engaging,Won,2017-10-10,5
ST-013061,V0XQVHQV,Jonathan Berthelot,Prospecting,Engaging,2017-10-05,29
ST-013062,V0XQVHQV,Jonathan Berthelot,Engaging,Won,2017-10-12,7
ST-013063,TFZMFOH9,Kami Bicknell,Prospecting,Engaging,2017-10-05,28
ST-013064,TFZMFOH9,Kami Bicknell,Engaging,Won,2017-11-24,50
ST-013065,VVE9HGLD,Kary Hendrixson,Prospecting,Engaging,2017-10-05,21
ST-013066,8T9ANK4E,Marty Freudenburg,Prospecting,Engaging,2017-10-05,11
ST-013067,8T9ANK4E,Marty Freudenburg,Engaging,Won,2017-12-24,80
ST-013068,76WXMI88,Moses Frase,Prospecting,Engaging,2017-10-05,25
ST-013069,76WXMI88,Moses Frase,Engaging,Won,2017-12-28,84
ST-013070,ZH8XR8YT,Niesha Huffines,Prospecting,Engaging,2017-10-05,17
ST-013071,ZH8XR8YT,Niesha Huffines,Engaging,Lost,2017-10-13,8
ST-013072,PR9HQKA7,Niesha Huffines,Prospecting,Engaging,2017-10-05,15
ST-013073,PR9HQKA7,Niesha Huffines,Engaging,Lost,2017-10-15,10
ST-013074,NMHDWGNT,Niesha Huffines,Prospecting,Engaging,2017-10-05,21
ST-013075,NMHDWGNT,Niesha Huffines,Engaging,Lost,2017-10-15,10
ST-013076,WX3CPDYD,Reed Clapper,Prospecting,Engaging,2017-10-05,18
ST-013077,WX3CPDYD,Reed Clapper,Engaging,Won,2017-12-31,87
ST-013078,3DF5FIAM,Reed Clapper,Prospecting,Engaging,2017-10-05,27
ST-013079,3DF5FIAM,Reed Clapper,Engaging,Won,2017-12-17,73
ST-013080,018KKT5I,Rosalina Dieter,Prospecting,Engaging,2017-10-05,10
ST-013081,018KKT5I,Rosalina Dieter,Engaging,Lost,2017-10-11,6
ST-013082,9AOPLD0O,Rosie Papadopoulos,Prospecting,Engaging,2017-10-05,27
ST-013083,9AOPLD0O,Rosie Papadopoulos,Engaging,Won,2017-10-11,6
ST-013084,J54XWY0O,Versie Hillebrand,Prospecting,Engaging,2017-10-05,13
ST-013085,J54XWY0O,Versie Hillebrand,Engaging,Lost,2017-10-16,11
ST-013086,FJEL0TDN,Versie Hillebrand,Prospecting,Engaging,2017-10-05,27
ST-013087,FJEL0TDN,Versie Hillebrand,Engaging,Won,2017-10-07,2
ST-013088,I5JTM3EK,Vicki Laflamme,Prospecting,Engaging,2017-10-05,17
ST-013089,I5JTM3EK,Vicki Laflamme,Engaging,Lost,2017-10-08,3
ST-013090,3Q5R6HAY,Vicki Laflamme,Prospecting,Engaging,2017-10-05,24
ST-013091,3Q5R6HAY,Vicki Laflamme,Engaging,Won,2017-10-08,3
ST-013092,VOEOU1U6,Zane Levy,Prospecting,Engaging,2017-10-05,17
ST-013093,VOEOU1U6,Zane Levy,Engaging,Lost,2017-10-07,2
ST-013094,52IHI8JD,Anna Snelling,Prospecting,Engaging,2017-10-06,21
ST-013095,52IHI8JD,Anna Snelling,Engaging,Lost,2017-11-24,49
ST-013096,7QPQ40X9,Anna Snelling,Prospecting,Engaging,2017-10-06,30
ST-013097,7QPQ40X9,Anna Snelling,Engaging,Lost,2017-10-08,2
ST-013098,KFZ37330,Boris Faz,Prospecting,Engaging,2017-10-06,3
ST-013099,KFZ37330,Boris Faz,Engaging,Won,2017-12-14,69
ST-013100,T64JVA4T,Boris Faz,Prospecting,Engaging,2017-10-06,18
ST-013101,T64JVA4T,Boris Faz,Engaging,Won,2017-10-07,1
ST-013102,Y5C1Q7UR,Cassey Cress,Prospecting,Engaging,2017-10-06,6
ST-013103,Y5C1Q7UR,Cassey Cress,Engaging,Won,2017-12-26,81
ST-013104,VN0XOAB6,Cassey Cress,Prospecting,Engaging,2017-10-06,11
ST-013105,VN0XOAB6,Cassey Cress,Engaging,Won,2017-11-12,37
ST-013106,MVZG0BSG,Corliss Cosme,Prospecting,Engaging,2017-10-06,5
ST-013107,MVZG0BSG,Corliss Cosme,Engaging,Won,2017-10-16,10
ST-013108,JIEO87ZV,Daniell Hammack,Prospecting,Engaging,2017-10-06,15
ST-013109,EM1W738H,Darcel Schlecht,Prospecting,Engaging,2017-10-06,23
ST-013110,EM1W738H,Darcel Schlecht,Engaging,Won,2017-11-22,47
ST-013111,13WLN2MJ,Darcel Schlecht,Prospecting,Engaging,2017-10-06,28
ST-013112,13WLN2MJ,Darcel Schlecht,Engaging,Won,2017-10-08,2
ST-013113,M4NNI01I,Donn Cantrell,Prospecting,Engaging,2017-10-06,10
ST-013114,M4NNI01I,Donn Cantrell,Engaging,Lost,2017-10-16,10
ST-013115,MIA65OVY,Elease Gluck,Prospecting,Engaging,2017-10-06,24
ST-013116,U3FTUG3T,Gladys Colclough,Prospecting,Engaging,2017-10-06,25
ST-013117,U3FTUG3T,Gladys Colclough,Engaging,Won,2017-11-20,45
ST-013118,RS13M1ZP,Gladys Colclough,Prospecting,Engaging,2017-10-06,10
ST-013119,RS13M1ZP,Gladys Colclough,Engaging,Won,2017-10-08,2
ST-013120,10B65ZN9,James Ascencio,Prospecting,Engaging,2017-10-06,28
ST-013121,10B65ZN9,James Ascencio,Engaging,Won,2017-12-31,86
ST-013122,V4YBVSJ4,Jonathan Berthelot,Prospecting,Engaging,2017-10-06,13
ST-013123,V4YBVSJ4,Jonathan Berthelot,Engaging,Lost,2017-10-17,11
ST-013124,LVMPJ8JN,Jonathan Berthelot,Prospecting,Engaging,2017-10-06,16
ST-013125,LVMPJ8JN,Jonathan Berthelot,Engaging,Won,2017-12-31,86
ST-013126,OV0LOPAA,Lajuana Vencill,Prospecting,Engaging,2017-10-06,14
ST-013127,OV0LOPAA,Lajuana Vencill,Engaging,Lost,2017-10-12,6
ST-013128,0ISX53T3,Lajuana Vencill,Prospecting,Engaging,2017-10-06,19
ST-013129,0ISX53T3,Lajuana Vencill,Engaging,Won,2017-12-21,76
ST-013130,KL8PCQXC,Markita Hansen,Prospecting,Engaging,2017-10-06,20
ST-013131,KL8PCQXC,Markita Hansen,Engaging,Lost,2017-10-15,9
ST-013132,Q4KZSJ6Q,Moses Frase,Prospecting,Engaging,2017-10-06,3
ST-013133,Q4KZSJ6Q,Moses Frase,Engaging,Won,2017-10-07,1
ST-013134,1IABHXOP,Moses Frase,Prospecting,Engaging,2017-10-06,25
ST-013135,1IABHXOP,Moses Frase,Engaging,Won,2017-10-14,8
ST-013136,2RE0MZGV,Reed Clapper,Prospecting,Engaging,2017-10-06,29
ST-013137,2RE0MZGV,Reed Clapper,Engaging,Won,2017-10-07,1
ST-013138,JLKLRCFZ,Rosie Papadopoulos,Prospecting,Engaging,2017-10-06,11
ST-013139,JLKLRCFZ,Rosie Papadopoulos,Engaging,Won,2017-10-14,8
ST-013140,2X9KWWCP,Versie Hillebrand,Prospecting,Engaging,2017-10-06,10
ST-013141,2X9KWWCP,Versie Hillebrand,Engaging,Won,2017-10-11,5
ST-013142,IF2BUC3Q,Wilburn Farren,Prospecting,Engaging,2017-10-06,12
ST-013143,IF2BUC3Q,Wilburn Farren,Engaging,Lost,2017-10-08,2
ST-013144,GU4HXZ55,Zane Levy,Prospecting,Engaging,2017-10-06,5
ST-013145,GU4HXZ55,Zane Levy,Engaging,Won,2017-12-23,78
ST-013146,JQK0EF45,Anna Snelling,Prospecting,Engaging,2017-10-07,15
ST-013147,JQK0EF45,Anna Snelling,Engaging,Won,2017-10-13,6
ST-013148,YUUD6GIT,Boris Faz,Prospecting,Engaging,2017-10-07,24
ST-013149,YUUD6GIT,Boris Faz,Engaging,Won,2017-11-19,43
ST-013150,FBDZ4LCK,Cassey Cress,Prospecting,Engaging,2017-10-07,26
ST-013151,FBDZ4LCK,Cassey Cress,Engaging,Lost,2017-10-08,1
ST-013152,SQMPV6L6,Cecily Lampkin,Prospecting,Engaging,2017-10-07,29
ST-013153,SQMPV6L6,Cecily Lampkin,Engaging,Won,2017-10-19,12
ST-013154,N9ZBEJFI,Cecily Lampkin,Prospecting,Engaging,2017-10-07,13
ST-013155,N9ZBEJFI,Cecily Lampkin,Engaging,Won,2017-12-28,82
ST-013156,EKXXH9IK,Daniell Hammack,Prospecting,Engaging,2017-10-07,5
ST-013157,EKXXH9IK,Daniell Hammack,Engaging,Won,2017-11-04,28
ST-013158,OC6ZMTK5,Daniell Hammack,Prospecting,Engaging,2017-10-07,20
ST-013159,OC6ZMTK5,Daniell Hammack,Engaging,Won,2017-10-13,6
ST-013160,M57LZE5F,Darcel Schlecht,Prospecting,Engaging,2017-10-07,8
ST-013161,M57LZE5F,Darcel Schlecht,Engaging,Lost,2017-12-23,77
ST-013162,1XO519P4,Darcel Schlecht,Prospecting,Engaging,2017-10-07,18
ST-013163,1XO519P4,Darcel Schlecht,Engaging,Won,2017-12-30,84
ST-013164,UBWO7HIV,Hayden Neloms,Prospecting,Engaging,2017-10-07,13
ST-013165,UBWO7HIV,Hayden Neloms,Engaging,Won,2017-12-13,67
ST-013166,00X8VEYH,Jonathan Berthelot,Prospecting,Engaging,2017-10-07,14
ST-013167,00X8VEYH,Jonathan Berthelot,Engaging,Won,2017-12-22,76
ST-013168,ZJ11PBUV,Jonathan Berthelot,Prospecting,Engaging,2017-10-07,9
ST-013169,ZJ11PBUV,Jonathan Berthelot,Engaging,Won,2017-10-09,2
ST-013170,GJX7YGIF,Kami Bicknell,Prospecting,Engaging,2017-10-07,21
ST-013171,GJX7YGIF,Kami Bicknell,Engaging,Lost,2017-11-25,49
ST-013172,MF6S92GQ,Kary Hendrixson,Prospecting,Engaging,2017-10-07,11
ST-013173,MF6S92GQ,Kary Hendrixson,Engaging,Won,2017-12-08,62
ST-013174,KTZDTM8W,Lajuana Vencill,Prospecting,Engaging,2017-10-07,8
ST-013175,KTZDTM8W,Lajuana Vencill,Engaging,Won,2017-10-13,6
ST-013176,SH0S5N6U,Markita Hansen,Prospecting,Engaging,2017-10-07,26
ST-013177,SH0S5N6U,Markita Hansen,Engaging,Won,2017-12-30,84
ST-013178,M3306MKK,Markita Hansen,Prospecting,Engaging,2017-10-07,24
ST-013179,M3306MKK,Markita Hansen,Engaging,Won,2017-12-13,67
ST-013180,5H27L6YI,Marty Freudenburg,Prospecting,Engaging,2017-10-07,9
ST-013181,5H27L6YI,Marty Freudenburg,Engaging,Lost,2017-10-15,8
ST-013182,FCEJCRKY,Marty Freudenburg,Prospecting,Engaging,2017-10-07,18
ST-013183,FCEJCRKY,Marty Freudenburg,Engaging,Won,2017-10-08,1
ST-013184,FTVBHHFC,Marty Freudenburg,Prospecting,Engaging,2017-10-07,26
ST-013185,FTVBHHFC,Marty Freudenburg,Engaging,Won,2017-10-14,7
ST-013186,CXE6ORIJ,Marty Freudenburg,Prospecting,Engaging,2017-10-07,9
ST-013187,CXE6ORIJ,Marty Freudenburg,Engaging,Won,2017-12-20,74
ST-013188,QFIEJY21,Maureen Marcano,Prospecting,Engaging,2017-10-07,10
ST-013189,QFIEJY21,Maureen Marcano,Engaging,Won,2017-12-05,59
ST-013190,4OUTIJAR,Maureen Marcano,Prospecting,Engaging,2017-10-07,26
ST-013191,4OUTIJAR,Maureen Marcano,Engaging,Won,2017-12-14,68
ST-013192,R19OP4QL,Moses Frase,Prospecting,Engaging,2017-10-07,10
ST-013193,R19OP4QL,Moses Frase,Engaging,Won,2017-10-19,12
ST-013194,UU7QH2WX,Rosalina Dieter,Prospecting,Engaging,2017-10-07,30
ST-013195,UU7QH2WX,Rosalina Dieter,Engaging,Lost,2017-10-15,8
ST-013196,O7WVUMZ5,Vicki Laflamme,Prospecting,Engaging,2017-10-07,11
ST-013197,O7WVUMZ5,Vicki Laflamme,Engaging,Won,2017-10-09,2
ST-013198,NRMFYPAD,Anna Snelling,Prospecting,Engaging,2017-10-08,9
ST-013199,NRMFYPAD,Anna Snelling,Engaging,Won,2017-12-30,83
ST-013200,63HMAJCZ,Boris Faz,Prospecting,Engaging,2017-10-08,10
ST-013201,63HMAJCZ,Boris Faz,Engaging,Won,2017-10-14,6
ST-013202,MR49QBLO,Boris Faz,Prospecting,Engaging,2017-10-08,9
ST-013203,MR49QBLO,Boris Faz,Engaging,Won,2017-11-21,44
ST-013204,V7C6RT5S,Cassey Cress,Prospecting,Engaging,2017-10-08,29
ST-013205,V7C6RT5S,Cassey Cress,Engaging,Won,2017-10-17,9
ST-013206,G1POINXI,Cecily Lampkin,Prospecting,Engaging,2017-10-08,10
ST-013207,G1POINXI,Cecily Lampkin,Engaging,Won,2017-10-15,7
ST-013208,S181FZ0Y,Corliss Cosme,Prospecting,Engaging,2017-10-08,29
ST-013209,S181FZ0Y,Corliss Cosme,Engaging,Lost,2017-10-16,8
ST-013210,5J7T0GZU,Daniell Hammack,Prospecting,Engaging,2017-10-08,22
ST-013211,5J7T0GZU,Daniell Hammack,Engaging,Won,2017-12-14,67
ST-013212,0IAJNXTD,Darcel Schlecht,Prospecting,Engaging,2017-10-08,14
ST-013213,0IAJNXTD,Darcel Schlecht,Engaging,Lost,2017-10-10,2
ST-013214,RMQME3N0,Donn Cantrell,Prospecting,Engaging,2017-10-08,7
ST-013215,RMQME3N0,Donn Cantrell,Engaging,Lost,2017-11-21,44
ST-013216,G8C3GRPO,Garret Kinder,Prospecting,Engaging,2017-10-08,27
ST-013217,G8C3GRPO,Garret Kinder,Engaging,Won,2017-10-20,12
ST-013218,IY3U40F8,Gladys Colclough,Prospecting,Engaging,2017-10-08,6
ST-013219,IY3U40F8,Gladys Colclough,Engaging,Lost,2017-10-14,6
ST-013220,OZFSBIDF,Gladys Colclough,Prospecting,Engaging,2017-10-08,6
ST-013221,OZFSBIDF,Gladys Colclough,Engaging,Lost,2017-10-09,1
ST-013222,IEJHIQYI,Hayden Neloms,Prospecting,Engaging,2017-10-08,5
ST-013223,IEJHIQYI,Hayden Neloms,Engaging,Won,2017-12-22,75
ST-013224,6SQHVC0S,Jonathan Berthelot,Prospecting,Engaging,2017-10-08,24
ST-013225,6SQHVC0S,Jonathan Berthelot,Engaging,Lost,2017-12-26,79
ST-013226,L9EVLHSJ,Kami Bicknell,Prospecting,Engaging,2017-10-08,24
ST-013227,DIGZWVHI,Kami Bicknell,Prospecting,Engaging,2017-10-08,18
ST-013228,DIGZWVHI,Kami Bicknell,Engaging,Lost,2017-10-09,1
ST-013229,1ZT4IROS,Kami Bicknell,Prospecting,Engaging,2017-10-08,22
ST-013230,1ZT4IROS,Kami Bicknell,Engaging,Won,2017-10-10,2
ST-013231,60QEB2FZ,Kary Hendrixson,Prospecting,Engaging,2017-10-08,3
ST-013232,60QEB2FZ,Kary Hendrixson,Engaging,Won,2017-10-16,8
ST-013233,2PX317QP,Kary Hendrixson,Prospecting,Engaging,2017-10-08,27
ST-013234,2PX317QP,Kary Hendrixson,Engaging,Won,2017-11-23,46
ST-013235,O691ZXXH,Markita Hansen,Prospecting,Engaging,2017-10-08,30
ST-013236,2T0GMDKK,Markita Hansen,Prospecting,Engaging,2017-10-08,20
ST-013237,2T0GMDKK,Markita Hansen,Engaging,Lost,2017-10-10,2
ST-013238,ZK6HTTBB,Markita Hansen,Prospecting,Engaging,2017-10-08,4
ST-013239,ZK6HTTBB,Markita Hansen,Engaging,Lost,2017-10-14,6
ST-013240,V74YPMJ4,Rosalina Dieter,Prospecting,Engaging,2017-10-08,30
ST-013241,V74YPMJ4,Rosalina Dieter,Engaging,Lost,2017-10-20,12
ST-013242,8ZIX3LAF,Vicki Laflamme,Prospecting,Engaging,2017-10-08,18
ST-013243,8ZIX3LAF,Vicki Laflamme,Engaging,Won,2017-10-09,1
ST-013244,QDBJOE9M,Zane Levy,Prospecting,Engaging,2017-10-08,14
ST-013245,IVMMNSJB,Anna Snelling,Prospecting,Engaging,2017-10-09,22
ST-013246,IVMMNSJB,Anna Snelling,Engaging,Lost,2017-10-17,8
ST-013247,H9M21153,Anna Snelling,Prospecting,Engaging,2017-10-09,13
ST-013248,H9M21153,Anna Snelling,Engaging,Won,2017-10-20,11
ST-013249,JV0KXH4X,Boris Faz,Prospecting,Engaging,2017-10-09,18
ST-013250,JV0KXH4X,Boris Faz,Engaging,Won,2017-12-30,82
ST-013251,V9UM2K16,Corliss Cosme,Prospecting,Engaging,2017-10-09,21
ST-013252,V9UM2K16,Corliss Cosme,Engaging,Won,2017-10-15,6
ST-013253,ZEYGDEBG,Daniell Hammack,Prospecting,Engaging,2017-10-09,30
ST-013254,SRV6TQ2E,Daniell Hammack,Prospecting,Engaging,2017-10-09,11
ST-013255,SRV6TQ2E,Daniell Hammack,Engaging,Won,2017-10-18,9
ST-013256,94GJ7WZV,Darcel Schlecht,Prospecting,Engaging,2017-10-09,18
ST-013257,94GJ7WZV,Darcel Schlecht,Engaging,Lost,2017-10-10,1
ST-013258,B24YQ6LA,Garret Kinder,Prospecting,Engaging,2017-10-09,8
ST-013259,B24YQ6LA,Garret Kinder,Engaging,Won,2017-10-10,1
ST-013260,RYELEM60,Garret Kinder,Prospecting,Engaging,2017-10-09,27
ST-013261,RYELEM60,Garret Kinder,Engaging,Won,2017-10-20,11
ST-013262,RL26ZS8F,Gladys Colclough,Prospecting,Engaging,2017-10-09,19
ST-013263,RL26ZS8F,Gladys Colclough,Engaging,Lost,2017-11-27,49
ST-013264,JKIAA2TF,James Ascencio,Prospecting,Engaging,2017-10-09,11
ST-013265,JKIAA2TF,James Ascencio,Engaging,Won,2017-11-23,45
ST-013266,HTK2UHC8,Jonathan Berthelot,Prospecting,Engaging,2017-10-09,15
ST-013267,HTK2UHC8,Jonathan Berthelot,Engaging,Lost,2017-10-21,12
ST-013268,SPRK2YOB,Jonathan Berthelot,Prospecting,Engaging,2017-10-09,10
ST-013269,SPRK2YOB,Jonathan Berthelot,Engaging,Won,2017-11-25,47
ST-013270,8F7VHV02,Kami Bicknell,Prospecting,Engaging,2017-10-09,27
ST-013271,8F7VHV02,Kami Bicknell,Engaging,Won,2017-12-22,74
ST-013272,7FGVY6GK,Kami Bicknell,Prospecting,Engaging,2017-10-09,21
ST-013273,7FGVY6GK,Kami Bicknell,Engaging,Won,2017-10-10,1
ST-013274,6IZZL97A,Kary Hendrixson,Prospecting,Engaging,2017-10-09,7
ST-013275,6IZZL97A,Kary Hendrixson,Engaging,Lost,2017-10-18,9
ST-013276,0HUWQWOJ,Markita Hansen,Prospecting,Engaging,2017-10-09,4
ST-013277,C35YI5NJ,Markita Hansen,Prospecting,Engaging,2017-10-09,19
ST-013278,C35YI5NJ,Markita Hansen,Engaging,Won,2017-12-25,77
ST-013279,6U30UYDT,Marty Freudenburg,Prospecting,Engaging,2017-10-09,28
ST-013280,6U30UYDT,Marty Freudenburg,Engaging,Lost,2017-11-30,52
ST-013281,ZXOHD0KE,Maureen Marcano,Prospecting,Engaging,2017-10-09,16
ST-013282,ZXOHD0KE,Maureen Marcano,Engaging,Lost,2017-10-19,10
ST-013283,77Q6KD0O,Niesha Huffines,Prospecting,Engaging,2017-10-09,18
ST-013284,77Q6KD0O,Niesha Huffines,Engaging,Lost,2017-10-21,12
ST-013285,JIH6P53I,Niesha Huffines,Prospecting,Engaging,2017-10-09,20
ST-013286,JIH6P53I,Niesha Huffines,Engaging,Won,2017-10-10,1
ST-013287,WKTVP5WY,Rosalina Dieter,Prospecting,Engaging,2017-10-09,4
ST-013288,WKTVP5WY,Rosalina Dieter,Engaging,Won,2017-10-10,1
ST-013289,10N0ZBYO,Rosalina Dieter,Prospecting,Engaging,2017-10-09,19
ST-013290,10N0ZBYO,Rosalina Dieter,Engaging,Won,2017-10-11,2
ST-013291,IUVAUQ6I,Versie Hillebrand,Prospecting,Engaging,2017-10-09,14
ST-013292,IUVAUQ6I,Versie Hillebrand,Engaging,Won,2017-10-14,5
ST-013293,YH5L64AP,Violet Mclelland,Prospecting,Engaging,2017-10-09,15
ST-013294,YH5L64AP,Violet Mclelland,Engaging,Lost,2017-12-23,75
ST-013295,A71ENBVA,Zane Levy,Prospecting,Engaging,2017-10-09,30
ST-013296,A71ENBVA,Zane Levy,Engaging,Lost,2017-10-17,8
ST-013297,4X8WU71C,Zane Levy,Prospecting,Engaging,2017-10-09,24
ST-013298,4X8WU71C,Zane Levy,Engaging,Lost,2017-10-11,2
ST-013299,03H4RXBI,Zane Levy,Prospecting,Engaging,2017-10-09,27
ST-013300,03H4RXBI,Zane Levy,Engaging,Won,2017-12-17,69
ST-013301,MQVOQZL7,Anna Snelling,Prospecting,Engaging,2017-10-10,8
ST-013302,MQVOQZL7,Anna Snelling,Engaging,Lost,2017-10-19,9
ST-013303,OHD4TPKZ,Anna Snelling,Prospecting,Engaging,2017-10-10,17
ST-013304,OHD4TPKZ,Anna Snelling,Engaging,Won,2017-10-11,1
ST-013305,V4PVZC5L,Boris Faz,Prospecting,Engaging,2017-10-10,6
ST-013306,V4PVZC5L,Boris Faz,Engaging,Lost,2017-10-18,8
ST-013307,9G85W8XE,Corliss Cosme,Prospecting,Engaging,2017-10-10,25
ST-013308,9G85W8XE,Corliss Cosme,Engaging,Lost,2017-10-15,5
ST-013309,S6DXPVLA,Daniell Hammack,Prospecting,Engaging,2017-10-10,19
ST-013310,S6DXPVLA,Daniell Hammack,Engaging,Lost,2017-11-13,34
ST-013311,MKI4TLUN,Daniell Hammack,Prospecting,Engaging,2017-10-10,17
ST-013312,MKI4TLUN,Daniell Hammack,Engaging,Won,2017-12-18,69
ST-013313,H41YA4SB,Darcel Schlecht,Prospecting,Engaging,2017-10-10,13
ST-013314,H41YA4SB,Darcel Schlecht,Engaging,Lost,2017-12-26,77
ST-013315,MW4MSIWW,Darcel Schlecht,Prospecting,Engaging,2017-10-10,25
ST-013316,MW4MSIWW,Darcel Schlecht,Engaging,Lost,2017-10-14,4
ST-013317,XSQOEHEA,Hayden Neloms,Prospecting,Engaging,2017-10-10,3
ST-013318,XSQOEHEA,Hayden Neloms,Engaging,Lost,2017-10-15,5
ST-013319,GQT2DFWZ,Jonathan Berthelot,Prospecting,Engaging,2017-10-10,3
ST-013320,GQT2DFWZ,Jonathan Berthelot,Engaging,Won,2017-10-20,10
ST-013321,IQ9GMTBR,Kami Bicknell,Prospecting,Engaging,2017-10-10,24
ST-013322,IQ9GMTBR,Kami Bicknell,Engaging,Won,2017-10-11,1
ST-013323,ZR8H455M,Kary Hendrixson,Prospecting,Engaging,2017-10-10,9
ST-013324,ZR8H455M,Kary Hendrixson,Engaging,Lost,2017-10-14,4
ST-013325,3F2EMUQ7,Kary Hendrixson,Prospecting,Engaging,2017-10-10,15
ST-013326,3F2EMUQ7,Kary Hendrixson,Engaging,Lost,2017-10-11,1
ST-013327,VB26KWQ6,Kary Hendrixson,Prospecting,Engaging,2017-10-10,21
ST-013328,VB26KWQ6,Kary Hendrixson,Engaging,Won,2017-11-20,41
ST-013329,7J1UD7ZW,Kary Hendrixson,Prospecting,Engaging,2017-10-10,6
ST-013330,7J1UD7ZW,Kary Hendrixson,Engaging,Won,2017-10-12,2
ST-013331,VR6NO9FA,Kary Hendrixson,Prospecting,Engaging,2017-10-10,13
ST-013332,VR6NO9FA,Kary Hendrixson,Engaging,Won,2017-10-22,12
ST-013333,O8QGRK5P,Kary Hendrixson,Prospecting,Engaging,2017-10-10,14
ST-013334,O8QGRK5P,Kary Hendrixson,Engaging,Won,2017-10-14,4
ST-013335,BOD1GBJU,Lajuana Vencill,Prospecting,Engaging,2017-10-10,22
ST-013336,BOD1GBJU,Lajuana Vencill,Engaging,Lost,2017-12-25,76
ST-013337,TN3IRRND,Lajuana Vencill,Prospecting,Engaging,2017-10-10,30
ST-013338,TN3IRRND,Lajuana Vencill,Engaging,Lost,2017-10-19,9
ST-013339,PR224V1P,Marty Freudenburg,Prospecting,Engaging,2017-10-10,11
ST-013340,PR224V1P,Marty Freudenburg,Engaging,Lost,2017-10-19,9
ST-013341,60RDU2SZ,Marty Freudenburg,Prospecting,Engaging,2017-10-10,8
ST-013342,60RDU2SZ,Marty Freudenburg,Engaging,Won,2017-10-17,7
ST-013343,X2I316HD,Moses Frase,Prospecting,Engaging,2017-10-10,20
ST-013344,X2I316HD,Moses Frase,Engaging,Won,2017-12-29,80
ST-013345,K5DNNWYT,Rosie Papadopoulos,Prospecting,Engaging,2017-10-10,11
ST-013346,K5DNNWYT,Rosie Papadopoulos,Engaging,Won,2017-10-11,1
ST-013347,941E65Z7,Vicki Laflamme,Prospecting,Engaging,2017-10-10,10
ST-013348,941E65Z7,Vicki Laflamme,Engaging,Won,2017-10-12,2
ST-013349,77UHLYMA,Zane Levy,Prospecting,Engaging,2017-10-10,11
ST-013350,77UHLYMA,Zane Levy,Engaging,Lost,2017-10-11,1
ST-013351,VR1XYM23,Zane Levy,Prospecting,Engaging,2017-10-10,18
ST-013352,VR1XYM23,Zane Levy,Engaging,Won,2017-12-23,74
ST-013353,TQ6BTW2Z,Zane Levy,Prospecting,Engaging,2017-10-10,22
ST-013354,TQ6BTW2Z,Zane Levy,Engaging,Won,2017-10-18,8
ST-013355,IVSOSC0E,Zane Levy,Prospecting,Engaging,2017-10-10,13
ST-013356,IVSOSC0E,Zane Levy,Engaging,Won,2017-10-15,5
ST-013357,KI4LTBV6,Anna Snelling,Prospecting,Engaging,2017-10-11,14
ST-013358,KI4LTBV6,Anna Snelling,Engaging,Lost,2017-10-13,2
ST-013359,4VZ0JIVZ,Anna Snelling,Prospecting,Engaging,2017-10-11,8
ST-013360,4VZ0JIVZ,Anna Snelling,Engaging,Won,2017-10-16,5
ST-013361,FNCXBWHQ,Boris Faz,Prospecting,Engaging,2017-10-11,18
ST-013362,FNCXBWHQ,Boris Faz,Engaging,Won,2017-12-27,77
ST-013363,Q306R9K4,Boris Faz,Prospecting,Engaging,2017-10-11,16
ST-013364,Q306R9K4,Boris Faz,Engaging,Won,2017-10-21,10
ST-013365,KHRY7J40,Cassey Cress,Prospecting,Engaging,2017-10-11,9
ST-013366,KHRY7J40,Cassey Cress,Engaging,Won,2017-11-12,32
ST-013367,AP9MLRZJ,Corliss Cosme,Prospecting,Engaging,2017-10-11,16
ST-013368,AP9MLRZJ,Corliss Cosme,Engaging,Won,2017-12-20,70
ST-013369,46JP2TQB,Darcel Schlecht,Prospecting,Engaging,2017-10-11,25
ST-013370,46JP2TQB,Darcel Schlecht,Engaging,Lost,2017-10-19,8
ST-013371,W48N7MRO,Darcel Schlecht,Prospecting,Engaging,2017-10-11,27
ST-013372,W48N7MRO,Darcel Schlecht,Engaging,Lost,2017-10-13,2
ST-013373,X4LSK4OE,Darcel Schlecht,Prospecting,Engaging,2017-10-11,14
ST-013374,X4LSK4OE,Darcel Schlecht,Engaging,Won,2017-11-03,23
ST-013375,M1ZZYSTB,Donn Cantrell,Prospecting,Engaging,2017-10-11,14
ST-013376,M1ZZYSTB,Donn Cantrell,Engaging,Won,2017-10-12,1
ST-013377,0UOIGVEO,Donn Cantrell,Prospecting,Engaging,2017-10-11,30
ST-013378,0UOIGVEO,Donn Cantrell,Engaging,Won,2017-10-20,9
ST-013379,AK9OXW30,Garret Kinder,Prospecting,Engaging,2017-10-11,15
ST-013380,AK9OXW30,Garret Kinder,Engaging,Lost,2017-10-12,1
ST-013381,CFGYG1EC,James Ascencio,Prospecting,Engaging,2017-10-11,11
ST-013382,CFGYG1EC,James Ascencio,Engaging,Lost,2017-10-13,2
ST-013383,TS3P4VMD,James Ascencio,Prospecting,Engaging,2017-10-11,17
ST-013384,TS3P4VMD,James Ascencio,Engaging,Won,2017-10-19,8
ST-013385,8PEB9FHX,James Ascencio,Prospecting,Engaging,2017-10-11,8
ST-013386,8PEB9FHX,James Ascencio,Engaging,Won,2017-10-18,7
ST-013387,V1YT1LP1,Jonathan Berthelot,Prospecting,Engaging,2017-10-11,21
ST-013388,V1YT1LP1,Jonathan Berthelot,Engaging,Won,2017-12-25,75
ST-013389,DTIZX4YN,Jonathan Berthelot,Prospecting,Engaging,2017-10-11,7
ST-013390,DTIZX4YN,Jonathan Berthelot,Engaging,Won,2017-10-22,11
ST-013391,KMBY0IGV,Kami Bicknell,Prospecting,Engaging,2017-10-11,21
ST-013392,KMBY0IGV,Kami Bicknell,Engaging,Won,2017-10-12,1
ST-013393,XULGG5K8,Kary Hendrixson,Prospecting,Engaging,2017-10-11,24
ST-013394,XULGG5K8,Kary Hendrixson,Engaging,Lost,2017-10-13,2
ST-013395,KP8ZZ3Y6,Kary Hendrixson,Prospecting,Engaging,2017-10-11,10
ST-013396,KP8ZZ3Y6,Kary Hendrixson,Engaging,Lost,2017-12-23,73
ST-013397,SBF5S7LF,Kary Hendrixson,Prospecting,Engaging,2017-10-11,29
ST-013398,SBF5S7LF,Kary Hendrixson,Engaging,Won,2017-10-21,10
ST-013399,YIA65LM2,Lajuana Vencill,Prospecting,Engaging,2017-10-11,6
ST-013400,YIA65LM2,Lajuana Vencill,Engaging,Lost,2017-10-19,8
ST-013401,8SLDCS0F,Markita Hansen,Prospecting,Engaging,2017-10-11,26
ST-013402,TVBY6CND,Marty Freudenburg,Prospecting,Engaging,2017-10-11,11
ST-013403,TVBY6CND,Marty Freudenburg,Engaging,Won,2017-12-15,65
ST-013404,OHOWVHYX,Rosalina Dieter,Prospecting,Engaging,2017-10-11,28
ST-013405,EC9H6XHB,Rosie Papadopoulos,Prospecting,Engaging,2017-10-11,10
ST-013406,EC9H6XHB,Rosie Papadopoulos,Engaging,Lost,2017-11-22,42
ST-013407,47QKNXLO,Rosie Papadopoulos,Prospecting,Engaging,2017-10-11,20
ST-013408,47QKNXLO,Rosie Papadopoulos,Engaging,Won,2017-12-10,60
ST-013409,VW2PJALW,Versie Hillebrand,Prospecting,Engaging,2017-10-11,16
ST-013410,VW2PJALW,Versie Hillebrand,Engaging,Won,2017-11-29,49
ST-013411,GVLIYD9A,Vicki Laflamme,Prospecting,Engaging,2017-10-11,30
ST-013412,GVLIYD9A,Vicki Laflamme,Engaging,Won,2017-12-11,61
ST-013413,F761DF0M,Zane Levy,Prospecting,Engaging,2017-10-11,15
ST-013414,II1GOQWL,Zane Levy,Prospecting,Engaging,2017-10-11,9
ST-013415,II1GOQWL,Zane Levy,Engaging,Lost,2017-10-20,9
ST-013416,4P5BOQB5,Zane Levy,Prospecting,Engaging,2017-10-11,7
ST-013417,4P5BOQB5,Zane Levy,Engaging,Won,2017-12-22,72
ST-013418,QYYOVTHC,Boris Faz,Prospecting,Engaging,2017-10-12,28
ST-013419,QYYOVTHC,Boris Faz,Engaging,Lost,2017-10-19,7
ST-013420,4O3EPWFR,Corliss Cosme,Prospecting,Engaging,2017-10-12,26
ST-013421,AADN7F5T,Darcel Schlecht,Prospecting,Engaging,2017-10-12,7
ST-013422,AADN7F5T,Darcel Schlecht,Engaging,Lost,2017-10-17,5
ST-013423,U8CWFFRH,Jonathan Berthelot,Prospecting,Engaging,2017-10-12,18
ST-013424,U8CWFFRH,Jonathan Berthelot,Engaging,Lost,2017-10-13,1
ST-013425,35HVN8Q3,Jonathan Berthelot,Prospecting,Engaging,2017-10-12,28
ST-013426,35HVN8Q3,Jonathan Berthelot,Engaging,Won,2017-10-21,9
ST-013427,PNNZM0OZ,Jonathan Berthelot,Prospecting,Engaging,2017-10-12,3
ST-013428,PNNZM0OZ,Jonathan Berthelot,Engaging,Won,2017-12-28,77
ST-013429,UYZQCWAC,Jonathan Berthelot,Prospecting,Engaging,2017-10-12,8
ST-013430,UYZQCWAC,Jonathan Berthelot,Engaging,Won,2017-12-06,55
ST-013431,K0YFUK4X,Kami Bicknell,Prospecting,Engaging,2017-10-12,16
ST-013432,K0YFUK4X,Kami Bicknell,Engaging,Won,2017-11-02,21
ST-013433,TUL0TZSR,Kary Hendrixson,Prospecting,Engaging,2017-10-12,18
ST-013434,TUL0TZSR,Kary Hendrixson,Engaging,Won,2017-10-23,11
ST-013435,LS2A22IA,Lajuana Vencill,Prospecting,Engaging,2017-10-12,7
ST-013436,LS2A22IA,Lajuana Vencill,Engaging,Lost,2017-10-21,9
ST-013437,L5K0S1U3,Lajuana Vencill,Prospecting,Engaging,2017-10-12,30
ST-013438,L5K0S1U3,Lajuana Vencill,Engaging,Lost,2017-10-22,10
ST-013439,82LY53FE,Markita Hansen,Prospecting,Engaging,2017-10-12,23
ST-013440,82LY53FE,Markita Hansen,Engaging,Won,2017-11-01,20
ST-013441,XRJTRP20,Maureen Marcano,Prospecting,Engaging,2017-10-12,19
ST-013442,XRJTRP20,Maureen Marcano,Engaging,Won,2017-10-17,5
ST-013443,D00FIU21,Moses Frase,Prospecting,Engaging,2017-10-12,20
ST-013444,D00FIU21,Moses Frase,Engaging,Won,2017-12-11,60
ST-013445,C48I5WD9,Moses Frase,Prospecting,Engaging,2017-10-12,26
ST-013446,C48I5WD9,Moses Frase,Engaging,Won,2017-10-13,1
ST-013447,HG0N3NJ4,Reed Clapper,Prospecting,Engaging,2017-10-12,13
ST-013448,HG0N3NJ4,Reed Clapper,Engaging,Won,2017-10-14,2
ST-013449,5ZUKTSJV,Violet Mclelland,Prospecting,Engaging,2017-10-12,28
ST-013450,5ZUKTSJV,Violet Mclelland,Engaging,Won,2017-10-17,5
ST-013451,CD5B8P8U,Zane Levy,Prospecting,Engaging,2017-10-12,18
ST-013452,CD5B8P8U,Zane Levy,Engaging,Lost,2017-10-19,7
ST-013453,MBYY3F5P,Zane Levy,Prospecting,Engaging,2017-10-12,12
ST-013454,MBYY3F5P,Zane Levy,Engaging,Won,2017-10-21,9
ST-013455,0V9YEQDU,Anna Snelling,Prospecting,Engaging,2017-10-13,11
ST-013456,0V9YEQDU,Anna Snelling,Engaging,Lost,2017-10-22,9
ST-013457,76GEYK0T,Cassey Cress,Prospecting,Engaging,2017-10-13,20
ST-013458,76GEYK0T,Cassey Cress,Engaging,Won,2017-10-23,10
ST-013459,0QUXNGR1,Cecily Lampkin,Prospecting,Engaging,2017-10-13,30
ST-013460,0QUXNGR1,Cecily Lampkin,Engaging,Lost,2017-10-18,5
ST-013461,4N9E1F86,Corliss Cosme,Prospecting,Engaging,2017-10-13,21
ST-013462,4N9E1F86,Corliss Cosme,Engaging,Lost,2017-10-20,7
ST-013463,895XMROB,Corliss Cosme,Prospecting,Engaging,2017-10-13,4
ST-013464,895XMROB,Corliss Cosme,Engaging,Lost,2017-11-21,39
ST-013465,LFMLZPA5,Daniell Hammack,Prospecting,Engaging,2017-10-13,15
ST-013466,LFMLZPA5,Daniell Hammack,Engaging,Lost,2017-10-22,9
ST-013467,H54N095V,Darcel Schlecht,Prospecting,Engaging,2017-10-13,6
ST-013468,H54N095V,Darcel Schlecht,Engaging,Won,2017-10-24,11
ST-013469,FQPECFYO,Darcel Schlecht,Prospecting,Engaging,2017-10-13,25
ST-013470,FQPECFYO,Darcel Schlecht,Engaging,Won,2017-12-20,68
ST-013471,933OT3AE,Darcel Schlecht,Prospecting,Engaging,2017-10-13,8
ST-013472,933OT3AE,Darcel Schlecht,Engaging,Won,2017-10-14,1
ST-013473,5HDKACI4,Donn Cantrell,Prospecting,Engaging,2017-10-13,4
ST-013474,5HDKACI4,Donn Cantrell,Engaging,Lost,2017-10-15,2
ST-013475,GVEUKZ72,Donn Cantrell,Prospecting,Engaging,2017-10-13,9
ST-013476,GVEUKZ72,Donn Cantrell,Engaging,Lost,2017-12-09,57
ST-013477,YHOVVBSP,Donn Cantrell,Prospecting,Engaging,2017-10-13,29
ST-013478,YHOVVBSP,Donn Cantrell,Engaging,Lost,2017-12-10,58
ST-013479,ZN6HXJ5F,Hayden Neloms,Prospecting,Engaging,2017-10-13,11
ST-013480,ZN6HXJ5F,Hayden Neloms,Engaging,Lost,2017-10-20,7
ST-013481,3IQ19UZ2,Hayden Neloms,Prospecting,Engaging,2017-10-13,18
ST-013482,3IQ19UZ2,Hayden Neloms,Engaging,Won,2017-10-14,1
ST-013483,R2CG5WED,James Ascencio,Prospecting,Engaging,2017-10-13,29
ST-013484,R2CG5WED,James Ascencio,Engaging,Lost,2017-12-03,51
ST-013485,QCBO7C6E,Kami Bicknell,Prospecting,Engaging,2017-10-13,23
ST-013486,ORYORRQV,Kary Hendrixson,Prospecting,Engaging,2017-10-13,6
ST-013487,NGG8O0JX,Markita Hansen,Prospecting,Engaging,2017-10-13,17
ST-013488,GH0FU105,Markita Hansen,Prospecting,Engaging,2017-10-13,26
ST-013489,GH0FU105,Markita Hansen,Engaging,Lost,2017-10-18,5
ST-013490,NDIZ18GW,Maureen Marcano,Prospecting,Engaging,2017-10-13,13
ST-013491,NDIZ18GW,Maureen Marcano,Engaging,Lost,2017-10-25,12
ST-013492,BRIOGGKC,Moses Frase,Prospecting,Engaging,2017-10-13,11
ST-013493,BRIOGGKC,Moses Frase,Engaging,Lost,2017-11-29,47
ST-013494,GZYL4SG1,Moses Frase,Prospecting,Engaging,2017-10-13,14
ST-013495,GZYL4SG1,Moses Frase,Engaging,Won,2017-10-26,13
ST-013496,7ZASHEBX,Reed Clapper,Prospecting,Engaging,2017-10-13,14
ST-013497,7ZASHEBX,Reed Clapper,Engaging,Won,2017-12-14,62
ST-013498,WJ9JNMJ2,Versie Hillebrand,Prospecting,Engaging,2017-10-13,20
ST-013499,WJ9JNMJ2,Versie Hillebrand,Engaging,Won,2017-10-24,11
ST-013500,N3OWNMD3,Vicki Laflamme,Prospecting,Engaging,2017-10-13,20
ST-013501,N3OWNMD3,Vicki Laflamme,Engaging,Lost,2017-10-22,9
ST-013502,8U3LICIW,Vicki Laflamme,Prospecting,Engaging,2017-10-13,28
ST-013503,8U3LICIW,Vicki Laflamme,Engaging,Won,2017-12-10,58
ST-013504,JALBPRSF,Violet Mclelland,Prospecting,Engaging,2017-10-13,11
ST-013505,JALBPRSF,Violet Mclelland,Engaging,Lost,2017-10-21,8
ST-013506,0E1HHXGB,Violet Mclelland,Prospecting,Engaging,2017-10-13,14
ST-013507,0E1HHXGB,Violet Mclelland,Engaging,Lost,2017-10-15,2
ST-013508,MJXPSHYT,Violet Mclelland,Prospecting,Engaging,2017-10-13,3
ST-013509,MJXPSHYT,Violet Mclelland,Engaging,Won,2017-10-24,11
ST-013510,AF8SULB0,Cecily Lampkin,Prospecting,Engaging,2017-10-14,16
ST-013511,AF8SULB0,Cecily Lampkin,Engaging,Won,2017-10-26,12
ST-013512,N8BM4XEP,Corliss Cosme,Prospecting,Engaging,2017-10-14,6
ST-013513,N8BM4XEP,Corliss Cosme,Engaging,Won,2017-11-17,34
ST-013514,FZGBRGHF,Daniell Hammack,Prospecting,Engaging,2017-10-14,14
ST-013515,FZGBRGHF,Daniell Hammack,Engaging,Lost,2017-12-30,77
ST-013516,36PET9WM,Darcel Schlecht,Prospecting,Engaging,2017-10-14,30
ST-013517,36PET9WM,Darcel Schlecht,Engaging,Lost,2017-10-15,1
ST-013518,GRO3S3HV,Darcel Schlecht,Prospecting,Engaging,2017-10-14,24
ST-013519,GRO3S3HV,Darcel Schlecht,Engaging,Lost,2017-10-21,7
ST-013520,KG9R5M1Y,Darcel Schlecht,Prospecting,Engaging,2017-10-14,22
ST-013521,KG9R5M1Y,Darcel Schlecht,Engaging,Won,2017-10-18,4
ST-013522,R0S5FZ1G,Donn Cantrell,Prospecting,Engaging,2017-10-14,9
ST-013523,R0S5FZ1G,Donn Cantrell,Engaging,Lost,2017-11-01,18
ST-013524,3W1Y39BY,Donn Cantrell,Prospecting,Engaging,2017-10-14,21
ST-013525,3W1Y39BY,Donn Cantrell,Engaging,Won,2017-10-24,10
ST-013526,G58GOO4N,Garret Kinder,Prospecting,Engaging,2017-10-14,21
ST-013527,G58GOO4N,Garret Kinder,Engaging,Lost,2017-10-18,4
ST-013528,JF0F2J5W,Garret Kinder,Prospecting,Engaging,2017-10-14,23
ST-013529,JF0F2J5W,Garret Kinder,Engaging,Lost,2017-10-15,1
ST-013530,93AE6QM4,Hayden Neloms,Prospecting,Engaging,2017-10-14,23
ST-013531,93AE6QM4,Hayden Neloms,Engaging,Won,2017-10-15,1
ST-013532,0YM4VJDP,James Ascencio,Prospecting,Engaging,2017-10-14,20
ST-013533,0YM4VJDP,James Ascencio,Engaging,Lost,2017-11-30,47
ST-013534,ICD9OMSF,Jonathan Berthelot,Prospecting,Engaging,2017-10-14,8
ST-013535,ICD9OMSF,Jonathan Berthelot,Engaging,Won,2017-10-22,8
ST-013536,IHJEX21Z,Kami Bicknell,Prospecting,Engaging,2017-10-14,27
ST-013537,IHJEX21Z,Kami Bicknell,Engaging,Won,2017-12-03,50
ST-013538,8JORJ1SS,Lajuana Vencill,Prospecting,Engaging,2017-10-14,12
ST-013539,8JORJ1SS,Lajuana Vencill,Engaging,Lost,2017-10-20,6
ST-013540,0NKINI7S,Lajuana Vencill,Prospecting,Engaging,2017-10-14,14
ST-013541,0NKINI7S,Lajuana Vencill,Engaging,Won,2017-10-16,2
ST-013542,QFLFLCD0,Marty Freudenburg,Prospecting,Engaging,2017-10-14,13
ST-013543,QFLFLCD0,Marty Freudenburg,Engaging,Lost,2017-10-18,4
ST-013544,OB3OK8BQ,Marty Freudenburg,Prospecting,Engaging,2017-10-14,24
ST-013545,OB3OK8BQ,Marty Freudenburg,Engaging,Won,2017-12-26,73
ST-013546,5S3RN7H2,Niesha Huffines,Prospecting,Engaging,2017-10-14,19
ST-013547,5S3RN7H2,Niesha Huffines,Engaging,Lost,2017-12-31,78
ST-013548,6YCRJK5W,Rosalina Dieter,Prospecting,Engaging,2017-10-14,18
ST-013549,6YCRJK5W,Rosalina Dieter,Engaging,Lost,2017-10-23,9
ST-013550,FDMK85GD,Versie Hillebrand,Prospecting,Engaging,2017-10-14,27
ST-013551,FDMK85GD,Versie Hillebrand,Engaging,Won,2017-10-22,8
ST-013552,DYYJW46L,Vicki Laflamme,Prospecting,Engaging,2017-10-14,26
ST-013553,EVKQXZV6,Vicki Laflamme,Prospecting,Engaging,2017-10-14,17
ST-013554,EVKQXZV6,Vicki Laflamme,Engaging,Lost,2017-11-01,18
ST-013555,IDO6PU1B,Zane Levy,Prospecting,Engaging,2017-10-14,5
ST-013556,IDO6PU1B,Zane Levy,Engaging,Lost,2017-10-23,9
ST-013557,CYAL1N0B,Zane Levy,Prospecting,Engaging,2017-10-14,15
ST-013558,CYAL1N0B,Zane Levy,Engaging,Won,2017-10-15,1
ST-013559,9GSBUJMH,Anna Snelling,Prospecting,Engaging,2017-10-15,22
ST-013560,9GSBUJMH,Anna Snelling,Engaging,Lost,2017-10-24,9
ST-013561,XSTGL252,Cassey Cress,Prospecting,Engaging,2017-10-15,12
ST-013562,ECB42PGL,Cassey Cress,Prospecting,Engaging,2017-10-15,17
ST-013563,ECB42PGL,Cassey Cress,Engaging,Lost,2017-10-24,9
ST-013564,PYIP2H5Z,Cecily Lampkin,Prospecting,Engaging,2017-10-15,23
ST-013565,PYIP2H5Z,Cecily Lampkin,Engaging,Lost,2017-10-16,1
ST-013566,129P48QP,Daniell Hammack,Prospecting,Engaging,2017-10-15,7
ST-013567,129P48QP,Daniell Hammack,Engaging,Lost,2017-10-25,10
ST-013568,BUFF2EP5,Daniell Hammack,Prospecting,Engaging,2017-10-15,30
ST-013569,BUFF2EP5,Daniell Hammack,Engaging,Won,2017-11-01,17
ST-013570,IQRA0Q8C,Darcel Schlecht,Prospecting,Engaging,2017-10-15,8
ST-013571,IQRA0Q8C,Darcel Schlecht,Engaging,Won,2017-10-16,1
ST-013572,14P6935C,Darcel Schlecht,Prospecting,Engaging,2017-10-15,23
ST-013573,14P6935C,Darcel Schlecht,Engaging,Won,2017-10-16,1
ST-013574,U220GK9W,Darcel Schlecht,Prospecting,Engaging,2017-10-15,28
ST-013575,U220GK9W,Darcel Schlecht,Engaging,Won,2017-10-16,1
ST-013576,03R1VC7O,Donn Cantrell,Prospecting,Engaging,2017-10-15,13
ST-013577,03R1VC7O,Donn Cantrell,Engaging,Won,2017-10-28,13
ST-013578,LUFR7MJC,Gladys Colclough,Prospecting,Engaging,2017-10-15,16
ST-013579,LUFR7MJC,Gladys Colclough,Engaging,Lost,2017-10-19,4
ST-013580,8EX2PGAY,Hayden Neloms,Prospecting,Engaging,2017-10-15,23
ST-013581,8EX2PGAY,Hayden Neloms,Engaging,Lost,2017-10-21,6
ST-013582,C0H6SU2X,Hayden Neloms,Prospecting,Engaging,2017-10-15,22
ST-013583,C0H6SU2X,Hayden Neloms,Engaging,Won,2017-12-20,66
ST-013584,94JOUSW7,Kary Hendrixson,Prospecting,Engaging,2017-10-15,21
ST-013585,94JOUSW7,Kary Hendrixson,Engaging,Lost,2017-10-23,8
ST-013586,9RC58SP0,Kary Hendrixson,Prospecting,Engaging,2017-10-15,15
ST-013587,9RC58SP0,Kary Hendrixson,Engaging,Lost,2017-10-26,11
ST-013588,XFNYWN7B,Kary Hendrixson,Prospecting,Engaging,2017-10-15,30
ST-013589,XFNYWN7B,Kary Hendrixson,Engaging,Won,2017-10-16,1
ST-013590,6NFIUDKS,Kary Hendrixson,Prospecting,Engaging,2017-10-15,5
ST-013591,6NFIUDKS,Kary Hendrixson,Engaging,Won,2017-11-26,42
ST-013592,4TD018BE,Kary Hendrixson,Prospecting,Engaging,2017-10-15,5
ST-013593,4TD018BE,Kary Hendrixson,Engaging,Won,2017-10-16,1
ST-013594,SWKGC34P,Lajuana Vencill,Prospecting,Engaging,2017-10-15,8
ST-013595,SWKGC34P,Lajuana Vencill,Engaging,Lost,2017-10-21,6
ST-013596,C3Y94J5R,Marty Freudenburg,Prospecting,Engaging,2017-10-15,13
ST-013597,C3Y94J5R,Marty Freudenburg,Engaging,Lost,2017-10-24,9
ST-013598,2H45C9FK,Marty Freudenburg,Prospecting,Engaging,2017-10-15,10
ST-013599,2H45C9FK,Marty Freudenburg,Engaging,Lost,2017-10-23,8
ST-013600,LFM4SMIA,Moses Frase,Prospecting,Engaging,2017-10-15,13
ST-013601,LFM4SMIA,Moses Frase,Engaging,Won,2017-10-23,8
ST-013602,MEXK5KU6,Reed Clapper,Prospecting,Engaging,2017-10-15,13
ST-013603,MEXK5KU6,Reed Clapper,Engaging,Lost,2017-12-27,73
ST-013604,UDXS7H12,Reed Clapper,Prospecting,Engaging,2017-10-15,23
ST-013605,UDXS7H12,Reed Clapper,Engaging,Won,2017-11-28,44
ST-013606,4G61Z1HD,Versie Hillebrand,Prospecting,Engaging,2017-10-15,12
ST-013607,4G61Z1HD,Versie Hillebrand,Engaging,Lost,2017-10-25,10
ST-013608,X4KAK55N,Wilburn Farren,Prospecting,Engaging,2017-10-15,25
ST-013609,X4KAK55N,Wilburn Farren,Engaging,Won,2017-10-23,8
ST-013610,AHOYDL01,Zane Levy,Prospecting,Engaging,2017-10-15,11
ST-013611,AHOYDL01,Zane Levy,Engaging,Won,2017-10-23,8
ST-013612,R5ILWVDD,Anna Snelling,Prospecting,Engaging,2017-10-16,22
ST-013613,R5ILWVDD,Anna Snelling,Engaging,Won,2017-12-13,58
ST-013614,J5WP57XS,Cecily Lampkin,Prospecting,Engaging,2017-10-16,23
ST-013615,J5WP57XS,Cecily Lampkin,Engaging,Won,2017-11-03,18
ST-013616,VPD4G16I,Corliss Cosme,Prospecting,Engaging,2017-10-16,15
ST-013617,VPD4G16I,Corliss Cosme,Engaging,Won,2017-10-17,1
ST-013618,Z173R82Y,Daniell Hammack,Prospecting,Engaging,2017-10-16,11
ST-013619,Z173R82Y,Daniell Hammack,Engaging,Won,2017-12-25,70
ST-013620,TFGC7TPF,Darcel Schlecht,Prospecting,Engaging,2017-10-16,17
ST-013621,TFGC7TPF,Darcel Schlecht,Engaging,Lost,2017-10-19,3
ST-013622,03X37HOO,Darcel Schlecht,Prospecting,Engaging,2017-10-16,27
ST-013623,03X37HOO,Darcel Schlecht,Engaging,Lost,2017-10-17,1
ST-013624,OWGXQLJS,Darcel Schlecht,Prospecting,Engaging,2017-10-16,30
ST-013625,OWGXQLJS,Darcel Schlecht,Engaging,Won,2017-10-25,9
ST-013626,Y4SN1R3L,Darcel Schlecht,Prospecting,Engaging,2017-10-16,14
ST-013627,Y4SN1R3L,Darcel Schlecht,Engaging,Won,2017-10-17,1
ST-013628,CX3PZ8DP,Donn Cantrell,Prospecting,Engaging,2017-10-16,26
ST-013629,CX3PZ8DP,Donn Cantrell,Engaging,Lost,2017-10-26,10
ST-013630,V7DY5VAP,Gladys Colclough,Prospecting,Engaging,2017-10-16,21
ST-013631,V7DY5VAP,Gladys Colclough,Engaging,Lost,2017-10-24,8
ST-013632,JLB353E4,Hayden Neloms,Prospecting,Engaging,2017-10-16,19
ST-013633,JLB353E4,Hayden Neloms,Engaging,Won,2017-10-20,4
ST-013634,KOK62RF4,Kami Bicknell,Prospecting,Engaging,2017-10-16,17
ST-013635,KOK62RF4,Kami Bicknell,Engaging,Lost,2017-10-22,6
ST-013636,8U59BH8O,Kary Hendrixson,Prospecting,Engaging,2017-10-16,16
ST-013637,8U59BH8O,Kary Hendrixson,Engaging,Lost,2017-10-26,10
ST-013638,BZR75SK1,Kary Hendrixson,Prospecting,Engaging,2017-10-16,8
ST-013639,BZR75SK1,Kary Hendrixson,Engaging,Lost,2017-10-21,5
ST-013640,48HBI36Y,Kary Hendrixson,Prospecting,Engaging,2017-10-16,8
ST-013641,48HBI36Y,Kary Hendrixson,Engaging,Won,2017-11-12,27
ST-013642,ME7IZ1WY,Kary Hendrixson,Prospecting,Engaging,2017-10-16,30
ST-013643,ME7IZ1WY,Kary Hendrixson,Engaging,Won,2017-10-24,8
ST-013644,STC921ZX,Markita Hansen,Prospecting,Engaging,2017-10-16,3
ST-013645,STC921ZX,Markita Hansen,Engaging,Won,2017-10-23,7
ST-013646,MJRDXH1B,Marty Freudenburg,Prospecting,Engaging,2017-10-16,7
ST-013647,MJRDXH1B,Marty Freudenburg,Engaging,Lost,2017-10-21,5
ST-013648,W2QJUK1Y,Moses Frase,Prospecting,Engaging,2017-10-16,26
ST-013649,W2QJUK1Y,Moses Frase,Engaging,Won,2017-10-28,12
ST-013650,B05SO4C6,Niesha Huffines,Prospecting,Engaging,2017-10-16,10
ST-013651,B05SO4C6,Niesha Huffines,Engaging,Lost,2017-11-19,34
ST-013652,MC717WRG,Rosie Papadopoulos,Prospecting,Engaging,2017-10-16,24
ST-013653,MC717WRG,Rosie Papadopoulos,Engaging,Lost,2017-10-18,2
ST-013654,P570QB1D,Versie Hillebrand,Prospecting,Engaging,2017-10-16,11
ST-013655,P570QB1D,Versie Hillebrand,Engaging,Won,2017-10-17,1
ST-013656,IWS4PKPP,Vicki Laflamme,Prospecting,Engaging,2017-10-16,26
ST-013657,IWS4PKPP,Vicki Laflamme,Engaging,Won,2017-12-21,66
ST-013658,GB3S67FY,Vicki Laflamme,Prospecting,Engaging,2017-10-16,25
ST-013659,GB3S67FY,Vicki Laflamme,Engaging,Won,2017-10-25,9
ST-013660,0W8VWJDS,Vicki Laflamme,Prospecting,Engaging,2017-10-16,26
ST-013661,0W8VWJDS,Vicki Laflamme,Engaging,Won,2017-10-18,2
ST-013662,4ZKFSG5F,Violet Mclelland,Prospecting,Engaging,2017-10-16,5
ST-013663,5TCGN3GX,Violet Mclelland,Prospecting,Engaging,2017-10-16,9
ST-013664,5J9ELX2Y,Zane Levy,Prospecting,Engaging,2017-10-16,8
ST-013665,5J9ELX2Y,Zane Levy,Engaging,Won,2017-10-23,7
ST-013666,SQE6KE7V,Anna Snelling,Prospecting,Engaging,2017-10-17,15
ST-013667,SQE6KE7V,Anna Snelling,Engaging,Won,2017-10-23,6
ST-013668,LH03MJX5,Boris Faz,Prospecting,Engaging,2017-10-17,6
ST-013669,LH03MJX5,Boris Faz,Engaging,Lost,2017-10-25,8
ST-013670,0SQM849O,Cassey Cress,Prospecting,Engaging,2017-10-17,6
ST-013671,0SQM849O,Cassey Cress,Engaging,Won,2017-10-29,12
ST-013672,KXTUVDLU,Corliss Cosme,Prospecting,Engaging,2017-10-17,5
ST-013673,KXTUVDLU,Corliss Cosme,Engaging,Lost,2017-12-13,57
ST-013674,9YOGUMN9,Darcel Schlecht,Prospecting,Engaging,2017-10-17,18
ST-013675,9YOGUMN9,Darcel Schlecht,Engaging,Lost,2017-10-24,7
ST-013676,C933ZQBB,Darcel Schlecht,Prospecting,Engaging,2017-10-17,20
ST-013677,C933ZQBB,Darcel Schlecht,Engaging,Won,2017-10-23,6
ST-013678,G9M9IEQY,Gladys Colclough,Prospecting,Engaging,2017-10-17,4
ST-013679,G9M9IEQY,Gladys Colclough,Engaging,Lost,2017-10-23,6
ST-013680,M2VKMZPH,Jonathan Berthelot,Prospecting,Engaging,2017-10-17,3
ST-013681,M2VKMZPH,Jonathan Berthelot,Engaging,Won,2017-10-19,2
ST-013682,Y6NI5EBV,Kami Bicknell,Prospecting,Engaging,2017-10-17,27
ST-013683,OFC7ZTU8,Kami Bicknell,Prospecting,Engaging,2017-10-17,15
ST-013684,AZCY0HUP,Markita Hansen,Prospecting,Engaging,2017-10-17,19
ST-013685,AZCY0HUP,Markita Hansen,Engaging,Lost,2017-10-23,6
ST-013686,7CMG05CY,Markita Hansen,Prospecting,Engaging,2017-10-17,27
ST-013687,7CMG05CY,Markita Hansen,Engaging,Lost,2017-10-26,9
ST-013688,KDNNV952,Markita Hansen,Prospecting,Engaging,2017-10-17,5
ST-013689,KDNNV952,Markita Hansen,Engaging,Lost,2017-10-26,9
ST-013690,1UPVYK3H,Marty Freudenburg,Prospecting,Engaging,2017-10-17,6
ST-013691,1UPVYK3H,Marty Freudenburg,Engaging,Won,2017-10-26,9
ST-013692,MUODVNBC,Versie Hillebrand,Prospecting,Engaging,2017-10-17,11
ST-013693,MUODVNBC,Versie Hillebrand,Engaging,Won,2017-10-27,10
ST-013694,02G0NJCN,Vicki Laflamme,Prospecting,Engaging,2017-10-17,22
ST-013695,02G0NJCN,Vicki Laflamme,Engaging,Won,2017-10-26,9
ST-013696,76V79SHZ,Violet Mclelland,Prospecting,Engaging,2017-10-17,7
ST-013697,76V79SHZ,Violet Mclelland,Engaging,Lost,2017-10-18,1
ST-013698,7JMQM7XK,Violet Mclelland,Prospecting,Engaging,2017-10-17,5
ST-013699,7JMQM7XK,Violet Mclelland,Engaging,Lost,2017-10-18,1
ST-013700,PIPQZ9SQ,Wilburn Farren,Prospecting,Engaging,2017-10-17,23
ST-013701,PIPQZ9SQ,Wilburn Farren,Engaging,Lost,2017-10-19,2
ST-013702,NXHAAD08,Zane Levy,Prospecting,Engaging,2017-10-17,15
ST-013703,NXHAAD08,Zane Levy,Engaging,Won,2017-12-10,54
ST-013704,ABMVTEUH,Cassey Cress,Prospecting,Engaging,2017-10-18,12
ST-013705,ABMVTEUH,Cassey Cress,Engaging,Lost,2017-10-19,1
ST-013706,9Q710H4R,Cecily Lampkin,Prospecting,Engaging,2017-10-18,10
ST-013707,9Q710H4R,Cecily Lampkin,Engaging,Won,2017-10-20,2
ST-013708,4QU2EXEY,Cecily Lampkin,Prospecting,Engaging,2017-10-18,10
ST-013709,4QU2EXEY,Cecily Lampkin,Engaging,Won,2017-12-19,62
ST-013710,3MKAQ2YI,Corliss Cosme,Prospecting,Engaging,2017-10-18,26
ST-013711,3MKAQ2YI,Corliss Cosme,Engaging,Lost,2017-10-25,7
ST-013712,42CA70FG,Corliss Cosme,Prospecting,Engaging,2017-10-18,12
ST-013713,42CA70FG,Corliss Cosme,Engaging,Won,2017-10-26,8
ST-013714,R2C8A8SA,Daniell Hammack,Prospecting,Engaging,2017-10-18,17
ST-013715,R2C8A8SA,Daniell Hammack,Engaging,Lost,2017-11-05,18
ST-013716,PY96Q77S,Darcel Schlecht,Prospecting,Engaging,2017-10-18,23
ST-013717,PY96Q77S,Darcel Schlecht,Engaging,Won,2017-10-20,2
ST-013718,6QAWMSU2,Donn Cantrell,Prospecting,Engaging,2017-10-18,7
ST-013719,6QAWMSU2,Donn Cantrell,Engaging,Lost,2017-10-24,6
ST-013720,5B9EIYPP,Donn Cantrell,Prospecting,Engaging,2017-10-18,7
ST-013721,5B9EIYPP,Donn Cantrell,Engaging,Lost,2017-11-29,42
ST-013722,Z216TKEU,Elease Gluck,Prospecting,Engaging,2017-10-18,19
ST-013723,Z216TKEU,Elease Gluck,Engaging,Won,2017-10-20,2
ST-013724,9EHFBSBG,Garret Kinder,Prospecting,Engaging,2017-10-18,29
ST-013725,9EHFBSBG,Garret Kinder,Engaging,Won,2017-10-25,7
ST-013726,6SP45G3T,Gladys Colclough,Prospecting,Engaging,2017-10-18,8
ST-013727,6SP45G3T,Gladys Colclough,Engaging,Lost,2017-10-24,6
ST-013728,7U28UXIL,Hayden Neloms,Prospecting,Engaging,2017-10-18,3
ST-013729,7U28UXIL,Hayden Neloms,Engaging,Lost,2017-10-19,1
ST-013730,V2YD7XYV,Hayden Neloms,Prospecting,Engaging,2017-10-18,4
ST-013731,V2YD7XYV,Hayden Neloms,Engaging,Won,2017-12-20,63
ST-013732,1GVU0QTO,Hayden Neloms,Prospecting,Engaging,2017-10-18,24
ST-013733,1GVU0QTO,Hayden Neloms,Engaging,Won,2017-10-22,4
ST-013734,QG7RGODO,Kami Bicknell,Prospecting,Engaging,2017-10-18,14
ST-013735,QG7RGODO,Kami Bicknell,Engaging,Lost,2017-10-26,8
ST-013736,IHBYI8IO,Kami Bicknell,Prospecting,Engaging,2017-10-18,30
ST-013737,IHBYI8IO,Kami Bicknell,Engaging,Won,2017-10-24,6
ST-013738,M5NUUVA4,Kary Hendrixson,Prospecting,Engaging,2017-10-18,13
ST-013739,M5NUUVA4,Kary Hendrixson,Engaging,Lost,2017-11-22,35
ST-013740,XKYQ16FS,Kary Hendrixson,Prospecting,Engaging,2017-10-18,30
ST-013741,XKYQ16FS,Kary Hendrixson,Engaging,Lost,2017-11-05,18
ST-013742,VVM450RP,Kary Hendrixson,Prospecting,Engaging,2017-10-18,18
ST-013743,VVM450RP,Kary Hendrixson,Engaging,Won,2017-12-17,60
ST-013744,60KWQS2V,Lajuana Vencill,Prospecting,Engaging,2017-10-18,17
ST-013745,60KWQS2V,Lajuana Vencill,Engaging,Won,2017-10-20,2
ST-013746,1RND0S0B,Marty Freudenburg,Prospecting,Engaging,2017-10-18,30
ST-013747,1RND0S0B,Marty Freudenburg,Engaging,Won,2017-10-30,12
ST-013748,WI0LMD20,Marty Freudenburg,Prospecting,Engaging,2017-10-18,20
ST-013749,WI0LMD20,Marty Freudenburg,Engaging,Won,2017-12-19,62
ST-013750,4XPRCRX0,Niesha Huffines,Prospecting,Engaging,2017-10-18,11
ST-013751,4XPRCRX0,Niesha Huffines,Engaging,Lost,2017-10-29,11
ST-013752,5UEA6KVU,Niesha Huffines,Prospecting,Engaging,2017-10-18,20
ST-013753,5UEA6KVU,Niesha Huffines,Engaging,Won,2017-10-27,9
ST-013754,GAUSPPYM,Reed Clapper,Prospecting,Engaging,2017-10-18,17
ST-013755,GAUSPPYM,Reed Clapper,Engaging,Lost,2017-12-11,54
ST-013756,3Y1LN6CQ,Reed Clapper,Prospecting,Engaging,2017-10-18,7
ST-013757,3Y1LN6CQ,Reed Clapper,Engaging,Won,2017-10-19,1
ST-013758,RVUJPYY8,Rosalina Dieter,Prospecting,Engaging,2017-10-18,25
ST-013759,W7GVI03S,Rosalina Dieter,Prospecting,Engaging,2017-10-18,20
ST-013760,W7GVI03S,Rosalina Dieter,Engaging,Lost,2017-12-02,45
ST-013761,7RFTN4WI,Rosie Papadopoulos,Prospecting,Engaging,2017-10-18,8
ST-013762,7RFTN4WI,Rosie Papadopoulos,Engaging,Lost,2017-10-25,7
ST-013763,K00YH5XA,Rosie Papadopoulos,Prospecting,Engaging,2017-10-18,21
ST-013764,K00YH5XA,Rosie Papadopoulos,Engaging,Lost,2017-10-28,10
ST-013765,ZXIHEEV2,Vicki Laflamme,Prospecting,Engaging,2017-10-18,22
ST-013766,ZXIHEEV2,Vicki Laflamme,Engaging,Lost,2017-12-31,74
ST-013767,WPSHVGDZ,Vicki Laflamme,Prospecting,Engaging,2017-10-18,17
ST-013768,WPSHVGDZ,Vicki Laflamme,Engaging,Lost,2017-10-24,6
ST-013769,DXAO9R8N,Vicki Laflamme,Prospecting,Engaging,2017-10-18,23
ST-013770,DXAO9R8N,Vicki Laflamme,Engaging,Won,2017-10-27,9
ST-013771,PN0IWJ0N,Anna Snelling,Prospecting,Engaging,2017-10-19,26
ST-013772,PN0IWJ0N,Anna Snelling,Engaging,Won,2017-10-30,11
ST-013773,OXKWCAXO,Cassey Cress,Prospecting,Engaging,2017-10-19,23
ST-013774,OXKWCAXO,Cassey Cress,Engaging,Lost,2017-10-31,12
ST-013775,7FVUE0GY,Cassey Cress,Prospecting,Engaging,2017-10-19,21
ST-013776,7FVUE0GY,Cassey Cress,Engaging,Won,2017-10-21,2
ST-013777,FAIFAGJM,Cecily Lampkin,Prospecting,Engaging,2017-10-19,16
ST-013778,FAIFAGJM,Cecily Lampkin,Engaging,Won,2017-10-29,10
ST-013779,IKDFG91F,Corliss Cosme,Prospecting,Engaging,2017-10-19,19
ST-013780,IKDFG91F,Corliss Cosme,Engaging,Lost,2017-12-26,68
ST-013781,BP3I9G0F,Corliss Cosme,Prospecting,Engaging,2017-10-19,23
ST-013782,BP3I9G0F,Corliss Cosme,Engaging,Won,2017-10-21,2
ST-013783,0GM4GDFT,Daniell Hammack,Prospecting,Engaging,2017-10-19,23
ST-013784,0GM4GDFT,Daniell Hammack,Engaging,Lost,2017-10-28,9
ST-013785,5YIWOUOZ,Daniell Hammack,Prospecting,Engaging,2017-10-19,20
ST-013786,5YIWOUOZ,Daniell Hammack,Engaging,Won,2017-10-24,5
ST-013787,LM3GZYXD,Darcel Schlecht,Prospecting,Engaging,2017-10-19,12
ST-013788,LM3GZYXD,Darcel Schlecht,Engaging,Lost,2017-10-28,9
ST-013789,UUCSEHJX,Darcel Schlecht,Prospecting,Engaging,2017-10-19,14
ST-013790,UUCSEHJX,Darcel Schlecht,Engaging,Won,2017-10-27,8
ST-013791,OQQWTFSZ,Darcel Schlecht,Prospecting,Engaging,2017-10-19,18
ST-013792,OQQWTFSZ,Darcel Schlecht,Engaging,Won,2017-10-27,8
ST-013793,CWVAO587,Garret Kinder,Prospecting,Engaging,2017-10-19,20
ST-013794,CWVAO587,Garret Kinder,Engaging,Lost,2017-10-26,7
ST-013795,YDZZNTEZ,Garret Kinder,Prospecting,Engaging,2017-10-19,10
ST-013796,YDZZNTEZ,Garret Kinder,Engaging,Won,2017-11-01,13
ST-013797,O1DTVNH2,Gladys Colclough,Prospecting,Engaging,2017-10-19,28
ST-013798,O1DTVNH2,Gladys Colclough,Engaging,Lost,2017-10-20,1
ST-013799,Q6MGPT50,Gladys Colclough,Prospecting,Engaging,2017-10-19,5
ST-013800,Q6MGPT50,Gladys Colclough,Engaging,Won,2017-12-09,51
ST-013801,ENL7MDL2,Hayden Neloms,Prospecting,Engaging,2017-10-19,17
ST-013802,ENL7MDL2,Hayden Neloms,Engaging,Won,2017-10-28,9
ST-013803,CLHPJZHP,Hayden Neloms,Prospecting,Engaging,2017-10-19,12
ST-013804,CLHPJZHP,Hayden Neloms,Engaging,Won,2017-10-25,6
ST-013805,YQJGEI71,James Ascencio,Prospecting,Engaging,2017-10-19,14
ST-013806,XO4ZYI3G,James Ascencio,Prospecting,Engaging,2017-10-19,16
ST-013807,XO4ZYI3G,James Ascencio,Engaging,Won,2017-10-26,7
ST-013808,RSBEC5KF,James Ascencio,Prospecting,Engaging,2017-10-19,11
ST-013809,RSBEC5KF,James Ascencio,Engaging,Won,2017-10-20,1
ST-013810,6Z6SRB1Y,Jonathan Berthelot,Prospecting,Engaging,2017-10-19,7
ST-013811,6Z6SRB1Y,Jonathan Berthelot,Engaging,Lost,2017-11-01,13
ST-013812,BZGJ44FH,Kami Bicknell,Prospecting,Engaging,2017-10-19,12
ST-013813,4S17VJ7O,Kary Hendrixson,Prospecting,Engaging,2017-10-19,3
ST-013814,FRSYEHJE,Lajuana Vencill,Prospecting,Engaging,2017-10-19,3
ST-013815,FRSYEHJE,Lajuana Vencill,Engaging,Lost,2017-10-21,2
ST-013816,MV4DK68W,Lajuana Vencill,Prospecting,Engaging,2017-10-19,19
ST-013817,MV4DK68W,Lajuana Vencill,Engaging,Won,2017-10-26,7
ST-013818,B2FSFXKA,Markita Hansen,Prospecting,Engaging,2017-10-19,29
ST-013819,W72TPY7P,Markita Hansen,Prospecting,Engaging,2017-10-19,27
ST-013820,I15B3BNW,Markita Hansen,Prospecting,Engaging,2017-10-19,30
ST-013821,I15B3BNW,Markita Hansen,Engaging,Lost,2017-11-28,40
ST-013822,1CT3EWJ8,Markita Hansen,Prospecting,Engaging,2017-10-19,7
ST-013823,1CT3EWJ8,Markita Hansen,Engaging,Won,2017-10-21,2
ST-013824,JPBLNA5V,Marty Freudenburg,Prospecting,Engaging,2017-10-19,14
ST-013825,JPBLNA5V,Marty Freudenburg,Engaging,Lost,2017-10-29,10
ST-013826,SLILSQJV,Maureen Marcano,Prospecting,Engaging,2017-10-19,12
ST-013827,R6OM4EDE,Maureen Marcano,Prospecting,Engaging,2017-10-19,18
ST-013828,R6OM4EDE,Maureen Marcano,Engaging,Won,2017-11-01,13
ST-013829,74Y43OFL,Reed Clapper,Prospecting,Engaging,2017-10-19,20
ST-013830,74Y43OFL,Reed Clapper,Engaging,Lost,2017-10-21,2
ST-013831,OIOGIDI2,Versie Hillebrand,Prospecting,Engaging,2017-10-19,3
ST-013832,OIOGIDI2,Versie Hillebrand,Engaging,Lost,2017-10-31,12
ST-013833,SCN3BY47,Versie Hillebrand,Prospecting,Engaging,2017-10-19,25
ST-013834,SCN3BY47,Versie Hillebrand,Engaging,Won,2017-10-27,8
ST-013835,HFF39KOB,Versie Hillebrand,Prospecting,Engaging,2017-10-19,18
ST-013836,HFF39KOB,Versie Hillebrand,Engaging,Won,2017-10-20,1
ST-013837,OS59LIZX,Vicki Laflamme,Prospecting,Engaging,2017-10-19,27
ST-013838,OS59LIZX,Vicki Laflamme,Engaging,Lost,2017-10-26,7
ST-013839,O3S3SF3W,Vicki Laflamme,Prospecting,Engaging,2017-10-19,18
ST-013840,O3S3SF3W,Vicki Laflamme,Engaging,Lost,2017-10-21,2
ST-013841,WA0NRLP7,Vicki Laflamme,Prospecting,Engaging,2017-10-19,12
ST-013842,WA0NRLP7,Vicki Laflamme,Engaging,Won,2017-10-20,1
ST-013843,GHOQQYQM,Wilburn Farren,Prospecting,Engaging,2017-10-19,3
ST-013844,GHOQQYQM,Wilburn Farren,Engaging,Won,2017-12-25,67
ST-013845,6OXOIJ4D,Wilburn Farren,Prospecting,Engaging,2017-10-19,27
ST-013846,6OXOIJ4D,Wilburn Farren,Engaging,Won,2017-12-16,58
ST-013847,DTFLKV60,Anna Snelling,Prospecting,Engaging,2017-10-20,16
ST-013848,DTFLKV60,Anna Snelling,Engaging,Lost,2017-10-21,1
ST-013849,RELG4CYQ,Anna Snelling,Prospecting,Engaging,2017-10-20,28
ST-013850,RELG4CYQ,Anna Snelling,Engaging,Won,2017-10-30,10
ST-013851,PLV91KH7,Cassey Cress,Prospecting,Engaging,2017-10-20,12
ST-013852,PLV91KH7,Cassey Cress,Engaging,Won,2017-10-27,7
ST-013853,U289K4V3,Cecily Lampkin,Prospecting,Engaging,2017-10-20,22
ST-013854,U289K4V3,Cecily Lampkin,Engaging,Won,2017-10-27,7
ST-013855,PDXFX23P,Corliss Cosme,Prospecting,Engaging,2017-10-20,10
ST-013856,PDXFX23P,Corliss Cosme,Engaging,Won,2017-10-26,6
ST-013857,LULNYY3C,Darcel Schlecht,Prospecting,Engaging,2017-10-20,28
ST-013858,LULNYY3C,Darcel Schlecht,Engaging,Won,2017-10-27,7
ST-013859,NJ1YGDZW,Darcel Schlecht,Prospecting,Engaging,2017-10-20,3
ST-013860,NJ1YGDZW,Darcel Schlecht,Engaging,Won,2017-10-28,8
ST-013861,CZC1J6FQ,Gladys Colclough,Prospecting,Engaging,2017-10-20,20
ST-013862,CZC1J6FQ,Gladys Colclough,Engaging,Lost,2017-10-24,4
ST-013863,WSWJJ234,Gladys Colclough,Prospecting,Engaging,2017-10-20,14
ST-013864,WSWJJ234,Gladys Colclough,Engaging,Lost,2017-10-22,2
ST-013865,MDBKYL2Q,Gladys Colclough,Prospecting,Engaging,2017-10-20,9
ST-013866,MDBKYL2Q,Gladys Colclough,Engaging,Won,2017-10-30,10
ST-013867,M9EU34FE,Hayden Neloms,Prospecting,Engaging,2017-10-20,16
ST-013868,M9EU34FE,Hayden Neloms,Engaging,Won,2017-10-21,1
ST-013869,HCARIWPE,James Ascencio,Prospecting,Engaging,2017-10-20,20
ST-013870,HCARIWPE,James Ascencio,Engaging,Lost,2017-10-27,7
ST-013871,WGJB2VDU,James Ascencio,Prospecting,Engaging,2017-10-20,16
ST-013872,WGJB2VDU,James Ascencio,Engaging,Won,2017-12-25,66
ST-013873,RYWETTBK,Kami Bicknell,Prospecting,Engaging,2017-10-20,15
ST-013874,JSLSL3SU,Kami Bicknell,Prospecting,Engaging,2017-10-20,10
ST-013875,JSLSL3SU,Kami Bicknell,Engaging,Won,2017-12-16,57
ST-013876,N1B45KIT,Maureen Marcano,Prospecting,Engaging,2017-10-20,8
ST-013877,N1B45KIT,Maureen Marcano,Engaging,Won,2017-12-22,63
ST-013878,30UA0RS8,Niesha Huffines,Prospecting,Engaging,2017-10-20,25
ST-013879,30UA0RS8,Niesha Huffines,Engaging,Won,2017-12-12,53
ST-013880,R1Z8J1JL,Reed Clapper,Prospecting,Engaging,2017-10-20,26
ST-013881,R1Z8J1JL,Reed Clapper,Engaging,Won,2017-12-21,62
ST-013882,2DY9U1V7,Rosie Papadopoulos,Prospecting,Engaging,2017-10-20,23
ST-013883,MJODFG6C,Vicki Laflamme,Prospecting,Engaging,2017-10-20,15
ST-013884,MJODFG6C,Vicki Laflamme,Engaging,Lost,2017-10-27,7
ST-013885,6D7N5SQ7,Vicki Laflamme,Prospecting,Engaging,2017-10-20,29
ST-013886,6D7N5SQ7,Vicki Laflamme,Engaging,Lost,2017-10-28,8
ST-013887,DQIKGS2U,Vicki Laflamme,Prospecting,Engaging,2017-10-20,15
ST-013888,DQIKGS2U,Vicki Laflamme,Engaging,Won,2017-11-03,14
ST-013889,EZNAGRVB,Zane Levy,Prospecting,Engaging,2017-10-20,10
ST-013890,EZNAGRVB,Zane Levy,Engaging,Won,2017-10-30,10
ST-013891,C1M1RST0,Zane Levy,Prospecting,Engaging,2017-10-20,11
ST-013892,C1M1RST0,Zane Levy,Engaging,Won,2017-10-27,7
ST-013893,KIZOEC3M,Anna Snelling,Prospecting,Engaging,2017-10-21,5
ST-013894,KIZOEC3M,Anna Snelling,Engaging,Lost,2017-10-23,2
ST-013895,CO7T7H41,Anna Snelling,Prospecting,Engaging,2017-10-21,16
ST-013896,CO7T7H41,Anna Snelling,Engaging,Lost,2017-10-27,6
ST-013897,BMQYRJC7,Anna Snelling,Prospecting,Engaging,2017-10-21,23
ST-013898,BMQYRJC7,Anna Snelling,Engaging,Won,2017-12-16,56
ST-013899,6ALPIXB7,Cassey Cress,Prospecting,Engaging,2017-10-21,10
ST-013900,6ALPIXB7,Cassey Cress,Engaging,Lost,2017-11-29,39
ST-013901,5NVTQW38,Cecily Lampkin,Prospecting,Engaging,2017-10-21,19
ST-013902,5NVTQW38,Cecily Lampkin,Engaging,Lost,2017-10-28,7
ST-013903,IOUUN8LM,Cecily Lampkin,Prospecting,Engaging,2017-10-21,27
ST-013904,IOUUN8LM,Cecily Lampkin,Engaging,Lost,2017-10-27,6
ST-013905,3EZLRW47,Darcel Schlecht,Prospecting,Engaging,2017-10-21,28
ST-013906,3EZLRW47,Darcel Schlecht,Engaging,Lost,2017-10-31,10
ST-013907,09AILR04,Darcel Schlecht,Prospecting,Engaging,2017-10-21,22
ST-013908,09AILR04,Darcel Schlecht,Engaging,Won,2017-10-29,8
ST-013909,KSYI5DDW,Darcel Schlecht,Prospecting,Engaging,2017-10-21,28
ST-013910,KSYI5DDW,Darcel Schlecht,Engaging,Won,2017-11-07,17
ST-013911,W4R2C7N9,Donn Cantrell,Prospecting,Engaging,2017-10-21,25
ST-013912,W4R2C7N9,Donn Cantrell,Engaging,Lost,2017-10-30,9
ST-013913,KY1CESUN,Donn Cantrell,Prospecting,Engaging,2017-10-21,24
ST-013914,KY1CESUN,Donn Cantrell,Engaging,Lost,2017-10-29,8
ST-013915,M4EHG2ZB,Gladys Colclough,Prospecting,Engaging,2017-10-21,11
ST-013916,M4EHG2ZB,Gladys Colclough,Engaging,Won,2017-10-30,9
ST-013917,DLAMSRVT,Jonathan Berthelot,Prospecting,Engaging,2017-10-21,12
ST-013918,DLAMSRVT,Jonathan Berthelot,Engaging,Lost,2017-10-22,1
ST-013919,PZNZD22T,Kami Bicknell,Prospecting,Engaging,2017-10-21,23
ST-013920,PZNZD22T,Kami Bicknell,Engaging,Lost,2017-12-14,54
ST-013921,FVCN0HQ9,Kary Hendrixson,Prospecting,Engaging,2017-10-21,26
ST-013922,FVCN0HQ9,Kary Hendrixson,Engaging,Lost,2017-10-23,2
ST-013923,A0FVQ8KO,Kary Hendrixson,Prospecting,Engaging,2017-10-21,20
ST-013924,A0FVQ8KO,Kary Hendrixson,Engaging,Won,2017-10-27,6
ST-013925,6KGX67OZ,Maureen Marcano,Prospecting,Engaging,2017-10-21,28
ST-013926,6KGX67OZ,Maureen Marcano,Engaging,Lost,2017-10-30,9
ST-013927,BXXGLPD7,Niesha Huffines,Prospecting,Engaging,2017-10-21,11
ST-013928,BXXGLPD7,Niesha Huffines,Engaging,Lost,2017-11-01,11
ST-013929,MHF6GSB6,Reed Clapper,Prospecting,Engaging,2017-10-21,16
ST-013930,MHF6GSB6,Reed Clapper,Engaging,Won,2017-10-29,8
ST-013931,TFILI4TE,Violet Mclelland,Prospecting,Engaging,2017-10-21,9
ST-013932,TFILI4TE,Violet Mclelland,Engaging,Lost,2017-10-25,4
ST-013933,4P0SDD91,Wilburn Farren,Prospecting,Engaging,2017-10-21,30
ST-013934,4P0SDD91,Wilburn Farren,Engaging,Won,2017-12-15,55
ST-013935,ZZ4X9VN3,Wilburn Farren,Prospecting,Engaging,2017-10-21,5
ST-013936,ZZ4X9VN3,Wilburn Farren,Engaging,Won,2017-10-31,10
ST-013937,0J3UU8PZ,Boris Faz,Prospecting,Engaging,2017-10-22,8
ST-013938,0J3UU8PZ,Boris Faz,Engaging,Won,2017-12-30,69
ST-013939,UYPF6FZ3,Boris Faz,Prospecting,Engaging,2017-10-22,7
ST-013940,UYPF6FZ3,Boris Faz,Engaging,Won,2017-12-20,59
ST-013941,2HKRINHL,Cassey Cress,Prospecting,Engaging,2017-10-22,12
ST-013942,2HKRINHL,Cassey Cress,Engaging,Won,2017-10-24,2
ST-013943,G5JXIYRO,Cecily Lampkin,Prospecting,Engaging,2017-10-22,6
ST-013944,G5JXIYRO,Cecily Lampkin,Engaging,Won,2017-10-24,2
ST-013945,4MXSHU7X,Corliss Cosme,Prospecting,Engaging,2017-10-22,23
ST-013946,4MXSHU7X,Corliss Cosme,Engaging,Lost,2017-11-30,39
ST-013947,H4FIU51C,Daniell Hammack,Prospecting,Engaging,2017-10-22,17
ST-013948,H4FIU51C,Daniell Hammack,Engaging,Lost,2017-10-26,4
ST-013949,CC2ICRAG,Darcel Schlecht,Prospecting,Engaging,2017-10-22,22
ST-013950,CC2ICRAG,Darcel Schlecht,Engaging,Won,2017-12-29,68
ST-013951,RDC531P5,Darcel Schlecht,Prospecting,Engaging,2017-10-22,17
ST-013952,RDC531P5,Darcel Schlecht,Engaging,Won,2017-10-30,8
ST-013953,9QX62IL2,Elease Gluck,Prospecting,Engaging,2017-10-22,11
ST-013954,9QX62IL2,Elease Gluck,Engaging,Won,2017-10-29,7
ST-013955,3GRTE6VM,Elease Gluck,Prospecting,Engaging,2017-10-22,25
ST-013956,3GRTE6VM,Elease Gluck,Engaging,Won,2017-10-29,7
ST-013957,E4BPOOL6,Elease Gluck,Prospecting,Engaging,2017-10-22,22
ST-013958,E4BPOOL6,Elease Gluck,Engaging,Won,2017-10-24,2
ST-013959,B894QWQM,Garret Kinder,Prospecting,Engaging,2017-10-22,18
ST-013960,B894QWQM,Garret Kinder,Engaging,Won,2017-10-29,7
ST-013961,U9QMLC5Z,James Ascencio,Prospecting,Engaging,2017-10-22,9
ST-013962,U9QMLC5Z,James Ascencio,Engaging,Won,2017-11-01,10
ST-013963,VCQBM844,James Ascencio,Prospecting,Engaging,2017-10-22,13
ST-013964,VCQBM844,James Ascencio,Engaging,Won,2017-10-30,8
ST-013965,UE66OOQS,Jonathan Berthelot,Prospecting,Engaging,2017-10-22,3
ST-013966,UE66OOQS,Jonathan Berthelot,Engaging,Lost,2017-10-30,8
ST-013967,W5ABRRKC,Markita Hansen,Prospecting,Engaging,2017-10-22,7
ST-013968,W5ABRRKC,Markita Hansen,Engaging,Won,2017-10-31,9
ST-013969,Y8KI5ANO,Marty Freudenburg,Prospecting,Engaging,2017-10-22,4
ST-013970,Y8KI5ANO,Marty Freudenburg,Engaging,Lost,2017-11-03,12
ST-013971,CTM8WFGW,Marty Freudenburg,Prospecting,Engaging,2017-10-22,20
ST-013972,CTM8WFGW,Marty Freudenburg,Engaging,Won,2017-10-23,1
ST-013973,RFUJTKVO,Marty Freudenburg,Prospecting,Engaging,2017-10-22,3
ST-013974,RFUJTKVO,Marty Freudenburg,Engaging,Won,2017-11-28,37
ST-013975,ZMEKFXC5,Niesha Huffines,Prospecting,Engaging,2017-10-22,8
ST-013976,ZMEKFXC5,Niesha Huffines,Engaging,Lost,2017-10-28,6
ST-013977,LO2BMO33,Niesha Huffines,Prospecting,Engaging,2017-10-22,6
ST-013978,LO2BMO33,Niesha Huffines,Engaging,Won,2017-12-10,49
ST-013979,GL2FM1RM,Rosalina Dieter,Prospecting,Engaging,2017-10-22,12
ST-013980,4ETFTKHJ,Rosalina Dieter,Prospecting,Engaging,2017-10-22,11
ST-013981,4ETFTKHJ,Rosalina Dieter,Engaging,Lost,2017-10-29,7
ST-013982,528YB7Q0,Rosie Papadopoulos,Prospecting,Engaging,2017-10-22,7
ST-013983,528YB7Q0,Rosie Papadopoulos,Engaging,Lost,2017-12-06,45
ST-013984,OFEUX5PI,Vicki Laflamme,Prospecting,Engaging,2017-10-22,25
ST-013985,OFEUX5PI,Vicki Laflamme,Engaging,Won,2017-10-28,6
ST-013986,S3V8Z52J,Cassey Cress,Prospecting,Engaging,2017-10-23,17
ST-013987,S3V8Z52J,Cassey Cress,Engaging,Lost,2017-10-25,2
ST-013988,TTYSSNJH,Cassey Cress,Prospecting,Engaging,2017-10-23,26
ST-013989,TTYSSNJH,Cassey Cress,Engaging,Won,2017-11-01,9
ST-013990,LROWI84G,Darcel Schlecht,Prospecting,Engaging,2017-10-23,3
ST-013991,LROWI84G,Darcel Schlecht,Engaging,Won,2017-10-31,8
ST-013992,IQAP70OD,Darcel Schlecht,Prospecting,Engaging,2017-10-23,10
ST-013993,IQAP70OD,Darcel Schlecht,Engaging,Won,2017-10-29,6
ST-013994,JWWVG8KG,Darcel Schlecht,Prospecting,Engaging,2017-10-23,5
ST-013995,JWWVG8KG,Darcel Schlecht,Engaging,Won,2017-11-03,11
ST-013996,7PEL3AIZ,Darcel Schlecht,Prospecting,Engaging,2017-10-23,7
ST-013997,7PEL3AIZ,Darcel Schlecht,Engaging,Won,2017-10-24,1
ST-013998,NXQR7LX6,Darcel Schlecht,Prospecting,Engaging,2017-10-23,3
ST-013999,NXQR7LX6,Darcel Schlecht,Engaging,Won,2017-10-26,3
ST-014000,JL358E5T,Donn Cantrell,Prospecting,Engaging,2017-10-23,18
ST-014001,JL358E5T,Donn Cantrell,Engaging,Won,2017-12-12,50
ST-014002,DHUG18WU,Elease Gluck,Prospecting,Engaging,2017-10-23,9
ST-014003,DHUG18WU,Elease Gluck,Engaging,Lost,2017-10-30,7
ST-014004,T6ENEYKW,Garret Kinder,Prospecting,Engaging,2017-10-23,13
ST-014005,T6ENEYKW,Garret Kinder,Engaging,Lost,2017-11-04,12
ST-014006,3MGMH9AE,Gladys Colclough,Prospecting,Engaging,2017-10-23,16
ST-014007,3MGMH9AE,Gladys Colclough,Engaging,Lost,2017-10-24,1
ST-014008,JJGRAQ2K,Kary Hendrixson,Prospecting,Engaging,2017-10-23,12
ST-014009,4Z84VV2P,Kary Hendrixson,Prospecting,Engaging,2017-10-23,28
ST-014010,4Z84VV2P,Kary Hendrixson,Engaging,Won,2017-11-05,13
ST-014011,DMYP7REE,Marty Freudenburg,Prospecting,Engaging,2017-10-23,28
ST-014012,DMYP7REE,Marty Freudenburg,Engaging,Lost,2017-11-19,27
ST-014013,1SKNSG2B,Marty Freudenburg,Prospecting,Engaging,2017-10-23,18
ST-014014,1SKNSG2B,Marty Freudenburg,Engaging,Won,2017-10-30,7
ST-014015,G6MUC5R6,Versie Hillebrand,Prospecting,Engaging,2017-10-23,14
ST-014016,G6MUC5R6,Versie Hillebrand,Engaging,Lost,2017-11-06,14
ST-014017,X7MN9ROG,Vicki Laflamme,Prospecting,Engaging,2017-10-23,17
ST-014018,6445PW4Z,Vicki Laflamme,Prospecting,Engaging,2017-10-23,25
ST-014019,6445PW4Z,Vicki Laflamme,Engaging,Lost,2017-10-24,1
ST-014020,CUJIRCWV,Vicki Laflamme,Prospecting,Engaging,2017-10-23,28
ST-014021,CUJIRCWV,Vicki Laflamme,Engaging,Won,2017-12-28,66
ST-014022,YSFFEUCQ,Zane Levy,Prospecting,Engaging,2017-10-23,4
ST-014023,YSFFEUCQ,Zane Levy,Engaging,Lost,2017-10-28,5
ST-014024,OX0NE27G,Zane Levy,Prospecting,Engaging,2017-10-23,13
ST-014025,OX0NE27G,Zane Levy,Engaging,Won,2017-10-31,8
ST-014026,0B09WODM,Boris Faz,Prospecting,Engaging,2017-10-24,5
ST-014027,0B09WODM,Boris Faz,Engaging,Lost,2017-10-26,2
ST-014028,FSC4A2HZ,Cassey Cress,Prospecting,Engaging,2017-10-24,29
ST-014029,FSC4A2HZ,Cassey Cress,Engaging,Lost,2017-10-25,1
ST-014030,YT5GLR6D,Cassey Cress,Prospecting,Engaging,2017-10-24,27
ST-014031,YT5GLR6D,Cassey Cress,Engaging,Won,2017-11-02,9
ST-014032,S7UVZXM3,Corliss Cosme,Prospecting,Engaging,2017-10-24,7
ST-014033,KOPJOMQE,Daniell Hammack,Prospecting,Engaging,2017-10-24,4
ST-014034,KOPJOMQE,Daniell Hammack,Engaging,Lost,2017-10-29,5
ST-014035,AS2BKSCT,Darcel Schlecht,Prospecting,Engaging,2017-10-24,11
ST-014036,AS2BKSCT,Darcel Schlecht,Engaging,Lost,2017-11-08,15
ST-014037,S3GVO59B,Darcel Schlecht,Prospecting,Engaging,2017-10-24,27
ST-014038,S3GVO59B,Darcel Schlecht,Engaging,Won,2017-12-01,38
ST-014039,L8POFR0T,James Ascencio,Prospecting,Engaging,2017-10-24,15
ST-014040,L8POFR0T,James Ascencio,Engaging,Won,2017-12-31,68
ST-014041,RYF41KOV,Jonathan Berthelot,Prospecting,Engaging,2017-10-24,5
ST-014042,RYF41KOV,Jonathan Berthelot,Engaging,Lost,2017-10-25,1
ST-014043,MV7NPCI9,Jonathan Berthelot,Prospecting,Engaging,2017-10-24,20
ST-014044,MV7NPCI9,Jonathan Berthelot,Engaging,Won,2017-10-29,5
ST-014045,TSN98FPQ,Jonathan Berthelot,Prospecting,Engaging,2017-10-24,18
ST-014046,TSN98FPQ,Jonathan Berthelot,Engaging,Won,2017-10-25,1
ST-014047,SQW60VII,Kami Bicknell,Prospecting,Engaging,2017-10-24,8
ST-014048,SQW60VII,Kami Bicknell,Engaging,Lost,2017-10-26,2
ST-014049,PGG2DUPO,Lajuana Vencill,Prospecting,Engaging,2017-10-24,9
ST-014050,PGG2DUPO,Lajuana Vencill,Engaging,Won,2017-10-31,7
ST-014051,85U38YFD,Marty Freudenburg,Prospecting,Engaging,2017-10-24,29
ST-014052,85U38YFD,Marty Freudenburg,Engaging,Lost,2017-12-24,61
ST-014053,M7V7UJHZ,Marty Freudenburg,Prospecting,Engaging,2017-10-24,11
ST-014054,M7V7UJHZ,Marty Freudenburg,Engaging,Lost,2017-12-29,66
ST-014055,S56NVD4M,Maureen Marcano,Prospecting,Engaging,2017-10-24,29
ST-014056,S56NVD4M,Maureen Marcano,Engaging,Won,2017-11-10,17
ST-014057,Y34O7SKI,Versie Hillebrand,Prospecting,Engaging,2017-10-24,15
ST-014058,Y34O7SKI,Versie Hillebrand,Engaging,Lost,2017-10-30,6
ST-014059,DSY9VD0O,Vicki Laflamme,Prospecting,Engaging,2017-10-24,29
ST-014060,DSY9VD0O,Vicki Laflamme,Engaging,Won,2017-10-26,2
ST-014061,HWOBBZWQ,Wilburn Farren,Prospecting,Engaging,2017-10-24,3
ST-014062,6ZR7IUC4,Zane Levy,Prospecting,Engaging,2017-10-24,6
ST-014063,6ZR7IUC4,Zane Levy,Engaging,Lost,2017-11-07,14
ST-014064,8W9YXI59,Anna Snelling,Prospecting,Engaging,2017-10-25,27
ST-014065,8W9YXI59,Anna Snelling,Engaging,Won,2017-11-26,32
ST-014066,OYH46MQB,Corliss Cosme,Prospecting,Engaging,2017-10-25,25
ST-014067,YEH9VQCD,Daniell Hammack,Prospecting,Engaging,2017-10-25,10
ST-014068,YEH9VQCD,Daniell Hammack,Engaging,Won,2017-10-27,2
ST-014069,35GT4NM9,Donn Cantrell,Prospecting,Engaging,2017-10-25,15
ST-014070,35GT4NM9,Donn Cantrell,Engaging,Won,2017-11-05,11
ST-014071,MICIJ00A,Gladys Colclough,Prospecting,Engaging,2017-10-25,27
ST-014072,MICIJ00A,Gladys Colclough,Engaging,Lost,2017-10-27,2
ST-014073,D4ABG4I1,Jonathan Berthelot,Prospecting,Engaging,2017-10-25,17
ST-014074,D4ABG4I1,Jonathan Berthelot,Engaging,Won,2017-11-10,16
ST-014075,EMK9P63G,Markita Hansen,Prospecting,Engaging,2017-10-25,10
ST-014076,EMK9P63G,Markita Hansen,Engaging,Won,2017-10-26,1
ST-014077,HXGDBNAV,Maureen Marcano,Prospecting,Engaging,2017-10-25,26
ST-014078,7GWM1WT0,Moses Frase,Prospecting,Engaging,2017-10-25,4
ST-014079,7GWM1WT0,Moses Frase,Engaging,Won,2017-12-30,66
ST-014080,U0XWF9TW,Violet Mclelland,Prospecting,Engaging,2017-10-25,9
ST-014081,U0XWF9TW,Violet Mclelland,Engaging,Won,2017-12-21,57
ST-014082,E8L9I3QP,Zane Levy,Prospecting,Engaging,2017-10-25,17
ST-014083,E8L9I3QP,Zane Levy,Engaging,Won,2017-11-03,9
ST-014084,63S5SNBC,Anna Snelling,Prospecting,Engaging,2017-10-26,26
ST-014085,63S5SNBC,Anna Snelling,Engaging,Won,2017-10-27,1
ST-014086,3PIPAOVU,Anna Snelling,Prospecting,Engaging,2017-10-26,27
ST-014087,3PIPAOVU,Anna Snelling,Engaging,Won,2017-12-28,63
ST-014088,UBU4E17W,Cassey Cress,Prospecting,Engaging,2017-10-26,6
ST-014089,UBU4E17W,Cassey Cress,Engaging,Lost,2017-11-06,11
ST-014090,99HAV7SY,Cecily Lampkin,Prospecting,Engaging,2017-10-26,19
ST-014091,99HAV7SY,Cecily Lampkin,Engaging,Lost,2017-11-24,29
ST-014092,UX9D17FS,Corliss Cosme,Prospecting,Engaging,2017-10-26,24
ST-014093,UX9D17FS,Corliss Cosme,Engaging,Won,2017-11-04,9
ST-014094,FL804BH8,Darcel Schlecht,Prospecting,Engaging,2017-10-26,9
ST-014095,FL804BH8,Darcel Schlecht,Engaging,Lost,2017-10-30,4
ST-014096,RWR0W3U8,Darcel Schlecht,Prospecting,Engaging,2017-10-26,18
ST-014097,RWR0W3U8,Darcel Schlecht,Engaging,Lost,2017-10-27,1
ST-014098,8UU0I29V,Elease Gluck,Prospecting,Engaging,2017-10-26,15
ST-014099,8UU0I29V,Elease Gluck,Engaging,Won,2017-10-28,2
ST-014100,89A54FHW,Gladys Colclough,Prospecting,Engaging,2017-10-26,24
ST-014101,89A54FHW,Gladys Colclough,Engaging,Lost,2017-10-27,1
ST-014102,UGAEAB27,Marty Freudenburg,Prospecting,Engaging,2017-10-26,12
ST-014103,UGAEAB27,Marty Freudenburg,Engaging,Won,2017-10-31,5
ST-014104,U2JI00ER,Marty Freudenburg,Prospecting,Engaging,2017-10-26,13
ST-014105,U2JI00ER,Marty Freudenburg,Engaging,Won,2017-10-27,1
ST-014106,56D231XJ,Maureen Marcano,Prospecting,Engaging,2017-10-26,8
ST-014107,56D231XJ,Maureen Marcano,Engaging,Lost,2017-10-31,5
ST-014108,O2CFE5KX,Maureen Marcano,Prospecting,Engaging,2017-10-26,23
ST-014109,O2CFE5KX,Maureen Marcano,Engaging,Won,2017-11-03,8
ST-014110,UCLGT98S,Niesha Huffines,Prospecting,Engaging,2017-10-26,26
ST-014111,UCLGT98S,Niesha Huffines,Engaging,Lost,2017-10-30,4
ST-014112,31IV2B9O,Vicki Laflamme,Prospecting,Engaging,2017-10-26,4
ST-014113,BZG9DI4Z,Vicki Laflamme,Prospecting,Engaging,2017-10-26,26
ST-014114,BZG9DI4Z,Vicki Laflamme,Engaging,Lost,2017-10-28,2
ST-014115,E2R39451,Vicki Laflamme,Prospecting,Engaging,2017-10-26,20
ST-014116,E2R39451,Vicki Laflamme,Engaging,Lost,2017-10-27,1
ST-014117,KHQR5AKG,Vicki Laflamme,Prospecting,Engaging,2017-10-26,19
ST-014118,KHQR5AKG,Vicki Laflamme,Engaging,Lost,2017-11-04,9
ST-014119,NMI79ZYT,Violet Mclelland,Prospecting,Engaging,2017-10-26,6
ST-014120,NMI79ZYT,Violet Mclelland,Engaging,Lost,2017-10-31,5
ST-014121,RU3HH59R,Violet Mclelland,Prospecting,Engaging,2017-10-26,11
ST-014122,RU3HH59R,Violet Mclelland,Engaging,Lost,2017-10-28,2
ST-014123,4D0K5T7T,Zane Levy,Prospecting,Engaging,2017-10-26,18
ST-014124,IE1N4OUS,Anna Snelling,Prospecting,Engaging,2017-10-27,23
ST-014125,IE1N4OUS,Anna Snelling,Engaging,Won,2017-12-07,41
ST-014126,A5IABHP1,Boris Faz,Prospecting,Engaging,2017-10-27,12
ST-014127,A5IABHP1,Boris Faz,Engaging,Won,2017-10-28,1
ST-014128,FOFS0O2G,Cassey Cress,Prospecting,Engaging,2017-10-27,9
ST-014129,FOFS0O2G,Cassey Cress,Engaging,Lost,2017-10-29,2
ST-014130,66BQC4C9,Cecily Lampkin,Prospecting,Engaging,2017-10-27,14
ST-014131,66BQC4C9,Cecily Lampkin,Engaging,Lost,2017-11-07,11
ST-014132,GXQJVJQT,Corliss Cosme,Prospecting,Engaging,2017-10-27,4
ST-014133,GXQJVJQT,Corliss Cosme,Engaging,Won,2017-10-29,2
ST-014134,PP4ZY6TZ,Darcel Schlecht,Prospecting,Engaging,2017-10-27,30
ST-014135,PP4ZY6TZ,Darcel Schlecht,Engaging,Lost,2017-11-10,14
ST-014136,7TOPAQ9Y,Darcel Schlecht,Prospecting,Engaging,2017-10-27,24
ST-014137,7TOPAQ9Y,Darcel Schlecht,Engaging,Won,2017-12-29,63
ST-014138,7NJS374V,Elease Gluck,Prospecting,Engaging,2017-10-27,9
ST-014139,7NJS374V,Elease Gluck,Engaging,Won,2017-11-10,14
ST-014140,KKO2EFHS,James Ascencio,Prospecting,Engaging,2017-10-27,6
ST-014141,KKO2EFHS,James Ascencio,Engaging,Lost,2017-10-29,2
ST-014142,PJJMVZAL,Jonathan Berthelot,Prospecting,Engaging,2017-10-27,10
ST-014143,PJJMVZAL,Jonathan Berthelot,Engaging,Won,2017-10-29,2
ST-014144,MFYR7SSG,Kami Bicknell,Prospecting,Engaging,2017-10-27,23
ST-014145,MFYR7SSG,Kami Bicknell,Engaging,Won,2017-12-15,49
ST-014146,F2F1LPTA,Lajuana Vencill,Prospecting,Engaging,2017-10-27,16
ST-014147,F2F1LPTA,Lajuana Vencill,Engaging,Won,2017-11-03,7
ST-014148,QVP4LFVD,Markita Hansen,Prospecting,Engaging,2017-10-27,13
ST-014149,QVP4LFVD,Markita Hansen,Engaging,Lost,2017-10-28,1
ST-014150,7FZMWZJT,Marty Freudenburg,Prospecting,Engaging,2017-10-27,3
ST-014151,7FZMWZJT,Marty Freudenburg,Engaging,Won,2017-11-07,11
ST-014152,8THGVJ52,Maureen Marcano,Prospecting,Engaging,2017-10-27,8
ST-014153,8THGVJ52,Maureen Marcano,Engaging,Won,2017-11-06,10
ST-014154,M827K2PI,Moses Frase,Prospecting,Engaging,2017-10-27,28
ST-014155,M827K2PI,Moses Frase,Engaging,Won,2017-12-14,48
ST-014156,4ETZYSN3,Reed Clapper,Prospecting,Engaging,2017-10-27,11
ST-014157,4ETZYSN3,Reed Clapper,Engaging,Won,2017-11-05,9
ST-014158,SZDGWQLT,Rosalina Dieter,Prospecting,Engaging,2017-10-27,21
ST-014159,SZDGWQLT,Rosalina Dieter,Engaging,Won,2017-11-12,16
ST-014160,YM5F751C,Versie Hillebrand,Prospecting,Engaging,2017-10-27,6
ST-014161,YM5F751C,Versie Hillebrand,Engaging,Won,2017-10-28,1
ST-014162,G7U0HP7Q,Vicki Laflamme,Prospecting,Engaging,2017-10-27,15
ST-014163,G7U0HP7Q,Vicki Laflamme,Engaging,Lost,2017-10-29,2
ST-014164,FRNGLIYS,Anna Snelling,Prospecting,Engaging,2017-10-28,28
ST-014165,FRNGLIYS,Anna Snelling,Engaging,Won,2017-10-29,1
ST-014166,OY08XJ2E,Corliss Cosme,Prospecting,Engaging,2017-10-28,10
ST-014167,OY08XJ2E,Corliss Cosme,Engaging,Won,2017-11-12,15
ST-014168,ZSZFPCYS,Darcel Schlecht,Prospecting,Engaging,2017-10-28,3
ST-014169,ZSZFPCYS,Darcel Schlecht,Engaging,Lost,2017-10-29,1
ST-014170,BXCEXXP4,Donn Cantrell,Prospecting,Engaging,2017-10-28,4
ST-014171,BXCEXXP4,Donn Cantrell,Engaging,Lost,2017-11-03,6
ST-014172,H3K2E35I,Elease Gluck,Prospecting,Engaging,2017-10-28,21
ST-014173,H3K2E35I,Elease Gluck,Engaging,Won,2017-10-29,1
ST-014174,P5C842B5,Kami Bicknell,Prospecting,Engaging,2017-10-28,28
ST-014175,7EHJYKWE,Kary Hendrixson,Prospecting,Engaging,2017-10-28,25
ST-014176,LB6S2ONR,Markita Hansen,Prospecting,Engaging,2017-10-28,18
ST-014177,LB6S2ONR,Markita Hansen,Engaging,Won,2017-11-11,14
ST-014178,6BRNE2DV,Versie Hillebrand,Prospecting,Engaging,2017-10-28,25
ST-014179,6BRNE2DV,Versie Hillebrand,Engaging,Lost,2017-10-29,1
ST-014180,ST4H8MB7,Vicki Laflamme,Prospecting,Engaging,2017-10-28,22
ST-014181,ST4H8MB7,Vicki Laflamme,Engaging,Lost,2017-10-29,1
ST-014182,VMGCRSWP,Violet Mclelland,Prospecting,Engaging,2017-10-28,7
ST-014183,VMGCRSWP,Violet Mclelland,Engaging,Won,2017-11-14,17
ST-014184,4HJIT2B6,Zane Levy,Prospecting,Engaging,2017-10-28,14
ST-014185,4HJIT2B6,Zane Levy,Engaging,Lost,2017-11-07,10
ST-014186,DJY7S9AI,Zane Levy,Prospecting,Engaging,2017-10-28,27
ST-014187,DJY7S9AI,Zane Levy,Engaging,Won,2017-11-12,15
ST-014188,X6MHLE33,Cassey Cress,Prospecting,Engaging,2017-10-29,5
ST-014189,X6MHLE33,Cassey Cress,Engaging,Lost,2017-11-12,14
ST-014190,TLAWJR5V,Corliss Cosme,Prospecting,Engaging,2017-10-29,10
ST-014191,TLAWJR5V,Corliss Cosme,Engaging,Won,2017-11-11,13
ST-014192,SQ63LXS8,Darcel Schlecht,Prospecting,Engaging,2017-10-29,8
ST-014193,SQ63LXS8,Darcel Schlecht,Engaging,Lost,2017-11-04,6
ST-014194,L3PLDC1Y,Darcel Schlecht,Prospecting,Engaging,2017-10-29,18
ST-014195,L3PLDC1Y,Darcel Schlecht,Engaging,Won,2017-10-30,1
ST-014196,HMG6NWSR,Gladys Colclough,Prospecting,Engaging,2017-10-29,5
ST-014197,HMG6NWSR,Gladys Colclough,Engaging,Won,2017-12-30,62
ST-014198,KNH4ZX85,Jonathan Berthelot,Prospecting,Engaging,2017-10-29,24
ST-014199,KNH4ZX85,Jonathan Berthelot,Engaging,Won,2017-10-31,2
ST-014200,FV7Y3ZPO,Rosie Papadopoulos,Prospecting,Engaging,2017-10-29,22
ST-014201,FV7Y3ZPO,Rosie Papadopoulos,Engaging,Lost,2017-11-03,5
ST-014202,DDQ0MDYY,Zane Levy,Prospecting,Engaging,2017-10-29,13
ST-014203,DDQ0MDYY,Zane Levy,Engaging,Won,2017-10-31,2
ST-014204,HFER9GET,Cassey Cress,Prospecting,Engaging,2017-10-30,27
ST-014205,HFER9GET,Cassey Cress,Engaging,Won,2017-11-04,5
ST-014206,0N11U6L3,Daniell Hammack,Prospecting,Engaging,2017-10-30,23
ST-014207,005JS57S,Gladys Colclough,Prospecting,Engaging,2017-10-30,4
ST-014208,005JS57S,Gladys Colclough,Engaging,Won,2017-11-11,12
ST-014209,W5FH95XO,Hayden Neloms,Prospecting,Engaging,2017-10-30,4
ST-014210,TWDNQ9TX,Jonathan Berthelot,Prospecting,Engaging,2017-10-30,14
ST-014211,TWDNQ9TX,Jonathan Berthelot,Engaging,Won,2017-10-31,1
ST-014212,G289FPBV,Lajuana Vencill,Prospecting,Engaging,2017-10-30,23
ST-014213,G289FPBV,Lajuana Vencill,Engaging,Lost,2017-10-31,1
ST-014214,G9H0MWBL,Reed Clapper,Prospecting,Engaging,2017-10-30,7
ST-014215,G9H0MWBL,Reed Clapper,Engaging,Lost,2017-10-31,1
ST-014216,P2YWZPES,Vicki Laflamme,Prospecting,Engaging,2017-10-30,25
ST-014217,P2YWZPES,Vicki Laflamme,Engaging,Won,2017-11-04,5
ST-014218,NPGETEDZ,Zane Levy,Prospecting,Engaging,2017-10-30,20
ST-014219,NPGETEDZ,Zane Levy,Engaging,Lost,2017-11-15,16
ST-014220,J5I6Y4RN,Anna Snelling,Prospecting,Engaging,2017-10-31,28
ST-014221,J5I6Y4RN,Anna Snelling,Engaging,Lost,2017-11-10,10
ST-014222,XRMOUF1R,Boris Faz,Prospecting,Engaging,2017-10-31,6
ST-014223,XRMOUF1R,Boris Faz,Engaging,Won,2017-11-07,7
ST-014224,TL0UILCV,Cassey Cress,Prospecting,Engaging,2017-10-31,7
ST-014225,TL0UILCV,Cassey Cress,Engaging,Won,2017-11-14,14
ST-014226,FAS4V07H,Cassey Cress,Prospecting,Engaging,2017-10-31,18
ST-014227,FAS4V07H,Cassey Cress,Engaging,Won,2017-12-10,40
ST-014228,3Z9AX43T,Darcel Schlecht,Prospecting,Engaging,2017-10-31,10
ST-014229,3Z9AX43T,Darcel Schlecht,Engaging,Lost,2017-12-22,52
ST-014230,5JO7SIGB,Darcel Schlecht,Prospecting,Engaging,2017-10-31,13
ST-014231,5JO7SIGB,Darcel Schlecht,Engaging,Lost,2017-11-10,10
ST-014232,8MQPNCCU,Donn Cantrell,Prospecting,Engaging,2017-10-31,20
ST-014233,8MQPNCCU,Donn Cantrell,Engaging,Won,2017-11-09,9
ST-014234,2DT70XCQ,Donn Cantrell,Prospecting,Engaging,2017-10-31,28
ST-014235,2DT70XCQ,Donn Cantrell,Engaging,Won,2017-11-08,8
ST-014236,O1SCOU11,Elease Gluck,Prospecting,Engaging,2017-10-31,23
ST-014237,HYBR36NG,Elease Gluck,Prospecting,Engaging,2017-10-31,27
ST-014238,HYBR36NG,Elease Gluck,Engaging,Lost,2017-11-09,9
ST-014239,WXOL5HTS,Garret Kinder,Prospecting,Engaging,2017-10-31,14
ST-014240,WXOL5HTS,Garret Kinder,Engaging,Won,2017-11-08,8
ST-014241,F15SU034,Gladys Colclough,Prospecting,Engaging,2017-10-31,28
ST-014242,F15SU034,Gladys Colclough,Engaging,Won,2017-12-21,51
ST-014243,OMCFUDOU,James Ascencio,Prospecting,Engaging,2017-10-31,17
ST-014244,KLBW3TOH,Kami Bicknell,Prospecting,Engaging,2017-10-31,26
ST-014245,KLBW3TOH,Kami Bicknell,Engaging,Won,2017-11-09,9
ST-014246,ESNS1OS9,Kami Bicknell,Prospecting,Engaging,2017-10-31,9
ST-014247,ESNS1OS9,Kami Bicknell,Engaging,Won,2017-11-07,7
ST-014248,HDUZC4G9,Kary Hendrixson,Prospecting,Engaging,2017-10-31,3
ST-014249,HDUZC4G9,Kary Hendrixson,Engaging,Won,2017-11-02,2
ST-014250,1629C4UW,Lajuana Vencill,Prospecting,Engaging,2017-10-31,25
ST-014251,1629C4UW,Lajuana Vencill,Engaging,Lost,2017-11-10,10
ST-014252,0OXJ2HOP,Markita Hansen,Prospecting,Engaging,2017-10-31,15
ST-014253,0OXJ2HOP,Markita Hansen,Engaging,Won,2017-11-11,11
ST-014254,RCGBY4IA,Reed Clapper,Prospecting,Engaging,2017-10-31,14
ST-014255,RCGBY4IA,Reed Clapper,Engaging,Won,2017-11-01,1
ST-014256,8R0HTKUK,Rosie Papadopoulos,Prospecting,Engaging,2017-10-31,26
ST-014257,8R0HTKUK,Rosie Papadopoulos,Engaging,Lost,2017-11-07,7
ST-014258,W2ZRP2EC,Vicki Laflamme,Prospecting,Engaging,2017-10-31,7
ST-014259,W2ZRP2EC,Vicki Laflamme,Engaging,Lost,2017-11-03,3
ST-014260,HN6TZPAF,Wilburn Farren,Prospecting,Engaging,2017-10-31,11
ST-014261,AEH9XJ3T,Cassey Cress,Prospecting,Engaging,2017-11-01,4
ST-014262,AEH9XJ3T,Cassey Cress,Engaging,Lost,2017-11-13,12
ST-014263,X3DSI0TQ,Cecily Lampkin,Prospecting,Engaging,2017-11-01,18
ST-014264,X3DSI0TQ,Cecily Lampkin,Engaging,Lost,2017-11-15,14
ST-014265,MG3X7625,Cecily Lampkin,Prospecting,Engaging,2017-11-01,25
ST-014266,MG3X7625,Cecily Lampkin,Engaging,Won,2017-12-22,51
ST-014267,8JR8LXEU,Gladys Colclough,Prospecting,Engaging,2017-11-01,17
ST-014268,8JR8LXEU,Gladys Colclough,Engaging,Won,2017-11-05,4
ST-014269,KMRR1P94,Jonathan Berthelot,Prospecting,Engaging,2017-11-01,20
ST-014270,KMRR1P94,Jonathan Berthelot,Engaging,Lost,2017-11-17,16
ST-014271,JRCD2VQY,Kami Bicknell,Prospecting,Engaging,2017-11-01,12
ST-014272,JRCD2VQY,Kami Bicknell,Engaging,Won,2017-11-06,5
ST-014273,FXKBY5FR,Maureen Marcano,Prospecting,Engaging,2017-11-01,20
ST-014274,FXKBY5FR,Maureen Marcano,Engaging,Won,2017-11-14,13
ST-014275,8415S7ZV,Vicki Laflamme,Prospecting,Engaging,2017-11-01,25
ST-014276,8415S7ZV,Vicki Laflamme,Engaging,Lost,2017-11-06,5
ST-014277,UZ83LE9X,Vicki Laflamme,Prospecting,Engaging,2017-11-01,18
ST-014278,UZ83LE9X,Vicki Laflamme,Engaging,Lost,2017-11-10,9
ST-014279,GIDII30C,Vicki Laflamme,Prospecting,Engaging,2017-11-01,9
ST-014280,GIDII30C,Vicki Laflamme,Engaging,Won,2017-11-10,9
ST-014281,IVVBVNDH,Vicki Laflamme,Prospecting,Engaging,2017-11-01,21
ST-014282,IVVBVNDH,Vicki Laflamme,Engaging,Won,2017-11-02,1
ST-014283,854QZNWK,Violet Mclelland,Prospecting,Engaging,2017-11-01,8
ST-014284,FBKK68G6,Boris Faz,Prospecting,Engaging,2017-11-02,20
ST-014285,FBKK68G6,Boris Faz,Engaging,Won,2017-11-07,5
ST-014286,46UHJGY0,Corliss Cosme,Prospecting,Engaging,2017-11-02,14
ST-014287,SSSTYFDY,Daniell Hammack,Prospecting,Engaging,2017-11-02,13
ST-014288,SSSTYFDY,Daniell Hammack,Engaging,Lost,2017-11-05,3
ST-014289,VSMB0KJW,Donn Cantrell,Prospecting,Engaging,2017-11-02,26
ST-014290,VSMB0KJW,Donn Cantrell,Engaging,Won,2017-11-28,26
ST-014291,UVS5WJRG,Jonathan Berthelot,Prospecting,Engaging,2017-11-02,17
ST-014292,UVS5WJRG,Jonathan Berthelot,Engaging,Won,2017-11-03,1
ST-014293,MOBO9N8H,Kami Bicknell,Prospecting,Engaging,2017-11-02,11
ST-014294,MOBO9N8H,Kami Bicknell,Engaging,Lost,2017-11-07,5
ST-014295,N2249A7T,Markita Hansen,Prospecting,Engaging,2017-11-02,30
ST-014296,5HHFR0VZ,Markita Hansen,Prospecting,Engaging,2017-11-02,29
ST-014297,5HHFR0VZ,Markita Hansen,Engaging,Won,2017-11-29,27
ST-014298,0DYZ71WX,Reed Clapper,Prospecting,Engaging,2017-11-02,22
ST-014299,0DYZ71WX,Reed Clapper,Engaging,Won,2017-11-16,14
ST-014300,Q1Q3D9BZ,Vicki Laflamme,Prospecting,Engaging,2017-11-02,30
ST-014301,Q1Q3D9BZ,Vicki Laflamme,Engaging,Lost,2017-11-07,5
ST-014302,9KV5GM4U,Vicki Laflamme,Prospecting,Engaging,2017-11-02,20
ST-014303,9KV5GM4U,Vicki Laflamme,Engaging,Won,2017-11-06,4
ST-014304,6X24V0NC,Darcel Schlecht,Prospecting,Engaging,2017-11-03,8
ST-014305,6X24V0NC,Darcel Schlecht,Engaging,Lost,2017-11-09,6
ST-014306,IIZV9WFC,Jonathan Berthelot,Prospecting,Engaging,2017-11-03,5
ST-014307,IIZV9WFC,Jonathan Berthelot,Engaging,Won,2017-12-02,29
ST-014308,E1LFK6E3,Kami Bicknell,Prospecting,Engaging,2017-11-03,19
ST-014309,XSEG5T4H,Markita Hansen,Prospecting,Engaging,2017-11-03,7
ST-014310,WTZ2AHNW,Marty Freudenburg,Prospecting,Engaging,2017-11-03,17
ST-014311,WTZ2AHNW,Marty Freudenburg,Engaging,Won,2017-12-18,45
ST-014312,RQ5FNR4O,Maureen Marcano,Prospecting,Engaging,2017-11-03,12
ST-014313,RQ5FNR4O,Maureen Marcano,Engaging,Won,2017-11-18,15
ST-014314,9BZBU2GY,Maureen Marcano,Prospecting,Engaging,2017-11-03,29
ST-014315,9BZBU2GY,Maureen Marcano,Engaging,Won,2017-12-31,58
ST-014316,1FMCUSFS,Boris Faz,Prospecting,Engaging,2017-11-04,11
ST-014317,1FMCUSFS,Boris Faz,Engaging,Won,2017-12-08,34
ST-014318,WJO52I18,Cassey Cress,Prospecting,Engaging,2017-11-04,20
ST-014319,ZQSSHSL7,Cassey Cress,Prospecting,Engaging,2017-11-04,14
ST-014320,ZQSSHSL7,Cassey Cress,Engaging,Won,2017-11-06,2
ST-014321,SWYO7V7O,Darcel Schlecht,Prospecting,Engaging,2017-11-04,17
ST-014322,SWYO7V7O,Darcel Schlecht,Engaging,Lost,2017-11-08,4
ST-014323,62UFJ4IQ,James Ascencio,Prospecting,Engaging,2017-11-04,3
ST-014324,62UFJ4IQ,James Ascencio,Engaging,Won,2017-11-10,6
ST-014325,SQ71BWHG,Kary Hendrixson,Prospecting,Engaging,2017-11-04,27
ST-014326,ON821ADT,Markita Hansen,Prospecting,Engaging,2017-11-04,23
ST-014327,ZO4FDMPS,Marty Freudenburg,Prospecting,Engaging,2017-11-04,19
ST-014328,ZO4FDMPS,Marty Freudenburg,Engaging,Lost,2017-11-05,1
ST-014329,T7N0RX05,Maureen Marcano,Prospecting,Engaging,2017-11-04,15
ST-014330,D9LUG4D8,Reed Clapper,Prospecting,Engaging,2017-11-04,26
ST-014331,D9LUG4D8,Reed Clapper,Engaging,Won,2017-11-21,17
ST-014332,M23VU0A9,Rosie Papadopoulos,Prospecting,Engaging,2017-11-04,8
ST-014333,M23VU0A9,Rosie Papadopoulos,Engaging,Lost,2017-11-14,10
ST-014334,RN67OVFW,Zane Levy,Prospecting,Engaging,2017-11-04,3
ST-014335,YAVTI45C,Zane Levy,Prospecting,Engaging,2017-11-04,22
ST-014336,YAVTI45C,Zane Levy,Engaging,Won,2017-12-12,38
ST-014337,XZUEXEUH,Anna Snelling,Prospecting,Engaging,2017-11-05,30
ST-014338,XZUEXEUH,Anna Snelling,Engaging,Won,2017-11-09,4
ST-014339,IBB0VGUN,Cassey Cress,Prospecting,Engaging,2017-11-05,14
ST-014340,0CR37ETK,Corliss Cosme,Prospecting,Engaging,2017-11-05,27
ST-014341,MA56XGWR,Daniell Hammack,Prospecting,Engaging,2017-11-05,22
ST-014342,6Z3EP424,Elease Gluck,Prospecting,Engaging,2017-11-05,10
ST-014343,6Z3EP424,Elease Gluck,Engaging,Won,2017-11-16,11
ST-014344,VPIXVUUE,Gladys Colclough,Prospecting,Engaging,2017-11-05,13
ST-014345,VPIXVUUE,Gladys Colclough,Engaging,Lost,2017-11-16,11
ST-014346,F98UFHM2,Gladys Colclough,Prospecting,Engaging,2017-11-05,26
ST-014347,F98UFHM2,Gladys Colclough,Engaging,Won,2017-12-31,56
ST-014348,NNNEMOZ5,James Ascencio,Prospecting,Engaging,2017-11-05,5
ST-014349,JB7JEEI5,James Ascencio,Prospecting,Engaging,2017-11-05,24
ST-014350,JB7JEEI5,James Ascencio,Engaging,Won,2017-11-22,17
ST-014351,FQP39JQV,Kary Hendrixson,Prospecting,Engaging,2017-11-05,20
ST-014352,FQP39JQV,Kary Hendrixson,Engaging,Won,2017-11-12,7
ST-014353,PWW6TH3V,Marty Freudenburg,Prospecting,Engaging,2017-11-05,29
ST-014354,PWW6TH3V,Marty Freudenburg,Engaging,Lost,2017-11-17,12
ST-014355,KXEZ5B3Q,Reed Clapper,Prospecting,Engaging,2017-11-05,15
ST-014356,KXEZ5B3Q,Reed Clapper,Engaging,Lost,2017-11-17,12
ST-014357,3UA6O3NG,Reed Clapper,Prospecting,Engaging,2017-11-05,9
ST-014358,3UA6O3NG,Reed Clapper,Engaging,Won,2017-11-07,2
ST-014359,QD7MU7DD,Rosie Papadopoulos,Prospecting,Engaging,2017-11-05,19
ST-014360,3ML02CAH,Versie Hillebrand,Prospecting,Engaging,2017-11-05,24
ST-014361,3ML02CAH,Versie Hillebrand,Engaging,Won,2017-11-11,6
ST-014362,T7AHYN7O,Violet Mclelland,Prospecting,Engaging,2017-11-05,18
ST-014363,T7AHYN7O,Violet Mclelland,Engaging,Lost,2017-11-21,16
ST-014364,9BMWYLQV,Zane Levy,Prospecting,Engaging,2017-11-05,27
ST-014365,9BMWYLQV,Zane Levy,Engaging,Won,2017-11-17,12
ST-014366,I5VHXAWW,Boris Faz,Prospecting,Engaging,2017-11-06,20
ST-014367,76ZQP7QY,Darcel Schlecht,Prospecting,Engaging,2017-11-06,7
ST-014368,76ZQP7QY,Darcel Schlecht,Engaging,Lost,2017-11-07,1
ST-014369,DP7QR35U,Elease Gluck,Prospecting,Engaging,2017-11-06,22
ST-014370,DP7QR35U,Elease Gluck,Engaging,Lost,2017-11-07,1
ST-014371,VAD1MF34,Gladys Colclough,Prospecting,Engaging,2017-11-06,12
ST-014372,VAD1MF34,Gladys Colclough,Engaging,Won,2017-12-19,43
ST-014373,J9PCNCUP,Kary Hendrixson,Prospecting,Engaging,2017-11-06,13
ST-014374,6AA52750,Niesha Huffines,Prospecting,Engaging,2017-11-06,16
ST-014375,6AA52750,Niesha Huffines,Engaging,Lost,2017-11-13,7
ST-014376,1BW8S7JD,Violet Mclelland,Prospecting,Engaging,2017-11-06,23
ST-014377,WOD9UKMP,Cecily Lampkin,Prospecting,Engaging,2017-11-07,13
ST-014378,WOD9UKMP,Cecily Lampkin,Engaging,Won,2017-11-18,11
ST-014379,C2FSIMZP,Corliss Cosme,Prospecting,Engaging,2017-11-07,6
ST-014380,T482GHJQ,Darcel Schlecht,Prospecting,Engaging,2017-11-07,6
ST-014381,T482GHJQ,Darcel Schlecht,Engaging,Won,2017-12-20,43
ST-014382,JFIL5JU0,Lajuana Vencill,Prospecting,Engaging,2017-11-07,19
ST-014383,JFIL5JU0,Lajuana Vencill,Engaging,Won,2017-12-22,45
ST-014384,3GVL1I1G,Rosie Papadopoulos,Prospecting,Engaging,2017-11-07,24
ST-014385,3GVL1I1G,Rosie Papadopoulos,Engaging,Won,2017-11-14,7
ST-014386,72C58IRY,Cecily Lampkin,Prospecting,Engaging,2017-11-08,5
ST-014387,72C58IRY,Cecily Lampkin,Engaging,Won,2017-11-26,18
ST-014388,MMIYELAE,Gladys Colclough,Prospecting,Engaging,2017-11-08,4
ST-014389,MMIYELAE,Gladys Colclough,Engaging,Won,2017-11-19,11
ST-014390,GS9UKUGV,Jonathan Berthelot,Prospecting,Engaging,2017-11-08,29
ST-014391,GS9UKUGV,Jonathan Berthelot,Engaging,Lost,2017-11-16,8
ST-014392,X9MTGVJZ,Kami Bicknell,Prospecting,Engaging,2017-11-08,7
ST-014393,X9MTGVJZ,Kami Bicknell,Engaging,Lost,2017-11-26,18
ST-014394,N22XN5IM,Kami Bicknell,Prospecting,Engaging,2017-11-08,8
ST-014395,N22XN5IM,Kami Bicknell,Engaging,Won,2017-12-04,26
ST-014396,OTQTFK48,Kary Hendrixson,Prospecting,Engaging,2017-11-08,30
ST-014397,OTQTFK48,Kary Hendrixson,Engaging,Won,2017-11-11,3
ST-014398,URN9V0FK,Lajuana Vencill,Prospecting,Engaging,2017-11-08,4
ST-014399,URN9V0FK,Lajuana Vencill,Engaging,Lost,2017-12-30,52
ST-014400,K6TJSGUB,Marty Freudenburg,Prospecting,Engaging,2017-11-08,9
ST-014401,K6TJSGUB,Marty Freudenburg,Engaging,Won,2017-11-17,9
ST-014402,CSXOYE1C,Niesha Huffines,Prospecting,Engaging,2017-11-08,6
ST-014403,CSXOYE1C,Niesha Huffines,Engaging,Won,2017-11-20,12
ST-014404,4ATO2S4S,Violet Mclelland,Prospecting,Engaging,2017-11-08,18
ST-014405,4ATO2S4S,Violet Mclelland,Engaging,Won,2017-12-27,49
ST-014406,PMK11X5L,Wilburn Farren,Prospecting,Engaging,2017-11-08,9
ST-014407,W4XB23IP,Boris Faz,Prospecting,Engaging,2017-11-09,6
ST-014408,J0X7ZNDX,Donn Cantrell,Prospecting,Engaging,2017-11-09,4
ST-014409,J0X7ZNDX,Donn Cantrell,Engaging,Lost,2017-11-13,4
ST-014410,GCCBRJF8,Garret Kinder,Prospecting,Engaging,2017-11-09,21
ST-014411,GCCBRJF8,Garret Kinder,Engaging,Won,2017-11-27,18
ST-014412,G7ZZG9DI,James Ascencio,Prospecting,Engaging,2017-11-09,23
ST-014413,G7ZZG9DI,James Ascencio,Engaging,Won,2017-11-22,13
ST-014414,TY9RBWLT,Kami Bicknell,Prospecting,Engaging,2017-11-09,29
ST-014415,TY9RBWLT,Kami Bicknell,Engaging,Won,2017-11-23,14
ST-014416,NNREN4Q5,Kami Bicknell,Prospecting,Engaging,2017-11-09,15
ST-014417,NNREN4Q5,Kami Bicknell,Engaging,Won,2017-11-21,12
ST-014418,T0H5HATU,Kary Hendrixson,Prospecting,Engaging,2017-11-09,24
ST-014419,T0H5HATU,Kary Hendrixson,Engaging,Lost,2017-11-23,14
ST-014420,49TIKZ5B,Kary Hendrixson,Prospecting,Engaging,2017-11-09,18
ST-014421,49TIKZ5B,Kary Hendrixson,Engaging,Won,2017-11-14,5
ST-014422,ZM1HKZRS,Markita Hansen,Prospecting,Engaging,2017-11-09,19
ST-014423,ZM1HKZRS,Markita Hansen,Engaging,Won,2017-12-10,31
ST-014424,2FGV5XNE,Maureen Marcano,Prospecting,Engaging,2017-11-09,22
ST-014425,2FGV5XNE,Maureen Marcano,Engaging,Lost,2017-11-27,18
ST-014426,04G3DK6T,Moses Frase,Prospecting,Engaging,2017-11-09,25
ST-014427,04G3DK6T,Moses Frase,Engaging,Won,2017-11-21,12
ST-014428,6JBM1ZKO,Vicki Laflamme,Prospecting,Engaging,2017-11-09,21
ST-014429,QSCVBJNJ,Wilburn Farren,Prospecting,Engaging,2017-11-09,11
ST-014430,QSCVBJNJ,Wilburn Farren,Engaging,Lost,2017-11-23,14
ST-014431,C3KQJVDU,Corliss Cosme,Prospecting,Engaging,2017-11-10,4
ST-014432,C3KQJVDU,Corliss Cosme,Engaging,Won,2017-11-18,8
ST-014433,NZIJ3KKG,Daniell Hammack,Prospecting,Engaging,2017-11-10,14
ST-014434,NZIJ3KKG,Daniell Hammack,Engaging,Lost,2017-11-16,6
ST-014435,F46Q34LY,Darcel Schlecht,Prospecting,Engaging,2017-11-10,10
ST-014436,F46Q34LY,Darcel Schlecht,Engaging,Won,2017-11-20,10
ST-014437,5C13TAA8,Kary Hendrixson,Prospecting,Engaging,2017-11-10,22
ST-014438,5C13TAA8,Kary Hendrixson,Engaging,Won,2017-12-22,42
ST-014439,BFB6C54U,Kary Hendrixson,Prospecting,Engaging,2017-11-10,25
ST-014440,BFB6C54U,Kary Hendrixson,Engaging,Won,2017-12-01,21
ST-014441,ZSYWCL6R,Markita Hansen,Prospecting,Engaging,2017-11-10,5
ST-014442,ZSYWCL6R,Markita Hansen,Engaging,Lost,2017-11-26,16
ST-014443,VNJQD4Z7,Reed Clapper,Prospecting,Engaging,2017-11-10,3
ST-014444,VNJQD4Z7,Reed Clapper,Engaging,Won,2017-12-29,49
ST-014445,0KWYQTQQ,Rosalina Dieter,Prospecting,Engaging,2017-11-10,9
ST-014446,50OYB2YN,Corliss Cosme,Prospecting,Engaging,2017-11-11,23
ST-014447,50OYB2YN,Corliss Cosme,Engaging,Won,2017-11-20,9
ST-014448,C8BIQFEN,Darcel Schlecht,Prospecting,Engaging,2017-11-11,18
ST-014449,C8BIQFEN,Darcel Schlecht,Engaging,Lost,2017-11-14,3
ST-014450,0TEEJ0WD,Donn Cantrell,Prospecting,Engaging,2017-11-11,29
ST-014451,0TEEJ0WD,Donn Cantrell,Engaging,Lost,2017-11-18,7
ST-014452,T2G750N6,Jonathan Berthelot,Prospecting,Engaging,2017-11-11,5
ST-014453,T2G750N6,Jonathan Berthelot,Engaging,Won,2017-12-04,23
ST-014454,6BCEXGTX,Marty Freudenburg,Prospecting,Engaging,2017-11-11,17
ST-014455,6BCEXGTX,Marty Freudenburg,Engaging,Lost,2017-11-22,11
ST-014456,6ZFEAR57,Niesha Huffines,Prospecting,Engaging,2017-11-11,28
ST-014457,6ZFEAR57,Niesha Huffines,Engaging,Lost,2017-11-22,11
ST-014458,Y1JFDUVB,Versie Hillebrand,Prospecting,Engaging,2017-11-11,23
ST-014459,Y1JFDUVB,Versie Hillebrand,Engaging,Won,2017-12-20,39
ST-014460,7FCXBW1M,Violet Mclelland,Prospecting,Engaging,2017-11-11,4
ST-014461,7FCXBW1M,Violet Mclelland,Engaging,Won,2017-11-13,2
ST-014462,83Y5850C,Anna Snelling,Prospecting,Engaging,2017-11-12,14
ST-014463,83Y5850C,Anna Snelling,Engaging,Lost,2017-11-25,13
ST-014464,V1458D23,Corliss Cosme,Prospecting,Engaging,2017-11-12,20
ST-014465,V1458D23,Corliss Cosme,Engaging,Won,2017-11-13,1
ST-014466,LJEAX51Q,Darcel Schlecht,Prospecting,Engaging,2017-11-12,26
ST-014467,LJEAX51Q,Darcel Schlecht,Engaging,Won,2017-12-21,39
ST-014468,LDDQ5PN2,Garret Kinder,Prospecting,Engaging,2017-11-12,16
ST-014469,LDDQ5PN2,Garret Kinder,Engaging,Lost,2017-11-21,9
ST-014470,WPJ0AS7T,Gladys Colclough,Prospecting,Engaging,2017-11-12,29
ST-014471,WPJ0AS7T,Gladys Colclough,Engaging,Won,2017-12-28,46
ST-014472,4J8IA9GL,Kary Hendrixson,Prospecting,Engaging,2017-11-12,14
ST-014473,4J8IA9GL,Kary Hendrixson,Engaging,Won,2017-12-29,47
ST-014474,76RZPT87,Lajuana Vencill,Prospecting,Engaging,2017-11-12,28
ST-014475,76RZPT87,Lajuana Vencill,Engaging,Won,2017-12-31,49
ST-014476,9E3UNPHY,Markita Hansen,Prospecting,Engaging,2017-11-12,25
ST-014477,9E3UNPHY,Markita Hansen,Engaging,Won,2017-12-25,43
ST-014478,CQ8UELF8,Marty Freudenburg,Prospecting,Engaging,2017-11-12,4
ST-014479,CQ8UELF8,Marty Freudenburg,Engaging,Won,2017-11-14,2
ST-014480,4E5E9MYV,Maureen Marcano,Prospecting,Engaging,2017-11-12,29
ST-014481,4E5E9MYV,Maureen Marcano,Engaging,Won,2017-11-22,10
ST-014482,24BCH90I,Maureen Marcano,Prospecting,Engaging,2017-11-12,22
ST-014483,24BCH90I,Maureen Marcano,Engaging,Won,2017-11-15,3
ST-014484,LWVZKYI0,Versie Hillebrand,Prospecting,Engaging,2017-11-12,11
ST-014485,LWVZKYI0,Versie Hillebrand,Engaging,Won,2017-12-01,19
ST-014486,1W2EEX4L,Vicki Laflamme,Prospecting,Engaging,2017-11-12,19
ST-014487,1W2EEX4L,Vicki Laflamme,Engaging,Lost,2017-12-24,42
ST-014488,8977L373,Wilburn Farren,Prospecting,Engaging,2017-11-12,4
ST-014489,8977L373,Wilburn Farren,Engaging,Won,2017-11-19,7
ST-014490,66LD5EF0,Zane Levy,Prospecting,Engaging,2017-11-12,26
ST-014491,66LD5EF0,Zane Levy,Engaging,Lost,2017-11-15,3
ST-014492,50JIFEWD,Zane Levy,Prospecting,Engaging,2017-11-12,5
ST-014493,50JIFEWD,Zane Levy,Engaging,Won,2017-11-17,5
ST-014494,MTZQ55RH,Boris Faz,Prospecting,Engaging,2017-11-13,29
ST-014495,MTZQ55RH,Boris Faz,Engaging,Won,2017-11-24,11
ST-014496,1V3O11ZD,Cassey Cress,Prospecting,Engaging,2017-11-13,12
ST-014497,1V3O11ZD,Cassey Cress,Engaging,Lost,2017-11-23,10
ST-014498,AIBZQM42,Daniell Hammack,Prospecting,Engaging,2017-11-13,5
ST-014499,AIBZQM42,Daniell Hammack,Engaging,Won,2017-11-20,7
ST-014500,IZ5MV9YF,Jonathan Berthelot,Prospecting,Engaging,2017-11-13,9
ST-014501,IZ5MV9YF,Jonathan Berthelot,Engaging,Lost,2017-11-21,8
ST-014502,OHJX1K09,Kami Bicknell,Prospecting,Engaging,2017-11-13,19
ST-014503,OHJX1K09,Kami Bicknell,Engaging,Lost,2017-11-14,1
ST-014504,I33TECO1,Kami Bicknell,Prospecting,Engaging,2017-11-13,6
ST-014505,I33TECO1,Kami Bicknell,Engaging,Lost,2017-11-30,17
ST-014506,MT45X396,Lajuana Vencill,Prospecting,Engaging,2017-11-13,6
ST-014507,MT45X396,Lajuana Vencill,Engaging,Lost,2017-11-19,6
ST-014508,G1W97XZA,Maureen Marcano,Prospecting,Engaging,2017-11-13,26
ST-014509,V8ELYA6F,Anna Snelling,Prospecting,Engaging,2017-11-14,10
ST-014510,V8ELYA6F,Anna Snelling,Engaging,Won,2017-11-15,1
ST-014511,NXXKM7C7,Daniell Hammack,Prospecting,Engaging,2017-11-14,20
ST-014512,K98JFWRC,Garret Kinder,Prospecting,Engaging,2017-11-14,15
ST-014513,K98JFWRC,Garret Kinder,Engaging,Lost,2017-11-28,14
ST-014514,H6Q0LXVH,Gladys Colclough,Prospecting,Engaging,2017-11-14,9
ST-014515,H6Q0LXVH,Gladys Colclough,Engaging,Lost,2017-11-20,6
ST-014516,2BH5Q718,Hayden Neloms,Prospecting,Engaging,2017-11-14,9
ST-014517,2BH5Q718,Hayden Neloms,Engaging,Lost,2017-11-23,9
ST-014518,CSJKVMR9,James Ascencio,Prospecting,Engaging,2017-11-14,19
ST-014519,CSJKVMR9,James Ascencio,Engaging,Lost,2017-11-16,2
ST-014520,N3YVDYY2,Marty Freudenburg,Prospecting,Engaging,2017-11-14,24
ST-014521,N3YVDYY2,Marty Freudenburg,Engaging,Won,2017-11-23,9
ST-014522,LRP5IXX5,Reed Clapper,Prospecting,Engaging,2017-11-14,10
ST-014523,LRP5IXX5,Reed Clapper,Engaging,Lost,2017-11-23,9
ST-014524,SH1NTXPV,Violet Mclelland,Prospecting,Engaging,2017-11-14,21
ST-014525,SH1NTXPV,Violet Mclelland,Engaging,Won,2017-11-29,15
ST-014526,MKAKCFBQ,Boris Faz,Prospecting,Engaging,2017-11-15,23
ST-014527,MKAKCFBQ,Boris Faz,Engaging,Won,2017-12-30,45
ST-014528,9YH8LS5H,Cassey Cress,Prospecting,Engaging,2017-11-15,8
ST-014529,9YH8LS5H,Cassey Cress,Engaging,Lost,2017-12-15,30
ST-014530,RO8TURF5,Cassey Cress,Prospecting,Engaging,2017-11-15,20
ST-014531,RO8TURF5,Cassey Cress,Engaging,Won,2017-11-30,15
ST-014532,EW5ASXX4,Darcel Schlecht,Prospecting,Engaging,2017-11-15,26
ST-014533,EW5ASXX4,Darcel Schlecht,Engaging,Lost,2017-11-20,5
ST-014534,MDLJKQ5B,Darcel Schlecht,Prospecting,Engaging,2017-11-15,20
ST-014535,MDLJKQ5B,Darcel Schlecht,Engaging,Won,2017-11-30,15
ST-014536,7OIR36P2,Donn Cantrell,Prospecting,Engaging,2017-11-15,16
ST-014537,7OIR36P2,Donn Cantrell,Engaging,Won,2017-12-27,42
ST-014538,7XRWWM0X,Kami Bicknell,Prospecting,Engaging,2017-11-15,26
ST-014539,GQ13O0AQ,Kami Bicknell,Prospecting,Engaging,2017-11-15,6
ST-014540,GQ13O0AQ,Kami Bicknell,Engaging,Lost,2017-11-22,7
ST-014541,S9DDUFGP,Kary Hendrixson,Prospecting,Engaging,2017-11-15,27
ST-014542,S9DDUFGP,Kary Hendrixson,Engaging,Lost,2017-11-28,13
ST-014543,B5OXRZTT,Zane Levy,Prospecting,Engaging,2017-11-15,23
ST-014544,B5OXRZTT,Zane Levy,Engaging,Won,2017-11-25,10
ST-014545,FX1RWO67,Anna Snelling,Prospecting,Engaging,2017-11-16,21
ST-014546,FX1RWO67,Anna Snelling,Engaging,Won,2017-12-31,45
ST-014547,BREOLQD9,Boris Faz,Prospecting,Engaging,2017-11-16,14
ST-014548,2AGA3ALY,Hayden Neloms,Prospecting,Engaging,2017-11-16,24
ST-014549,2AGA3ALY,Hayden Neloms,Engaging,Won,2017-11-20,4
ST-014550,P8ZOY6HA,James Ascencio,Prospecting,Engaging,2017-11-16,17
ST-014551,P8ZOY6HA,James Ascencio,Engaging,Lost,2017-11-20,4
ST-014552,PBGAZKMQ,Jonathan Berthelot,Prospecting,Engaging,2017-11-16,25
ST-014553,PBGAZKMQ,Jonathan Berthelot,Engaging,Won,2017-11-22,6
ST-014554,86MJT5KR,Markita Hansen,Prospecting,Engaging,2017-11-16,24
ST-014555,86MJT5KR,Markita Hansen,Engaging,Lost,2017-11-23,7
ST-014556,62PCN0KS,Maureen Marcano,Prospecting,Engaging,2017-11-16,16
ST-014557,20NZO7TT,Maureen Marcano,Prospecting,Engaging,2017-11-16,6
ST-014558,20NZO7TT,Maureen Marcano,Engaging,Won,2017-12-01,15
ST-014559,6FR9YZH2,Moses Frase,Prospecting,Engaging,2017-11-16,8
ST-014560,6FR9YZH2,Moses Frase,Engaging,Lost,2017-11-17,1
ST-014561,LCZGL74L,Niesha Huffines,Prospecting,Engaging,2017-11-16,28
ST-014562,LCZGL74L,Niesha Huffines,Engaging,Lost,2017-11-26,10
ST-014563,6NWIZG2N,Reed Clapper,Prospecting,Engaging,2017-11-16,8
ST-014564,6NWIZG2N,Reed Clapper,Engaging,Won,2017-11-24,8
ST-014565,IS2HLCEO,Boris Faz,Prospecting,Engaging,2017-11-17,20
ST-014566,IS2HLCEO,Boris Faz,Engaging,Lost,2017-12-04,17
ST-014567,90D20NZU,Darcel Schlecht,Prospecting,Engaging,2017-11-17,15
ST-014568,90D20NZU,Darcel Schlecht,Engaging,Won,2017-11-24,7
ST-014569,P214KAH8,Donn Cantrell,Prospecting,Engaging,2017-11-17,19
ST-014570,P214KAH8,Donn Cantrell,Engaging,Won,2017-11-29,12
ST-014571,HEMKK91Z,Elease Gluck,Prospecting,Engaging,2017-11-17,13
ST-014572,HEMKK91Z,Elease Gluck,Engaging,Won,2017-12-13,26
ST-014573,R2JKKVOO,Kami Bicknell,Prospecting,Engaging,2017-11-17,24
ST-014574,R2JKKVOO,Kami Bicknell,Engaging,Lost,2017-11-27,10
ST-014575,6LS93NXH,Kary Hendrixson,Prospecting,Engaging,2017-11-17,8
ST-014576,6LS93NXH,Kary Hendrixson,Engaging,Lost,2017-11-27,10
ST-014577,BI36TLO5,Reed Clapper,Prospecting,Engaging,2017-11-17,20
ST-014578,BI36TLO5,Reed Clapper,Engaging,Won,2017-12-06,19
ST-014579,TYQFCQBN,Rosie Papadopoulos,Prospecting,Engaging,2017-11-17,22
ST-014580,TYQFCQBN,Rosie Papadopoulos,Engaging,Won,2017-11-26,9
ST-014581,DH4WEPQ5,Versie Hillebrand,Prospecting,Engaging,2017-11-17,17
ST-014582,DH4WEPQ5,Versie Hillebrand,Engaging,Won,2017-11-18,1
ST-014583,NJAOJJY9,Violet Mclelland,Prospecting,Engaging,2017-11-17,14
ST-014584,NJAOJJY9,Violet Mclelland,Engaging,Lost,2017-11-25,8
ST-014585,VM6SAQYT,Violet Mclelland,Prospecting,Engaging,2017-11-17,13
ST-014586,VM6SAQYT,Violet Mclelland,Engaging,Won,2017-11-26,9
ST-014587,E2LVAU2T,Zane Levy,Prospecting,Engaging,2017-11-17,20
ST-014588,E2LVAU2T,Zane Levy,Engaging,Won,2017-12-05,18
ST-014589,CNAOGH7N,Boris Faz,Prospecting,Engaging,2017-11-18,13
ST-014590,CNAOGH7N,Boris Faz,Engaging,Won,2017-12-07,19
ST-014591,0ONK3WET,Cassey Cress,Prospecting,Engaging,2017-11-18,30
ST-014592,0ONK3WET,Cassey Cress,Engaging,Won,2017-11-21,3
ST-014593,9Y43IDMY,Daniell Hammack,Prospecting,Engaging,2017-11-18,14
ST-014594,9Y43IDMY,Daniell Hammack,Engaging,Lost,2017-12-06,18
ST-014595,UIE5G6GW,Darcel Schlecht,Prospecting,Engaging,2017-11-18,16
ST-014596,UIE5G6GW,Darcel Schlecht,Engaging,Won,2017-11-29,11
ST-014597,GB6C2UK5,Elease Gluck,Prospecting,Engaging,2017-11-18,27
ST-014598,GB6C2UK5,Elease Gluck,Engaging,Won,2017-12-04,16
ST-014599,5S2JLJGL,Jonathan Berthelot,Prospecting,Engaging,2017-11-18,23
ST-014600,5S2JLJGL,Jonathan Berthelot,Engaging,Lost,2017-11-30,12
ST-014601,820NH7ZA,Kami Bicknell,Prospecting,Engaging,2017-11-18,16
ST-014602,820NH7ZA,Kami Bicknell,Engaging,Won,2017-12-04,16
ST-014603,PIPYDN8Y,Kary Hendrixson,Prospecting,Engaging,2017-11-18,29
ST-014604,PIPYDN8Y,Kary Hendrixson,Engaging,Lost,2017-11-21,3
ST-014605,E3LNNM8H,Maureen Marcano,Prospecting,Engaging,2017-11-18,26
ST-014606,E3LNNM8H,Maureen Marcano,Engaging,Lost,2017-12-05,17
ST-014607,UHYI2QB2,Moses Frase,Prospecting,Engaging,2017-11-18,13
ST-014608,UHYI2QB2,Moses Frase,Engaging,Lost,2017-11-28,10
ST-014609,5SJP2J1J,Boris Faz,Prospecting,Engaging,2017-11-19,22
ST-014610,5SJP2J1J,Boris Faz,Engaging,Won,2017-11-20,1
ST-014611,R5V9DX5U,Cecily Lampkin,Prospecting,Engaging,2017-11-19,10
ST-014612,R5V9DX5U,Cecily Lampkin,Engaging,Won,2017-11-28,9
ST-014613,PGCWLU4L,Daniell Hammack,Prospecting,Engaging,2017-11-19,21
ST-014614,PGCWLU4L,Daniell Hammack,Engaging,Won,2017-11-20,1
ST-014615,RVI6ARFW,Darcel Schlecht,Prospecting,Engaging,2017-11-19,20
ST-014616,RVI6ARFW,Darcel Schlecht,Engaging,Won,2017-11-20,1
ST-014617,QVWPMJ8R,Donn Cantrell,Prospecting,Engaging,2017-11-19,9
ST-014618,QVWPMJ8R,Donn Cantrell,Engaging,Won,2017-11-28,9
ST-014619,7M7UED1P,Jonathan Berthelot,Prospecting,Engaging,2017-11-19,15
ST-014620,7M7UED1P,Jonathan Berthelot,Engaging,Lost,2017-11-21,2
ST-014621,JW51LS6C,Maureen Marcano,Prospecting,Engaging,2017-11-19,27
ST-014622,JW51LS6C,Maureen Marcano,Engaging,Lost,2017-12-04,15
ST-014623,KU4GX1KD,Niesha Huffines,Prospecting,Engaging,2017-11-19,20
ST-014624,KU4GX1KD,Niesha Huffines,Engaging,Won,2017-11-28,9
ST-014625,GSE8QWMU,Vicki Laflamme,Prospecting,Engaging,2017-11-19,26
ST-014626,GSE8QWMU,Vicki Laflamme,Engaging,Won,2017-11-24,5
ST-014627,6MTK51P5,Anna Snelling,Prospecting,Engaging,2017-11-20,11
ST-014628,6MTK51P5,Anna Snelling,Engaging,Won,2017-11-29,9
ST-014629,J962I0KG,Cassey Cress,Prospecting,Engaging,2017-11-20,14
ST-014630,QA2XTMMZ,Corliss Cosme,Prospecting,Engaging,2017-11-20,17
ST-014631,QA2XTMMZ,Corliss Cosme,Engaging,Lost,2017-11-27,7
ST-014632,T58EDFV0,Kami Bicknell,Prospecting,Engaging,2017-11-20,17
ST-014633,T58EDFV0,Kami Bicknell,Engaging,Won,2017-12-08,18
ST-014634,C09PGOZG,Kary Hendrixson,Prospecting,Engaging,2017-11-20,15
ST-014635,C09PGOZG,Kary Hendrixson,Engaging,Won,2017-12-04,14
ST-014636,IG9RPWOZ,Moses Frase,Prospecting,Engaging,2017-11-20,3
ST-014637,IG9RPWOZ,Moses Frase,Engaging,Won,2017-12-09,19
ST-014638,3GFZ7SN4,Moses Frase,Prospecting,Engaging,2017-11-20,26
ST-014639,3GFZ7SN4,Moses Frase,Engaging,Won,2017-11-23,3
ST-014640,PQ84ANKD,Violet Mclelland,Prospecting,Engaging,2017-11-20,4
ST-014641,DC1E84LC,Wilburn Farren,Prospecting,Engaging,2017-11-20,12
ST-014642,DC1E84LC,Wilburn Farren,Engaging,Won,2017-12-08,18
ST-014643,F0XGEQOE,Cassey Cress,Prospecting,Engaging,2017-11-21,22
ST-014644,F0XGEQOE,Cassey Cress,Engaging,Lost,2017-11-25,4
ST-014645,EQIV6PMF,Cecily Lampkin,Prospecting,Engaging,2017-11-21,3
ST-014646,EQIV6PMF,Cecily Lampkin,Engaging,Won,2017-12-08,17
ST-014647,SK3A12HI,Corliss Cosme,Prospecting,Engaging,2017-11-21,19
ST-014648,SK3A12HI,Corliss Cosme,Engaging,Won,2017-12-21,30
ST-014649,F28BOUE5,Donn Cantrell,Prospecting,Engaging,2017-11-21,7
ST-014650,F28BOUE5,Donn Cantrell,Engaging,Won,2017-12-10,19
ST-014651,Z7JCS0ZW,Gladys Colclough,Prospecting,Engaging,2017-11-21,12
ST-014652,Z7JCS0ZW,Gladys Colclough,Engaging,Lost,2017-11-24,3
ST-014653,9E3H6ONP,James Ascencio,Prospecting,Engaging,2017-11-21,3
ST-014654,9E3H6ONP,James Ascencio,Engaging,Won,2017-11-25,4
ST-014655,FVTCAFCL,Kary Hendrixson,Prospecting,Engaging,2017-11-21,12
ST-014656,FVTCAFCL,Kary Hendrixson,Engaging,Won,2017-12-22,31
ST-014657,9TTQYYIW,Markita Hansen,Prospecting,Engaging,2017-11-21,10
ST-014658,9TTQYYIW,Markita Hansen,Engaging,Lost,2017-11-27,6
ST-014659,33JYWJ1X,Maureen Marcano,Prospecting,Engaging,2017-11-21,9
ST-014660,33JYWJ1X,Maureen Marcano,Engaging,Won,2017-12-29,38
ST-014661,L11T0DYF,Vicki Laflamme,Prospecting,Engaging,2017-11-21,30
ST-014662,L11T0DYF,Vicki Laflamme,Engaging,Won,2017-12-01,10
ST-014663,QJZVB9ZG,Wilburn Farren,Prospecting,Engaging,2017-11-21,13
ST-014664,QJZVB9ZG,Wilburn Farren,Engaging,Lost,2017-11-26,5
ST-014665,WAEWV7YD,Cassey Cress,Prospecting,Engaging,2017-11-22,3
ST-014666,WAEWV7YD,Cassey Cress,Engaging,Won,2017-12-07,15
ST-014667,3RJPZ634,Corliss Cosme,Prospecting,Engaging,2017-11-22,27
ST-014668,3RJPZ634,Corliss Cosme,Engaging,Won,2017-12-06,14
ST-014669,FZH6NJAQ,Maureen Marcano,Prospecting,Engaging,2017-11-22,29
ST-014670,FZH6NJAQ,Maureen Marcano,Engaging,Lost,2017-11-27,5
ST-014671,4MPM6ZPU,Reed Clapper,Prospecting,Engaging,2017-11-22,25
ST-014672,4MPM6ZPU,Reed Clapper,Engaging,Lost,2017-12-06,14
ST-014673,U0XDMZK8,Violet Mclelland,Prospecting,Engaging,2017-11-22,29
ST-014674,U0XDMZK8,Violet Mclelland,Engaging,Won,2017-12-05,13
ST-014675,J1G2SZKD,Zane Levy,Prospecting,Engaging,2017-11-22,11
ST-014676,BF9D3HVC,Corliss Cosme,Prospecting,Engaging,2017-11-23,20
ST-014677,BF9D3HVC,Corliss Cosme,Engaging,Lost,2017-12-02,9
ST-014678,YMWG4Z3S,Kary Hendrixson,Prospecting,Engaging,2017-11-23,19
ST-014679,6AT4VS58,Kary Hendrixson,Prospecting,Engaging,2017-11-23,20
ST-014680,6AT4VS58,Kary Hendrixson,Engaging,Won,2017-12-08,15
ST-014681,S5FBJ31P,Marty Freudenburg,Prospecting,Engaging,2017-11-23,21
ST-014682,S5FBJ31P,Marty Freudenburg,Engaging,Lost,2017-11-25,2
ST-014683,62JLAD45,Niesha Huffines,Prospecting,Engaging,2017-11-23,21
ST-014684,62JLAD45,Niesha Huffines,Engaging,Lost,2017-11-28,5
ST-014685,Z7GJE1K0,Rosalina Dieter,Prospecting,Engaging,2017-11-23,7
ST-014686,Z7GJE1K0,Rosalina Dieter,Engaging,Won,2017-12-07,14
ST-014687,PV3TH2FF,Vicki Laflamme,Prospecting,Engaging,2017-11-23,6
ST-014688,4ZQTMS3Z,Violet Mclelland,Prospecting,Engaging,2017-11-23,4
ST-014689,N6ZLW0OG,Cassey Cress,Prospecting,Engaging,2017-11-24,17
ST-014690,N6ZLW0OG,Cassey Cress,Engaging,Won,2017-12-05,11
ST-014691,IJ2CLOLZ,Daniell Hammack,Prospecting,Engaging,2017-11-24,14
ST-014692,IJ2CLOLZ,Daniell Hammack,Engaging,Won,2017-12-09,15
ST-014693,K4N74V6U,Darcel Schlecht,Prospecting,Engaging,2017-11-24,7
ST-014694,K4N74V6U,Darcel Schlecht,Engaging,Won,2017-12-04,10
ST-014695,H7GFLCDH,Elease Gluck,Prospecting,Engaging,2017-11-24,7
ST-014696,H7GFLCDH,Elease Gluck,Engaging,Won,2017-12-18,24
ST-014697,0QMOIDET,James Ascencio,Prospecting,Engaging,2017-11-24,11
ST-014698,0QMOIDET,James Ascencio,Engaging,Won,2017-12-11,17
ST-014699,33JWQH71,Kami Bicknell,Prospecting,Engaging,2017-11-24,14
ST-014700,33JWQH71,Kami Bicknell,Engaging,Won,2017-12-05,11
ST-014701,D55HTKRU,Kary Hendrixson,Prospecting,Engaging,2017-11-24,21
ST-014702,Z9WFXNX3,Markita Hansen,Prospecting,Engaging,2017-11-24,10
ST-014703,Z9WFXNX3,Markita Hansen,Engaging,Lost,2017-11-29,5
ST-014704,7ACIXBSY,Violet Mclelland,Prospecting,Engaging,2017-11-24,10
ST-014705,7ACIXBSY,Violet Mclelland,Engaging,Won,2017-12-05,11
ST-014706,MEIBOSW7,Wilburn Farren,Prospecting,Engaging,2017-11-24,11
ST-014707,MEIBOSW7,Wilburn Farren,Engaging,Won,2017-11-29,5
ST-014708,NBUHFAKW,Anna Snelling,Prospecting,Engaging,2017-11-25,28
ST-014709,NBUHFAKW,Anna Snelling,Engaging,Won,2017-12-28,33
ST-014710,PJ3NGI1Y,Cassey Cress,Prospecting,Engaging,2017-11-25,12
ST-014711,PJ3NGI1Y,Cassey Cress,Engaging,Lost,2017-12-10,15
ST-014712,RDZ2FC3A,Darcel Schlecht,Prospecting,Engaging,2017-11-25,5
ST-014713,RDZ2FC3A,Darcel Schlecht,Engaging,Won,2017-12-11,16
ST-014714,R7GYOI0M,James Ascencio,Prospecting,Engaging,2017-11-25,21
ST-014715,R7GYOI0M,James Ascencio,Engaging,Won,2017-12-10,15
ST-014716,Z1IF1M5M,Moses Frase,Prospecting,Engaging,2017-11-25,15
ST-014717,Z1IF1M5M,Moses Frase,Engaging,Won,2017-11-29,4
ST-014718,B133ECHC,Vicki Laflamme,Prospecting,Engaging,2017-11-25,21
ST-014719,B133ECHC,Vicki Laflamme,Engaging,Lost,2017-12-05,10
ST-014720,P55UV5QW,Violet Mclelland,Prospecting,Engaging,2017-11-25,9
ST-014721,P55UV5QW,Violet Mclelland,Engaging,Lost,2017-11-29,4
ST-014722,H0HDYIYJ,Wilburn Farren,Prospecting,Engaging,2017-11-25,26
ST-014723,H0HDYIYJ,Wilburn Farren,Engaging,Won,2017-11-29,4
ST-014724,EBMBP7JQ,Anna Snelling,Prospecting,Engaging,2017-11-26,5
ST-014725,EBMBP7JQ,Anna Snelling,Engaging,Won,2017-12-07,11
ST-014726,MAUIC3DD,Corliss Cosme,Prospecting,Engaging,2017-11-26,26
ST-014727,MAUIC3DD,Corliss Cosme,Engaging,Lost,2017-12-10,14
ST-014728,20048JO2,Corliss Cosme,Prospecting,Engaging,2017-11-26,13
ST-014729,20048JO2,Corliss Cosme,Engaging,Won,2017-12-14,18
ST-014730,U071YJYI,Darcel Schlecht,Prospecting,Engaging,2017-11-26,28
ST-014731,U071YJYI,Darcel Schlecht,Engaging,Lost,2017-12-11,15
ST-014732,Y3EVBV53,Gladys Colclough,Prospecting,Engaging,2017-11-26,18
ST-014733,Y3EVBV53,Gladys Colclough,Engaging,Won,2017-12-07,11
ST-014734,JE63NRUA,Kami Bicknell,Prospecting,Engaging,2017-11-26,8
ST-014735,JE63NRUA,Kami Bicknell,Engaging,Lost,2017-12-25,29
ST-014736,YA8CL4UM,Kami Bicknell,Prospecting,Engaging,2017-11-26,18
ST-014737,YA8CL4UM,Kami Bicknell,Engaging,Won,2017-12-01,5
ST-014738,43WRAJ1I,Versie Hillebrand,Prospecting,Engaging,2017-11-26,29
ST-014739,43WRAJ1I,Versie Hillebrand,Engaging,Won,2017-12-11,15
ST-014740,DA7BZMMO,Versie Hillebrand,Prospecting,Engaging,2017-11-26,25
ST-014741,DA7BZMMO,Versie Hillebrand,Engaging,Won,2017-12-12,16
ST-014742,6QRZCDL0,Violet Mclelland,Prospecting,Engaging,2017-11-26,25
ST-014743,6QRZCDL0,Violet Mclelland,Engaging,Lost,2017-11-27,1
ST-014744,348COZ5O,Darcel Schlecht,Prospecting,Engaging,2017-11-27,21
ST-014745,348COZ5O,Darcel Schlecht,Engaging,Won,2017-11-30,3
ST-014746,GLUYX9KN,Hayden Neloms,Prospecting,Engaging,2017-11-27,29
ST-014747,GLUYX9KN,Hayden Neloms,Engaging,Won,2017-12-12,15
ST-014748,2DT6W3HA,Reed Clapper,Prospecting,Engaging,2017-11-27,6
ST-014749,2DT6W3HA,Reed Clapper,Engaging,Lost,2017-12-12,15
ST-014750,7S8SLZDY,Rosalina Dieter,Prospecting,Engaging,2017-11-27,22
ST-014751,L8XNQONA,Zane Levy,Prospecting,Engaging,2017-11-27,23
ST-014752,WE03969I,Donn Cantrell,Prospecting,Engaging,2017-11-28,12
ST-014753,WE03969I,Donn Cantrell,Engaging,Won,2017-12-09,11
ST-014754,3SOLZEZX,Hayden Neloms,Prospecting,Engaging,2017-11-28,4
ST-014755,3SOLZEZX,Hayden Neloms,Engaging,Won,2017-12-12,14
ST-014756,MAA6TJMM,Kami Bicknell,Prospecting,Engaging,2017-11-28,26
ST-014757,MAA6TJMM,Kami Bicknell,Engaging,Won,2017-12-13,15
ST-014758,0DY00J6O,Maureen Marcano,Prospecting,Engaging,2017-11-28,28
ST-014759,0DY00J6O,Maureen Marcano,Engaging,Won,2017-12-11,13
ST-014760,U8IUBGTW,Niesha Huffines,Prospecting,Engaging,2017-11-28,21
ST-014761,U8IUBGTW,Niesha Huffines,Engaging,Lost,2017-12-05,7
ST-014762,EV0V1ZZA,Vicki Laflamme,Prospecting,Engaging,2017-11-28,15
ST-014763,EV0V1ZZA,Vicki Laflamme,Engaging,Lost,2017-12-02,4
ST-014764,JVF7HZMV,Zane Levy,Prospecting,Engaging,2017-11-28,5
ST-014765,RCDG00F7,Zane Levy,Prospecting,Engaging,2017-11-28,27
ST-014766,RCDG00F7,Zane Levy,Engaging,Won,2017-12-04,6
ST-014767,XAKK81WB,Elease Gluck,Prospecting,Engaging,2017-11-29,4
ST-014768,XAKK81WB,Elease Gluck,Engaging,Won,2017-12-18,19
ST-014769,B6CHA7CX,Hayden Neloms,Prospecting,Engaging,2017-11-29,27
ST-014770,B6CHA7CX,Hayden Neloms,Engaging,Won,2017-12-14,15
ST-014771,V263VR1Y,Hayden Neloms,Prospecting,Engaging,2017-11-29,13
ST-014772,V263VR1Y,Hayden Neloms,Engaging,Won,2017-12-14,15
ST-014773,A2PTJA6G,Reed Clapper,Prospecting,Engaging,2017-11-29,14
ST-014774,A2PTJA6G,Reed Clapper,Engaging,Won,2017-12-08,9
ST-014775,GQDS81G1,Corliss Cosme,Prospecting,Engaging,2017-11-30,29
ST-014776,GUDTJY0I,Darcel Schlecht,Prospecting,Engaging,2017-11-30,16
ST-014777,GUDTJY0I,Darcel Schlecht,Engaging,Lost,2017-12-14,14
ST-014778,MDK5NQJA,Donn Cantrell,Prospecting,Engaging,2017-11-30,16
ST-014779,MDK5NQJA,Donn Cantrell,Engaging,Won,2017-12-14,14
ST-014780,GB1K3Y4Y,Garret Kinder,Prospecting,Engaging,2017-11-30,30
ST-014781,GB1K3Y4Y,Garret Kinder,Engaging,Won,2017-12-15,15
ST-014782,KKOU11ZD,Kary Hendrixson,Prospecting,Engaging,2017-11-30,6
ST-014783,KKOU11ZD,Kary Hendrixson,Engaging,Won,2017-12-14,14
ST-014784,KHZ3IOKH,Lajuana Vencill,Prospecting,Engaging,2017-11-30,30
ST-014785,KHZ3IOKH,Lajuana Vencill,Engaging,Won,2017-12-29,29
ST-014786,Q34UWP01,Wilburn Farren,Prospecting,Engaging,2017-11-30,27
ST-014787,Q34UWP01,Wilburn Farren,Engaging,Won,2017-12-19,19
ST-014788,X70BM5FO,Anna Snelling,Prospecting,Engaging,2017-12-01,10
ST-014789,X70BM5FO,Anna Snelling,Engaging,Won,2017-12-22,21
ST-014790,NCF02FA5,Elease Gluck,Prospecting,Engaging,2017-12-01,26
ST-014791,NCF02FA5,Elease Gluck,Engaging,Won,2017-12-15,14
ST-014792,LC93MVYP,Kami Bicknell,Prospecting,Engaging,2017-12-01,23
ST-014793,XF54BYUH,Moses Frase,Prospecting,Engaging,2017-12-01,30
ST-014794,XF54BYUH,Moses Frase,Engaging,Won,2017-12-09,8
ST-014795,23ZL97PN,Donn Cantrell,Prospecting,Engaging,2017-12-02,22
ST-014796,23ZL97PN,Donn Cantrell,Engaging,Lost,2017-12-12,10
ST-014797,PVZ4YGQG,Donn Cantrell,Prospecting,Engaging,2017-12-02,3
ST-014798,PVZ4YGQG,Donn Cantrell,Engaging,Lost,2017-12-11,9
ST-014799,7L89U5DU,Hayden Neloms,Prospecting,Engaging,2017-12-02,23
ST-014800,7L89U5DU,Hayden Neloms,Engaging,Won,2017-12-20,18
ST-014801,KNN6C4O3,Kami Bicknell,Prospecting,Engaging,2017-12-02,27
ST-014802,KNN6C4O3,Kami Bicknell,Engaging,Won,2017-12-15,13
ST-014803,CXAEFADQ,Kary Hendrixson,Prospecting,Engaging,2017-12-02,23
ST-014804,CXAEFADQ,Kary Hendrixson,Engaging,Won,2017-12-20,18
ST-014805,G6433A35,James Ascencio,Prospecting,Engaging,2017-12-03,15
ST-014806,G6433A35,James Ascencio,Engaging,Won,2017-12-10,7
ST-014807,1WVEAE8N,Jonathan Berthelot,Prospecting,Engaging,2017-12-03,4
ST-014808,1WVEAE8N,Jonathan Berthelot,Engaging,Lost,2017-12-20,17
ST-014809,TJJFAU52,Rosie Papadopoulos,Prospecting,Engaging,2017-12-03,12
ST-014810,TJJFAU52,Rosie Papadopoulos,Engaging,Won,2017-12-24,21
ST-014811,JCJ5PJDH,Anna Snelling,Prospecting,Engaging,2017-12-04,19
ST-014812,JCJ5PJDH,Anna Snelling,Engaging,Won,2017-12-13,9
ST-014813,0RH9W4E2,Gladys Colclough,Prospecting,Engaging,2017-12-04,4
ST-014814,0RH9W4E2,Gladys Colclough,Engaging,Lost,2017-12-24,20
ST-014815,MG3ZJ8F3,Gladys Colclough,Prospecting,Engaging,2017-12-04,13
ST-014816,MG3ZJ8F3,Gladys Colclough,Engaging,Won,2017-12-11,7
ST-014817,R892OD1B,Versie Hillebrand,Prospecting,Engaging,2017-12-04,20
ST-014818,R892OD1B,Versie Hillebrand,Engaging,Won,2017-12-08,4
ST-014819,SZ09YDEF,Zane Levy,Prospecting,Engaging,2017-12-04,21
ST-014820,SZ09YDEF,Zane Levy,Engaging,Lost,2017-12-20,16
ST-014821,9WUYZLBE,Zane Levy,Prospecting,Engaging,2017-12-04,7
ST-014822,9WUYZLBE,Zane Levy,Engaging,Won,2017-12-15,11
ST-014823,RV7ERUUT,Boris Faz,Prospecting,Engaging,2017-12-05,13
ST-014824,RV7ERUUT,Boris Faz,Engaging,Won,2017-12-07,2
ST-014825,EY0JZ32S,Corliss Cosme,Prospecting,Engaging,2017-12-05,19
ST-014826,EY0JZ32S,Corliss Cosme,Engaging,Lost,2017-12-27,22
ST-014827,CEYW89RW,Kary Hendrixson,Prospecting,Engaging,2017-12-05,25
ST-014828,CEYW89RW,Kary Hendrixson,Engaging,Lost,2017-12-25,20
ST-014829,MBBBOMEV,Markita Hansen,Prospecting,Engaging,2017-12-05,10
ST-014830,MBBBOMEV,Markita Hansen,Engaging,Lost,2017-12-19,14
ST-014831,I6FIZ2S5,Niesha Huffines,Prospecting,Engaging,2017-12-05,7
ST-014832,I6FIZ2S5,Niesha Huffines,Engaging,Won,2017-12-19,14
ST-014833,07GUKIG3,Violet Mclelland,Prospecting,Engaging,2017-12-05,4
ST-014834,7EYDG0CV,Anna Snelling,Prospecting,Engaging,2017-12-06,24
ST-014835,7EYDG0CV,Anna Snelling,Engaging,Won,2017-12-14,8
ST-014836,UFAABKQJ,Cecily Lampkin,Prospecting,Engaging,2017-12-06,26
ST-014837,UFAABKQJ,Cecily Lampkin,Engaging,Won,2017-12-12,6
ST-014838,7ZU2A8L1,Donn Cantrell,Prospecting,Engaging,2017-12-06,15
ST-014839,7ZU2A8L1,Donn Cantrell,Engaging,Won,2017-12-23,17
ST-014840,O1HKZ4ZF,Donn Cantrell,Prospecting,Engaging,2017-12-06,17
ST-014841,O1HKZ4ZF,Donn Cantrell,Engaging,Won,2017-12-30,24
ST-014842,8VO26H1R,Kary Hendrixson,Prospecting,Engaging,2017-12-06,27
ST-014843,8VO26H1R,Kary Hendrixson,Engaging,Lost,2017-12-22,16
ST-014844,A2OLLGWZ,Versie Hillebrand,Prospecting,Engaging,2017-12-06,22
ST-014845,A2OLLGWZ,Versie Hillebrand,Engaging,Won,2017-12-14,8
ST-014846,WKIRY6KE,Kary Hendrixson,Prospecting,Engaging,2017-12-07,21
ST-014847,WKIRY6KE,Kary Hendrixson,Engaging,Won,2017-12-18,11
ST-014848,EJYFAV40,Marty Freudenburg,Prospecting,Engaging,2017-12-07,19
ST-014849,EJYFAV40,Marty Freudenburg,Engaging,Won,2017-12-28,21
ST-014850,8A1EB728,Rosalina Dieter,Prospecting,Engaging,2017-12-07,5
ST-014851,8A1EB728,Rosalina Dieter,Engaging,Won,2017-12-16,9
ST-014852,RS31U03Y,Zane Levy,Prospecting,Engaging,2017-12-07,10
ST-014853,2KWQ6RAZ,Anna Snelling,Prospecting,Engaging,2017-12-08,16
ST-014854,2KWQ6RAZ,Anna Snelling,Engaging,Won,2017-12-18,10
ST-014855,823X29EZ,Donn Cantrell,Prospecting,Engaging,2017-12-08,12
ST-014856,823X29EZ,Donn Cantrell,Engaging,Lost,2017-12-22,14
ST-014857,VL8YNHD7,Kary Hendrixson,Prospecting,Engaging,2017-12-08,28
ST-014858,YY4VFPND,Kary Hendrixson,Prospecting,Engaging,2017-12-08,15
ST-014859,YY4VFPND,Kary Hendrixson,Engaging,Won,2017-12-29,21
ST-014860,RYLBEZ4N,Violet Mclelland,Prospecting,Engaging,2017-12-08,7
ST-014861,RYLBEZ4N,Violet Mclelland,Engaging,Won,2017-12-18,10
ST-014862,Y4UIUIEG,Cecily Lampkin,Prospecting,Engaging,2017-12-09,7
ST-014863,Y4UIUIEG,Cecily Lampkin,Engaging,Won,2017-12-24,15
ST-014864,1HG8VLHU,Cecily Lampkin,Prospecting,Engaging,2017-12-09,13
ST-014865,1HG8VLHU,Cecily Lampkin,Engaging,Won,2017-12-16,7
ST-014866,0OJE7J6C,Corliss Cosme,Prospecting,Engaging,2017-12-09,5
ST-014867,0OJE7J6C,Corliss Cosme,Engaging,Won,2017-12-17,8
ST-014868,OCVCCWPQ,Gladys Colclough,Prospecting,Engaging,2017-12-09,18
ST-014869,OCVCCWPQ,Gladys Colclough,Engaging,Won,2017-12-24,15
ST-014870,S2KBTW2O,James Ascencio,Prospecting,Engaging,2017-12-09,21
ST-014871,S2KBTW2O,James Ascencio,Engaging,Won,2017-12-23,14
ST-014872,QJ9H7Y8W,Kami Bicknell,Prospecting,Engaging,2017-12-09,26
ST-014873,QJ9H7Y8W,Kami Bicknell,Engaging,Won,2017-12-18,9
ST-014874,FNA51WN6,Kary Hendrixson,Prospecting,Engaging,2017-12-09,4
ST-014875,FNA51WN6,Kary Hendrixson,Engaging,Won,2017-12-27,18
ST-014876,921APYA3,Markita Hansen,Prospecting,Engaging,2017-12-09,20
ST-014877,921APYA3,Markita Hansen,Engaging,Won,2017-12-25,16
ST-014878,GMY4U7RD,Maureen Marcano,Prospecting,Engaging,2017-12-09,15
ST-014879,CPC83NKN,Niesha Huffines,Prospecting,Engaging,2017-12-09,11
ST-014880,CPC83NKN,Niesha Huffines,Engaging,Won,2017-12-24,15
ST-014881,TBS5Y874,Reed Clapper,Prospecting,Engaging,2017-12-09,5
ST-014882,TBS5Y874,Reed Clapper,Engaging,Won,2017-12-17,8
ST-014883,6JZ0HCSF,Rosie Papadopoulos,Prospecting,Engaging,2017-12-09,15
ST-014884,6JZ0HCSF,Rosie Papadopoulos,Engaging,Lost,2017-12-29,20
ST-014885,JRSU8ALH,Anna Snelling,Prospecting,Engaging,2017-12-10,19
ST-014886,JRSU8ALH,Anna Snelling,Engaging,Lost,2017-12-19,9
ST-014887,7GXUCFW5,Darcel Schlecht,Prospecting,Engaging,2017-12-10,16
ST-014888,7GXUCFW5,Darcel Schlecht,Engaging,Won,2017-12-17,7
ST-014889,E66UG7VC,Maureen Marcano,Prospecting,Engaging,2017-12-10,27
ST-014890,E66UG7VC,Maureen Marcano,Engaging,Won,2017-12-25,15
ST-014891,7IAHPFT9,Vicki Laflamme,Prospecting,Engaging,2017-12-10,25
ST-014892,7IAHPFT9,Vicki Laflamme,Engaging,Won,2017-12-18,8
ST-014893,FZWU2I30,Zane Levy,Prospecting,Engaging,2017-12-10,7
ST-014894,04AOWMXV,Anna Snelling,Prospecting,Engaging,2017-12-11,27
ST-014895,04AOWMXV,Anna Snelling,Engaging,Won,2017-12-28,17
ST-014896,XZ9YR78K,Gladys Colclough,Prospecting,Engaging,2017-12-11,7
ST-014897,XZ9YR78K,Gladys Colclough,Engaging,Won,2017-12-18,7
ST-014898,WZKN6PO4,Markita Hansen,Prospecting,Engaging,2017-12-11,18
ST-014899,WZKN6PO4,Markita Hansen,Engaging,Won,2017-12-21,10
ST-014900,WQSUMJRZ,Versie Hillebrand,Prospecting,Engaging,2017-12-11,20
ST-014901,WQSUMJRZ,Versie Hillebrand,Engaging,Won,2017-12-18,7
ST-014902,1RIO9PCD,Vicki Laflamme,Prospecting,Engaging,2017-12-11,9
ST-014903,1RIO9PCD,Vicki Laflamme,Engaging,Won,2017-12-29,18
ST-014904,TQV7CO87,Jonathan Berthelot,Prospecting,Engaging,2017-12-12,18
ST-014905,TQV7CO87,Jonathan Berthelot,Engaging,Won,2017-12-18,6
ST-014906,3FJPGYD7,Kami Bicknell,Prospecting,Engaging,2017-12-12,15
ST-014907,3FJPGYD7,Kami Bicknell,Engaging,Lost,2017-12-29,17
ST-014908,9AQFU718,Lajuana Vencill,Prospecting,Engaging,2017-12-12,23
ST-014909,9AQFU718,Lajuana Vencill,Engaging,Lost,2017-12-15,3
ST-014910,AUJE7IZR,Maureen Marcano,Prospecting,Engaging,2017-12-12,21
ST-014911,AUJE7IZR,Maureen Marcano,Engaging,Won,2017-12-26,14
ST-014912,LE3XYXEF,Reed Clapper,Prospecting,Engaging,2017-12-12,9
ST-014913,LE3XYXEF,Reed Clapper,Engaging,Lost,2017-12-25,13
ST-014914,PM2BF2KB,Cassey Cress,Prospecting,Engaging,2017-12-13,20
ST-014915,IQR162ZT,Elease Gluck,Prospecting,Engaging,2017-12-13,22
ST-014916,TVU1PQEL,Jonathan Berthelot,Prospecting,Engaging,2017-12-13,26
ST-014917,TVU1PQEL,Jonathan Berthelot,Engaging,Won,2017-12-28,15
ST-014918,3RGNKYWW,Kary Hendrixson,Prospecting,Engaging,2017-12-13,19
ST-014919,3RGNKYWW,Kary Hendrixson,Engaging,Won,2017-12-26,13
ST-014920,K9KGXL2E,Markita Hansen,Prospecting,Engaging,2017-12-13,10
ST-014921,HNCSYU4T,Markita Hansen,Prospecting,Engaging,2017-12-13,10
ST-014922,HNCSYU4T,Markita Hansen,Engaging,Won,2017-12-27,14
ST-014923,1PXQZ40I,Versie Hillebrand,Prospecting,Engaging,2017-12-13,5
ST-014924,1PXQZ40I,Versie Hillebrand,Engaging,Won,2017-12-27,14
ST-014925,FYAVINLC,Vicki Laflamme,Prospecting,Engaging,2017-12-13,11
ST-014926,FYAVINLC,Vicki Laflamme,Engaging,Won,2017-12-17,4
ST-014927,60JGDDRO,Darcel Schlecht,Prospecting,Engaging,2017-12-14,27
ST-014928,60JGDDRO,Darcel Schlecht,Engaging,Won,2017-12-19,5
ST-014929,R4BO7K5M,Kary Hendrixson,Prospecting,Engaging,2017-12-14,16
ST-014930,R4BO7K5M,Kary Hendrixson,Engaging,Lost,2017-12-29,15
ST-014931,X4XN0M8A,Kary Hendrixson,Prospecting,Engaging,2017-12-14,13
ST-014932,X4XN0M8A,Kary Hendrixson,Engaging,Won,2017-12-30,16
ST-014933,M4MAVN65,Vicki Laflamme,Prospecting,Engaging,2017-12-14,24
ST-014934,M4MAVN65,Vicki Laflamme,Engaging,Lost,2017-12-22,8
ST-014935,USJ0JACE,Violet Mclelland,Prospecting,Engaging,2017-12-14,21
ST-014936,USJ0JACE,Violet Mclelland,Engaging,Won,2017-12-16,2
ST-014937,2SMQAWOA,Boris Faz,Prospecting,Engaging,2017-12-15,5
ST-014938,2SMQAWOA,Boris Faz,Engaging,Won,2017-12-30,15
ST-014939,TOJ902PF,Daniell Hammack,Prospecting,Engaging,2017-12-15,6
ST-014940,JAYXM4QB,Maureen Marcano,Prospecting,Engaging,2017-12-15,24
ST-014941,JAYXM4QB,Maureen Marcano,Engaging,Won,2017-12-19,4
ST-014942,NW5CPPIV,Versie Hillebrand,Prospecting,Engaging,2017-12-15,16
ST-014943,NW5CPPIV,Versie Hillebrand,Engaging,Lost,2017-12-26,11
ST-014944,J5BCAQ1Z,Zane Levy,Prospecting,Engaging,2017-12-15,16
ST-014945,8LFA54EQ,Rosalina Dieter,Prospecting,Engaging,2017-12-16,14
ST-014946,8LFA54EQ,Rosalina Dieter,Engaging,Lost,2017-12-21,5
ST-014947,19MLD9YF,Rosalina Dieter,Prospecting,Engaging,2017-12-16,14
ST-014948,19MLD9YF,Rosalina Dieter,Engaging,Won,2017-12-24,8
ST-014949,PLQ50D2O,Anna Snelling,Prospecting,Engaging,2017-12-17,9
ST-014950,PLQ50D2O,Anna Snelling,Engaging,Won,2017-12-26,9
ST-014951,3VPQNW5Y,James Ascencio,Prospecting,Engaging,2017-12-17,13
ST-014952,3VPQNW5Y,James Ascencio,Engaging,Won,2017-12-31,14
ST-014953,RTWE19SU,Kary Hendrixson,Prospecting,Engaging,2017-12-17,14
ST-014954,FXYOCA0G,Markita Hansen,Prospecting,Engaging,2017-12-17,22
ST-014955,FXYOCA0G,Markita Hansen,Engaging,Won,2017-12-28,11
ST-014956,SK30SEKS,Rosalina Dieter,Prospecting,Engaging,2017-12-17,23
ST-014957,SK30SEKS,Rosalina Dieter,Engaging,Won,2017-12-25,8
ST-014958,Q30OVFCZ,Vicki Laflamme,Prospecting,Engaging,2017-12-17,3
ST-014959,Q30OVFCZ,Vicki Laflamme,Engaging,Lost,2017-12-31,14
ST-014960,T6MPH7JC,Violet Mclelland,Prospecting,Engaging,2017-12-17,27
ST-014961,T1GPPZXH,Violet Mclelland,Prospecting,Engaging,2017-12-17,12
ST-014962,T1GPPZXH,Violet Mclelland,Engaging,Won,2017-12-24,7
ST-014963,WL31FAI3,Zane Levy,Prospecting,Engaging,2017-12-17,8
ST-014964,WL31FAI3,Zane Levy,Engaging,Won,2017-12-26,9
ST-014965,6SNUFVQP,Anna Snelling,Prospecting,Engaging,2017-12-18,14
ST-014966,6SNUFVQP,Anna Snelling,Engaging,Won,2017-12-31,13
ST-014967,5U83YWZB,Elease Gluck,Prospecting,Engaging,2017-12-18,22
ST-014968,5U83YWZB,Elease Gluck,Engaging,Won,2017-12-26,8
ST-014969,ZFXYBJEY,Wilburn Farren,Prospecting,Engaging,2017-12-18,29
ST-014970,ZFXYBJEY,Wilburn Farren,Engaging,Won,2017-12-24,6
ST-014971,NGTVHTFH,Boris Faz,Prospecting,Engaging,2017-12-19,28
ST-014972,OHAARANW,Darcel Schlecht,Prospecting,Engaging,2017-12-19,17
ST-014973,OHAARANW,Darcel Schlecht,Engaging,Lost,2017-12-30,11
ST-014974,6GBGF19R,Rosie Papadopoulos,Prospecting,Engaging,2017-12-19,22
ST-014975,6GBGF19R,Rosie Papadopoulos,Engaging,Won,2017-12-30,11
ST-014976,5XADPM6R,Versie Hillebrand,Prospecting,Engaging,2017-12-19,7
ST-014977,5XADPM6R,Versie Hillebrand,Engaging,Won,2017-12-28,9
ST-014978,YZX90X8X,Wilburn Farren,Prospecting,Engaging,2017-12-19,17
ST-014979,YZX90X8X,Wilburn Farren,Engaging,Won,2017-12-28,9
ST-014980,CNL7PCYU,Donn Cantrell,Prospecting,Engaging,2017-12-20,4
ST-014981,CNL7PCYU,Donn Cantrell,Engaging,Lost,2017-12-28,8
ST-014982,HB740BLB,Hayden Neloms,Prospecting,Engaging,2017-12-20,29
ST-014983,9M88QXFW,Rosie Papadopoulos,Prospecting,Engaging,2017-12-20,10
ST-014984,9M88QXFW,Rosie Papadopoulos,Engaging,Won,2017-12-29,9
ST-014985,HCQK8NQ8,Wilburn Farren,Prospecting,Engaging,2017-12-20,9
ST-014986,RDHTQLNI,Cassey Cress,Prospecting,Engaging,2017-12-21,24
ST-014987,B50N6RL3,Gladys Colclough,Prospecting,Engaging,2017-12-21,14
ST-014988,B50N6RL3,Gladys Colclough,Engaging,Won,2017-12-30,9
ST-014989,HLXSEMXV,Kami Bicknell,Prospecting,Engaging,2017-12-21,7
ST-014990,HLXSEMXV,Kami Bicknell,Engaging,Won,2017-12-28,7
ST-014991,MPMG4JTY,Vicki Laflamme,Prospecting,Engaging,2017-12-21,27
ST-014992,MPMG4JTY,Vicki Laflamme,Engaging,Won,2017-12-28,7
ST-014993,DB801ISB,Elease Gluck,Prospecting,Engaging,2017-12-22,26
ST-014994,8QJHJXY0,Kary Hendrixson,Prospecting,Engaging,2017-12-22,30
ST-014995,8QJHJXY0,Kary Hendrixson,Engaging,Lost,2017-12-31,9
ST-014996,MSN4ZNU6,Violet Mclelland,Prospecting,Engaging,2017-12-22,5
ST-014997,MSN4ZNU6,Violet Mclelland,Engaging,Won,2017-12-28,6
ST-014998,3MXS2HRE,Cassey Cress,Prospecting,Engaging,2017-12-23,6
ST-014999,3MXS2HRE,Cassey Cress,Engaging,Won,2017-12-31,8
ST-015000,1YBATFAY,James Ascencio,Prospecting,Engaging,2017-12-24,26
ST-015001,1YBATFAY,James Ascencio,Engaging,Won,2017-12-26,2
ST-015002,2EBLR9N8,Lajuana Vencill,Prospecting,Engaging,2017-12-24,4
ST-015003,2EBLR9N8,Lajuana Vencill,Engaging,Won,2017-12-26,2
ST-015004,VDGA4KXA,Violet Mclelland,Prospecting,Engaging,2017-12-24,10
ST-015005,VDGA4KXA,Violet Mclelland,Engaging,Won,2017-12-30,6
ST-015006,6WCNNK5J,Maureen Marcano,Prospecting,Engaging,2017-12-26,22
ST-015007,6WCNNK5J,Maureen Marcano,Engaging,Won,2017-12-29,3
ST-015008,YJTQSZ9D,Gladys Colclough,Prospecting,Engaging,2017-12-27,7
ST-015009,YJTQSZ9D,Gladys Colclough,Engaging,Won,2017-12-30,3
ST-015010,RB8GDYFY,Gladys Colclough,Prospecting,Engaging,2017-12-27,30
ST-015011,RB8GDYFY,Gladys Colclough,Engaging,Won,2017-12-29,2
